seed,solucion,f1_promedio_ponderado_km,f2_distancia_maxima_km,f3_numero_centros,indices_centros,centros
0,4,32.56141237266288,218.757001,3,"[11, 32, 34]","['González', 'Río Bravo', 'San Fernando']"
0,33,39.789813631059396,197.327862,3,"[11, 31, 34]","['González', 'Reynosa', 'San Fernando']"
1,71,57.082257357436454,190.624696,3,"[7, 14, 39]","['Casas', 'Gustavo Díaz Ordaz', 'Valle Hermoso']"
1,2,57.53560466761939,176.097157,3,"[14, 36, 39]","['Gustavo Díaz Ordaz', 'Soto la Marina', 'Valle Hermoso']"
2,87,57.67453030661876,186.503869,3,"[14, 39, 42]","['Gustavo Díaz Ordaz', 'Valle Hermoso', 'Xicoténcatl']"
2,52,57.96026278850363,171.210441,3,"[14, 18, 39]","['Gustavo Díaz Ordaz', 'Llera', 'Valle Hermoso']"
6,7,58.76168770819823,195.281391,3,"[10, 14, 39]","['Gómez Farías', 'Gustavo Díaz Ordaz', 'Valle Hermoso']"
0,1,59.77113611663137,166.394431,3,"[11, 14, 34]","['González', 'Gustavo Díaz Ordaz', 'San Fernando']"
0,12,70.87439659669022,159.121441,3,"[6, 11, 34]","['Camargo', 'González', 'San Fernando']"
0,8,74.24941736268339,150.277393,3,"[6, 34, 42]","['Camargo', 'San Fernando', 'Xicoténcatl']"
8,28,74.87910185082778,150.277393,3,"[6, 20, 34]","['Camargo', 'El Mante', 'San Fernando']"
0,59,81.97187386326387,146.150389,3,"[6, 22, 42]","['Camargo', 'Méndez', 'Xicoténcatl']"
15,48,82.8264985407979,146.150389,3,"[6, 20, 22]","['Camargo', 'El Mante', 'Méndez']"
1,52,84.47657755858837,146.150389,3,"[6, 9, 42]","['Camargo', 'Cruillas', 'Xicoténcatl']"
8,68,84.95285150276226,146.150389,3,"[6, 9, 20]","['Camargo', 'Cruillas', 'El Mante']"
0,69,88.64983778054405,141.396971,3,"[22, 24, 42]","['Méndez', 'Miguel Alemán', 'Xicoténcatl']"
0,72,89.5044624580781,138.045942,3,"[20, 22, 24]","['El Mante', 'Méndez', 'Miguel Alemán']"
21,80,89.55298255870115,141.481494,3,"[10, 22, 24]","['Gómez Farías', 'Méndez', 'Miguel Alemán']"
9,13,91.08426081306922,141.396971,3,"[22, 23, 42]","['Méndez', 'Mier', 'Xicoténcatl']"
12,55,91.93888549060327,138.045942,3,"[20, 22, 23]","['El Mante', 'Méndez', 'Mier']"
7,6,93.00190496237765,141.396971,3,"[13, 22, 42]","['Guerrero', 'Méndez', 'Xicoténcatl']"
11,97,93.85652963991171,138.045942,3,"[13, 20, 22]","['Guerrero', 'El Mante', 'Méndez']"
0,5,20.487328985594157,218.757001,4,"[11, 21, 32, 34]","['González', 'Matamoros', 'Río Bravo', 'San Fernando']"
0,2,21.42255192661401,197.327862,4,"[11, 21, 31, 34]","['González', 'Matamoros', 'Reynosa', 'San Fernando']"
0,13,31.4838538804033,166.394431,4,"[11, 14, 21, 34]","['González', 'Gustavo Díaz Ordaz', 'Matamoros', 'San Fernando']"
0,14,31.583347927618853,159.121441,4,"[6, 11, 32, 34]","['Camargo', 'González', 'Río Bravo', 'San Fernando']"
0,15,34.95836869361204,150.277393,4,"[6, 32, 34, 42]","['Camargo', 'Río Bravo', 'San Fernando', 'Xicoténcatl']"
8,27,35.58805318175641,150.277393,4,"[6, 20, 32, 34]","['Camargo', 'El Mante', 'Río Bravo', 'San Fernando']"
1,56,40.70456625103741,146.150389,4,"[6, 9, 32, 42]","['Camargo', 'Cruillas', 'Río Bravo', 'Xicoténcatl']"
4,63,40.948151237884005,141.396971,4,"[9, 24, 32, 42]","['Cruillas', 'Miguel Alemán', 'Río Bravo', 'Xicoténcatl']"
1,54,41.130656912453624,141.396971,4,"[9, 23, 32, 42]","['Cruillas', 'Mier', 'Río Bravo', 'Xicoténcatl']"
8,61,41.18084019521129,146.150389,4,"[6, 9, 20, 32]","['Camargo', 'Cruillas', 'El Mante', 'Río Bravo']"
6,29,41.26358933172761,141.396971,4,"[9, 13, 32, 42]","['Cruillas', 'Guerrero', 'Río Bravo', 'Xicoténcatl']"
7,19,41.39421080762435,146.150389,4,"[6, 9, 10, 32]","['Camargo', 'Cruillas', 'Gómez Farías', 'Río Bravo']"
10,18,41.42442518205788,129.804564,4,"[9, 20, 24, 32]","['Cruillas', 'El Mante', 'Miguel Alemán', 'Río Bravo']"
0,81,41.47897858696889,146.150389,4,"[6, 22, 32, 42]","['Camargo', 'Méndez', 'Río Bravo', 'Xicoténcatl']"
3,69,41.60693085662751,129.044191,4,"[9, 20, 23, 32]","['Cruillas', 'El Mante', 'Mier', 'Río Bravo']"
0,74,41.72256357381549,141.396971,4,"[22, 24, 32, 42]","['Méndez', 'Miguel Alemán', 'Río Bravo', 'Xicoténcatl']"
6,28,41.739863275901484,129.044191,4,"[9, 13, 20, 32]","['Cruillas', 'Guerrero', 'El Mante', 'Río Bravo']"
15,82,41.905069248385125,141.396971,4,"[22, 23, 32, 42]","['Méndez', 'Mier', 'Río Bravo', 'Xicoténcatl']"
24,54,42.15890464025531,129.044191,4,"[9, 20, 26, 32]","['Cruillas', 'El Mante', 'Nuevo Laredo', 'Río Bravo']"
0,77,42.577188251349526,138.045942,4,"[20, 22, 24, 32]","['El Mante', 'Méndez', 'Miguel Alemán', 'Río Bravo']"
15,70,42.759693925919166,138.045942,4,"[20, 22, 23, 32]","['El Mante', 'Méndez', 'Mier', 'Río Bravo']"
13,40,42.80440606012749,132.984931,4,"[3, 9, 24, 32]","['Antiguo Morelos', 'Cruillas', 'Miguel Alemán', 'Río Bravo']"
18,34,42.892626345193136,138.045942,4,"[13, 20, 22, 32]","['Guerrero', 'El Mante', 'Méndez', 'Río Bravo']"
5,44,45.19908356988156,141.396971,4,"[4, 24, 32, 42]","['Burgos', 'Miguel Alemán', 'Río Bravo', 'Xicoténcatl']"
21,44,47.29301522386698,129.804564,4,"[20, 24, 32, 35]","['El Mante', 'Miguel Alemán', 'Río Bravo', 'San Nicolás']"
0,63,47.47552089843661,129.044191,4,"[20, 23, 32, 35]","['El Mante', 'Mier', 'Río Bravo', 'San Nicolás']"
21,76,48.027494682064415,129.044191,4,"[20, 26, 32, 35]","['El Mante', 'Nuevo Laredo', 'Río Bravo', 'San Nicolás']"
15,55,50.57806318396204,129.044191,4,"[20, 23, 32, 33]","['El Mante', 'Mier', 'Río Bravo', 'San Carlos']"
25,59,51.13003696758984,129.044191,4,"[20, 26, 32, 33]","['El Mante', 'Nuevo Laredo', 'Río Bravo', 'San Carlos']"
4,64,52.9319862859672,133.161241,4,"[11, 24, 29, 32]","['González', 'Miguel Alemán', 'Padilla', 'Río Bravo']"
1,74,53.114491960536824,133.161241,4,"[11, 23, 29, 32]","['González', 'Mier', 'Padilla', 'Río Bravo']"
1,65,53.36517065740027,129.804564,4,"[7, 11, 24, 39]","['Casas', 'González', 'Miguel Alemán', 'Valle Hermoso']"
0,60,53.56391419730214,128.460678,4,"[7, 11, 23, 39]","['Casas', 'González', 'Mier', 'Valle Hermoso']"
2,39,53.78673318970865,128.460678,4,"[7, 11, 13, 39]","['Casas', 'González', 'Guerrero', 'Valle Hermoso']"
8,57,54.08537284344458,129.804564,4,"[11, 12, 24, 39]","['González', 'Güémez', 'Miguel Alemán', 'Valle Hermoso']"
20,20,54.10531395737595,135.251233,4,"[7, 11, 24, 32]","['Casas', 'González', 'Miguel Alemán', 'Río Bravo']"
1,35,54.28411638334645,125.23272,4,"[11, 12, 23, 39]","['González', 'Güémez', 'Mier', 'Valle Hermoso']"
5,76,54.50693537575296,125.23272,4,"[11, 12, 13, 39]","['González', 'Güémez', 'Guerrero', 'Valle Hermoso']"
23,1,54.615260311530626,132.960606,4,"[2, 7, 13, 39]","['Altamira', 'Casas', 'Guerrero', 'Valle Hermoso']"
20,61,54.72862869953086,129.804564,4,"[7, 11, 26, 39]","['Casas', 'González', 'Nuevo Laredo', 'Valle Hermoso']"
6,14,54.79154178538814,125.238462,4,"[1, 12, 13, 39]","['Aldama', 'Güémez', 'Guerrero', 'Valle Hermoso']"
4,43,54.81153305719145,129.804564,4,"[11, 12, 24, 32]","['González', 'Güémez', 'Miguel Alemán', 'Río Bravo']"
0,97,54.98160757845466,127.953689,4,"[11, 23, 39, 40]","['González', 'Mier', 'Valle Hermoso', 'Victoria']"
0,36,54.99403873176108,126.101423,4,"[11, 12, 23, 32]","['González', 'Güémez', 'Mier', 'Río Bravo']"
2,50,55.12697115103506,126.101423,4,"[11, 12, 13, 32]","['González', 'Güémez', 'Guerrero', 'Río Bravo']"
0,3,16.62166718898823,218.757001,5,"[11, 21, 32, 34, 39]","['González', 'Matamoros', 'Río Bravo', 'San Fernando', 'Valle Hermoso']"
0,23,17.352438277929657,197.327862,5,"[11, 21, 31, 32, 34]","['González', 'Matamoros', 'Reynosa', 'Río Bravo', 'San Fernando']"
0,9,19.509264540550127,159.121441,5,"[6, 11, 21, 32, 34]","['Camargo', 'González', 'Matamoros', 'Río Bravo', 'San Fernando']"
0,6,22.884285306543312,150.277393,5,"[6, 21, 32, 34, 42]","['Camargo', 'Matamoros', 'Río Bravo', 'San Fernando', 'Xicoténcatl']"
0,22,27.742051979345796,146.150389,5,"[6, 7, 11, 32, 34]","['Camargo', 'Casas', 'González', 'Río Bravo', 'San Fernando']"
0,82,27.985636966192395,129.804564,5,"[7, 11, 24, 32, 34]","['Casas', 'González', 'Miguel Alemán', 'Río Bravo', 'San Fernando']"
0,24,28.168142640762028,128.460678,5,"[7, 11, 23, 32, 34]","['Casas', 'González', 'Mier', 'Río Bravo', 'San Fernando']"
2,8,28.301075060036,128.460678,5,"[7, 11, 13, 32, 34]","['Casas', 'González', 'Guerrero', 'Río Bravo', 'San Fernando']"
4,72,28.515421858926004,146.150389,5,"[6, 11, 29, 32, 34]","['Camargo', 'González', 'Padilla', 'Río Bravo', 'San Fernando']"
4,57,28.759006845772596,133.161241,5,"[11, 24, 29, 32, 34]","['González', 'Miguel Alemán', 'Padilla', 'Río Bravo', 'San Fernando']"
4,53,28.839404566311316,129.804564,5,"[11, 12, 24, 32, 34]","['González', 'Güémez', 'Miguel Alemán', 'Río Bravo', 'San Fernando']"
0,38,29.02191024088095,125.23272,5,"[11, 12, 23, 32, 34]","['González', 'Güémez', 'Mier', 'Río Bravo', 'San Fernando']"
2,44,29.154842660154923,125.23272,5,"[11, 12, 13, 32, 34]","['González', 'Güémez', 'Guerrero', 'Río Bravo', 'San Fernando']"
0,29,29.569392829720854,122.698237,5,"[11, 23, 32, 34, 40]","['González', 'Mier', 'Río Bravo', 'San Fernando', 'Victoria']"
0,18,29.702325248994832,106.008269,5,"[11, 13, 32, 34, 40]","['González', 'Guerrero', 'Río Bravo', 'San Fernando', 'Victoria']"
15,34,30.121366613348652,116.83644,5,"[11, 26, 32, 34, 40]","['González', 'Nuevo Laredo', 'Río Bravo', 'San Fernando', 'Victoria']"
25,73,31.49807074523642,122.698237,5,"[11, 23, 25, 32, 34]","['González', 'Mier', 'Miquihuana', 'Río Bravo', 'San Fernando']"
26,14,31.631003164510393,110.47534,5,"[11, 13, 25, 32, 34]","['González', 'Guerrero', 'Miquihuana', 'Río Bravo', 'San Fernando']"
25,30,32.05004452886421,116.83644,5,"[11, 25, 26, 32, 34]","['González', 'Miquihuana', 'Nuevo Laredo', 'Río Bravo', 'San Fernando']"
26,81,34.60661363547022,106.008269,5,"[11, 13, 34, 39, 40]","['González', 'Guerrero', 'San Fernando', 'Valle Hermoso', 'Victoria']"
13,82,35.81337292303365,122.698237,5,"[9, 11, 18, 23, 32]","['Cruillas', 'González', 'Llera', 'Mier', 'Río Bravo']"
10,34,35.94630534230762,111.114446,5,"[9, 11, 13, 18, 32]","['Cruillas', 'González', 'Guerrero', 'Llera', 'Río Bravo']"
13,60,36.36534670666145,116.83644,5,"[9, 11, 18, 26, 32]","['Cruillas', 'González', 'Llera', 'Nuevo Laredo', 'Río Bravo']"
6,44,36.54629476764596,122.698237,5,"[1, 18, 22, 23, 32]","['Aldama', 'Llera', 'Méndez', 'Mier', 'Río Bravo']"
6,94,36.5492444427198,120.713771,5,"[11, 13, 18, 22, 32]","['González', 'Guerrero', 'Llera', 'Méndez', 'Río Bravo']"
6,22,36.90084873904662,111.114446,5,"[9, 11, 13, 32, 42]","['Cruillas', 'González', 'Guerrero', 'Río Bravo', 'Xicoténcatl']"
15,59,37.349767871745165,106.008269,5,"[11, 26, 31, 34, 40]","['González', 'Nuevo Laredo', 'Reynosa', 'San Fernando', 'Victoria']"
25,24,39.27844578726073,110.47534,5,"[11, 25, 26, 31, 34]","['González', 'Miquihuana', 'Nuevo Laredo', 'Reynosa', 'San Fernando']"
10,82,40.17221088370424,106.008269,5,"[4, 11, 13, 18, 32]","['Burgos', 'González', 'Guerrero', 'Llera', 'Río Bravo']"
6,80,42.0018804825928,106.008269,5,"[1, 13, 18, 32, 35]","['Aldama', 'Guerrero', 'Llera', 'Río Bravo', 'San Nicolás']"
13,73,43.593747965057965,111.114446,5,"[9, 11, 18, 26, 31]","['Cruillas', 'González', 'Llera', 'Nuevo Laredo', 'Reynosa']"
25,33,49.519340361142994,106.008269,5,"[11, 18, 26, 31, 35]","['González', 'Llera', 'Nuevo Laredo', 'Reynosa', 'San Nicolás']"
17,83,52.94612270698314,106.008269,5,"[11, 18, 26, 31, 33]","['González', 'Llera', 'Nuevo Laredo', 'Reynosa', 'San Carlos']"
0,16,12.780371240715173,218.757001,6,"[7, 11, 21, 32, 34, 39]","['Casas', 'González', 'Matamoros', 'Río Bravo', 'San Fernando', 'Valle Hermoso']"
4,11,13.397849044528177,218.757001,6,"[0, 11, 21, 32, 34, 39]","['Abasolo', 'González', 'Matamoros', 'Río Bravo', 'San Fernando', 'Valle Hermoso']"
0,11,13.486776481323737,197.327862,6,"[11, 21, 31, 32, 34, 39]","['González', 'Matamoros', 'Reynosa', 'Río Bravo', 'San Fernando', 'Valle Hermoso']"
0,17,15.643602743944205,159.121441,6,"[6, 11, 21, 32, 34, 39]","['Camargo', 'González', 'Matamoros', 'Río Bravo', 'San Fernando', 'Valle Hermoso']"
0,25,15.66796859227707,146.150389,6,"[6, 7, 11, 21, 32, 34]","['Camargo', 'Casas', 'González', 'Matamoros', 'Río Bravo', 'San Fernando']"
0,89,15.911553579123666,129.804564,6,"[7, 11, 21, 24, 32, 34]","['Casas', 'González', 'Matamoros', 'Miguel Alemán', 'Río Bravo', 'San Fernando']"
0,7,16.0940592536933,128.460678,6,"[7, 11, 21, 23, 32, 34]","['Casas', 'González', 'Matamoros', 'Mier', 'Río Bravo', 'San Fernando']"
2,1,16.226991672967277,128.460678,6,"[7, 11, 13, 21, 32, 34]","['Casas', 'González', 'Guerrero', 'Matamoros', 'Río Bravo', 'San Fernando']"
4,60,16.285446396090073,152.051734,6,"[0, 6, 11, 21, 32, 34]","['Abasolo', 'Camargo', 'González', 'Matamoros', 'Río Bravo', 'San Fernando']"
4,54,16.441338471857282,146.150389,6,"[6, 11, 21, 29, 32, 34]","['Camargo', 'González', 'Matamoros', 'Padilla', 'Río Bravo', 'San Fernando']"
4,69,16.684923458703878,133.161241,6,"[11, 21, 24, 29, 32, 34]","['González', 'Matamoros', 'Miguel Alemán', 'Padilla', 'Río Bravo', 'San Fernando']"
4,19,16.76532117924259,129.804564,6,"[11, 12, 21, 24, 32, 34]","['González', 'Güémez', 'Matamoros', 'Miguel Alemán', 'Río Bravo', 'San Fernando']"
0,37,16.947826853812227,125.23272,6,"[11, 12, 21, 23, 32, 34]","['González', 'Güémez', 'Matamoros', 'Mier', 'Río Bravo', 'San Fernando']"
2,45,17.080759273086198,125.23272,6,"[11, 12, 13, 21, 32, 34]","['González', 'Güémez', 'Guerrero', 'Matamoros', 'Río Bravo', 'San Fernando']"
0,26,17.49530944265213,122.698237,6,"[11, 21, 23, 32, 34, 40]","['González', 'Matamoros', 'Mier', 'Río Bravo', 'San Fernando', 'Victoria']"
0,10,17.628241861926107,106.008269,6,"[11, 13, 21, 32, 34, 40]","['González', 'Guerrero', 'Matamoros', 'Río Bravo', 'San Fernando', 'Victoria']"
15,26,18.04728322627993,116.83644,6,"[11, 21, 26, 32, 34, 40]","['González', 'Matamoros', 'Nuevo Laredo', 'Río Bravo', 'San Fernando', 'Victoria']"
15,62,18.98250616729979,106.008269,6,"[11, 21, 26, 31, 34, 40]","['González', 'Matamoros', 'Nuevo Laredo', 'Reynosa', 'San Fernando', 'Victoria']"
25,57,19.423987358167697,122.698237,6,"[11, 21, 23, 25, 32, 34]","['González', 'Matamoros', 'Mier', 'Miquihuana', 'Río Bravo', 'San Fernando']"
26,4,19.55691977744167,110.47534,6,"[11, 13, 21, 25, 32, 34]","['González', 'Guerrero', 'Matamoros', 'Miquihuana', 'Río Bravo', 'San Fernando']"
25,20,19.975961141795498,116.83644,6,"[11, 21, 25, 26, 32, 34]","['González', 'Matamoros', 'Miquihuana', 'Nuevo Laredo', 'Río Bravo', 'San Fernando']"
25,17,20.911184082815346,110.47534,6,"[11, 21, 25, 26, 31, 34]","['González', 'Matamoros', 'Miquihuana', 'Nuevo Laredo', 'Reynosa', 'San Fernando']"
26,84,21.174571393224596,106.008269,6,"[11, 13, 32, 34, 39, 40]","['González', 'Guerrero', 'Río Bravo', 'San Fernando', 'Valle Hermoso', 'Victoria']"
10,87,23.739289535964918,122.698237,6,"[9, 11, 18, 21, 23, 32]","['Cruillas', 'González', 'Llera', 'Matamoros', 'Mier', 'Río Bravo']"
6,89,23.8722219552389,111.114446,6,"[9, 11, 13, 18, 21, 32]","['Cruillas', 'González', 'Guerrero', 'Llera', 'Matamoros', 'Río Bravo']"
13,63,24.291263319592716,116.83644,6,"[9, 11, 18, 21, 26, 32]","['Cruillas', 'González', 'Llera', 'Matamoros', 'Nuevo Laredo', 'Río Bravo']"
10,42,28.098127496635513,106.008269,6,"[4, 11, 13, 18, 21, 32]","['Burgos', 'González', 'Guerrero', 'Llera', 'Matamoros', 'Río Bravo']"
13,39,28.643647923691564,106.008269,6,"[11, 13, 18, 29, 32, 34]","['González', 'Guerrero', 'Llera', 'Padilla', 'Río Bravo', 'San Fernando']"
6,67,28.694448595763873,106.008269,6,"[11, 13, 29, 32, 34, 42]","['González', 'Guerrero', 'Padilla', 'Río Bravo', 'San Fernando', 'Xicoténcatl']"
17,69,28.800028270592367,106.008269,6,"[11, 12, 13, 18, 32, 34]","['González', 'Güémez', 'Guerrero', 'Llera', 'Río Bravo', 'San Fernando']"
0,35,29.04380812108907,103.28924,6,"[11, 14, 21, 26, 34, 40]","['González', 'Gustavo Díaz Ordaz', 'Matamoros', 'Nuevo Laredo', 'San Fernando', 'Victoria']"
5,27,29.14330216830463,103.28924,6,"[6, 11, 26, 32, 34, 40]","['Camargo', 'González', 'Nuevo Laredo', 'Río Bravo', 'San Fernando', 'Victoria']"
25,65,31.152078656697615,106.008269,6,"[11, 18, 21, 26, 31, 35]","['González', 'Llera', 'Matamoros', 'Nuevo Laredo', 'Reynosa', 'San Nicolás']"
14,56,39.01838632304321,99.762503,6,"[4, 11, 14, 21, 26, 40]","['Burgos', 'González', 'Gustavo Díaz Ordaz', 'Matamoros', 'Nuevo Laredo', 'Victoria']"
3,55,39.11788037025877,99.762503,6,"[4, 6, 11, 26, 32, 40]","['Burgos', 'Camargo', 'González', 'Nuevo Laredo', 'Río Bravo', 'Victoria']"
10,64,39.613187803014036,105.720934,6,"[4, 6, 11, 18, 26, 32]","['Burgos', 'Camargo', 'González', 'Llera', 'Nuevo Laredo', 'Río Bravo']"
9,91,40.92797389434545,99.762503,6,"[11, 14, 21, 26, 35, 40]","['González', 'Gustavo Díaz Ordaz', 'Matamoros', 'Nuevo Laredo', 'San Nicolás', 'Victoria']"
15,43,41.027467941561,99.762503,6,"[6, 11, 26, 32, 35, 40]","['Camargo', 'González', 'Nuevo Laredo', 'Río Bravo', 'San Nicolás', 'Victoria']"
0,70,41.09821990081241,99.762503,6,"[11, 14, 26, 32, 35, 40]","['González', 'Gustavo Díaz Ordaz', 'Nuevo Laredo', 'Río Bravo', 'San Nicolás', 'Victoria']"
5,23,41.21338061048691,97.088288,6,"[11, 14, 18, 21, 26, 35]","['González', 'Gustavo Díaz Ordaz', 'Llera', 'Matamoros', 'Nuevo Laredo', 'San Nicolás']"
4,85,41.31287465770246,97.088288,6,"[6, 11, 18, 26, 32, 35]","['Camargo', 'González', 'Llera', 'Nuevo Laredo', 'Río Bravo', 'San Nicolás']"
5,36,41.343363354687035,95.229076,6,"[1, 14, 18, 21, 26, 35]","['Aldama', 'Gustavo Díaz Ordaz', 'Llera', 'Matamoros', 'Nuevo Laredo', 'San Nicolás']"
11,70,41.4428574019026,95.229076,6,"[1, 6, 18, 26, 32, 35]","['Aldama', 'Camargo', 'Llera', 'Nuevo Laredo', 'Río Bravo', 'San Nicolás']"
21,89,41.87189773839266,97.088288,6,"[11, 13, 18, 26, 32, 35]","['González', 'Guerrero', 'Llera', 'Nuevo Laredo', 'Río Bravo', 'San Nicolás']"
0,61,41.9734948534894,99.736447,6,"[1, 14, 16, 21, 26, 35]","['Aldama', 'Gustavo Díaz Ordaz', 'Jaumave', 'Matamoros', 'Nuevo Laredo', 'San Nicolás']"
6,91,42.0018804825928,95.229076,6,"[1, 13, 18, 26, 32, 35]","['Aldama', 'Guerrero', 'Llera', 'Nuevo Laredo', 'Río Bravo', 'San Nicolás']"
15,66,42.66250539226249,96.206293,6,"[1, 6, 26, 30, 32, 35]","['Aldama', 'Camargo', 'Nuevo Laredo', 'Palmillas', 'Río Bravo', 'San Nicolás']"
18,43,44.387981608234895,99.762503,6,"[11, 14, 21, 26, 33, 40]","['González', 'Gustavo Díaz Ordaz', 'Matamoros', 'Nuevo Laredo', 'San Carlos', 'Victoria']"
20,58,44.64016295632704,97.088288,6,"[11, 14, 18, 21, 26, 33]","['González', 'Gustavo Díaz Ordaz', 'Llera', 'Matamoros', 'Nuevo Laredo', 'San Carlos']"
7,15,44.73965700354259,97.088288,6,"[6, 11, 18, 26, 32, 33]","['Camargo', 'González', 'Llera', 'Nuevo Laredo', 'Río Bravo', 'San Carlos']"
8,67,44.81040896279399,97.088288,6,"[11, 14, 18, 26, 32, 33]","['González', 'Gustavo Díaz Ordaz', 'Llera', 'Nuevo Laredo', 'Río Bravo', 'San Carlos']"
27,58,44.94039170699414,95.229076,6,"[1, 14, 18, 26, 32, 33]","['Aldama', 'Gustavo Díaz Ordaz', 'Llera', 'Nuevo Laredo', 'Río Bravo', 'San Carlos']"
18,37,45.9347047413637,97.298421,6,"[1, 14, 21, 26, 28, 33]","['Aldama', 'Gustavo Díaz Ordaz', 'Matamoros', 'Nuevo Laredo', 'Ocampo', 'San Carlos']"
18,10,45.944894787222495,96.206293,6,"[1, 14, 21, 26, 30, 33]","['Aldama', 'Gustavo Díaz Ordaz', 'Matamoros', 'Nuevo Laredo', 'Palmillas', 'San Carlos']"
28,53,46.044388834438045,96.206293,6,"[1, 6, 26, 30, 32, 33]","['Aldama', 'Camargo', 'Nuevo Laredo', 'Palmillas', 'Río Bravo', 'San Carlos']"
1,21,49.67153925110127,100.360123,6,"[11, 14, 26, 29, 39, 40]","['González', 'Gustavo Díaz Ordaz', 'Nuevo Laredo', 'Padilla', 'Valle Hermoso', 'Victoria']"
10,69,52.68986802709992,100.360123,6,"[6, 11, 18, 26, 29, 39]","['Camargo', 'González', 'Llera', 'Nuevo Laredo', 'Padilla', 'Valle Hermoso']"
2,46,54.21148280587767,101.36811,6,"[11, 24, 26, 39, 40, 41]","['González', 'Miguel Alemán', 'Nuevo Laredo', 'Valle Hermoso', 'Victoria', 'Villagrán']"
0,46,9.639804742129789,218.757001,7,"[7, 11, 21, 22, 32, 34, 39]","['Casas', 'González', 'Matamoros', 'Méndez', 'Río Bravo', 'San Fernando', 'Valle Hermoso']"
0,20,9.64548053305068,197.327862,7,"[7, 11, 21, 31, 32, 34, 39]","['Casas', 'González', 'Matamoros', 'Reynosa', 'Río Bravo', 'San Fernando', 'Valle Hermoso']"
4,17,10.262958336863683,197.327862,7,"[0, 11, 21, 31, 32, 34, 39]","['Abasolo', 'González', 'Matamoros', 'Reynosa', 'Río Bravo', 'San Fernando', 'Valle Hermoso']"
0,19,11.802306795671146,146.150389,7,"[6, 7, 11, 21, 32, 34, 39]","['Camargo', 'Casas', 'González', 'Matamoros', 'Río Bravo', 'San Fernando', 'Valle Hermoso']"
0,91,12.045891782517742,129.804564,7,"[7, 11, 21, 24, 32, 34, 39]","['Casas', 'González', 'Matamoros', 'Miguel Alemán', 'Río Bravo', 'San Fernando', 'Valle Hermoso']"
0,21,12.228397457087373,128.460678,7,"[7, 11, 21, 23, 32, 34, 39]","['Casas', 'González', 'Matamoros', 'Mier', 'Río Bravo', 'San Fernando', 'Valle Hermoso']"
2,12,12.361329876361348,128.460678,7,"[7, 11, 13, 21, 32, 34, 39]","['Casas', 'González', 'Guerrero', 'Matamoros', 'Río Bravo', 'San Fernando', 'Valle Hermoso']"
4,71,12.419784599484151,152.051734,7,"[0, 6, 11, 21, 32, 34, 39]","['Abasolo', 'Camargo', 'González', 'Matamoros', 'Río Bravo', 'San Fernando', 'Valle Hermoso']"
4,52,12.575676675251358,146.150389,7,"[6, 11, 21, 29, 32, 34, 39]","['Camargo', 'González', 'Matamoros', 'Padilla', 'Río Bravo', 'San Fernando', 'Valle Hermoso']"
4,70,12.81926166209795,133.161241,7,"[11, 21, 24, 29, 32, 34, 39]","['González', 'Matamoros', 'Miguel Alemán', 'Padilla', 'Río Bravo', 'San Fernando', 'Valle Hermoso']"
4,29,12.899659382636669,129.804564,7,"[11, 12, 21, 24, 32, 34, 39]","['González', 'Güémez', 'Matamoros', 'Miguel Alemán', 'Río Bravo', 'San Fernando', 'Valle Hermoso']"
0,45,13.0821650572063,125.23272,7,"[11, 12, 21, 23, 32, 34, 39]","['González', 'Güémez', 'Matamoros', 'Mier', 'Río Bravo', 'San Fernando', 'Valle Hermoso']"
2,64,13.215097476480278,125.23272,7,"[11, 12, 13, 21, 32, 34, 39]","['González', 'Güémez', 'Guerrero', 'Matamoros', 'Río Bravo', 'San Fernando', 'Valle Hermoso']"
0,44,13.629647646046207,122.698237,7,"[11, 21, 23, 32, 34, 39, 40]","['González', 'Matamoros', 'Mier', 'Río Bravo', 'San Fernando', 'Valle Hermoso', 'Victoria']"
0,41,13.762580065320183,106.008269,7,"[11, 13, 21, 32, 34, 39, 40]","['González', 'Guerrero', 'Matamoros', 'Río Bravo', 'San Fernando', 'Valle Hermoso', 'Victoria']"
15,30,14.181621429674006,116.83644,7,"[11, 21, 26, 32, 34, 39, 40]","['González', 'Matamoros', 'Nuevo Laredo', 'Río Bravo', 'San Fernando', 'Valle Hermoso', 'Victoria']"
6,12,14.75290200696681,122.698237,7,"[11, 18, 21, 22, 23, 32, 34]","['González', 'Llera', 'Matamoros', 'Méndez', 'Mier', 'Río Bravo', 'San Fernando']"
6,51,14.885834426240788,120.713771,7,"[11, 13, 18, 21, 22, 32, 34]","['González', 'Guerrero', 'Llera', 'Matamoros', 'Méndez', 'Río Bravo', 'San Fernando']"
15,37,14.912392518615436,106.008269,7,"[11, 21, 26, 31, 32, 34, 40]","['González', 'Matamoros', 'Nuevo Laredo', 'Reynosa', 'Río Bravo', 'San Fernando', 'Victoria']"
25,74,15.30487579059461,120.713771,7,"[11, 18, 21, 22, 26, 32, 34]","['González', 'Llera', 'Matamoros', 'Méndez', 'Nuevo Laredo', 'Río Bravo', 'San Fernando']"
26,45,15.691257980835747,110.47534,7,"[11, 13, 21, 25, 32, 34, 39]","['González', 'Guerrero', 'Matamoros', 'Miquihuana', 'Río Bravo', 'San Fernando', 'Valle Hermoso']"
25,34,16.110299345189574,116.83644,7,"[11, 21, 25, 26, 32, 34, 39]","['González', 'Matamoros', 'Miquihuana', 'Nuevo Laredo', 'Río Bravo', 'San Fernando', 'Valle Hermoso']"
10,22,16.17602682226984,106.008269,7,"[4, 11, 13, 18, 21, 32, 34]","['Burgos', 'González', 'Guerrero', 'Llera', 'Matamoros', 'Río Bravo', 'San Fernando']"
6,88,16.516703381824914,120.39235,7,"[11, 13, 17, 18, 21, 32, 34]","['González', 'Guerrero', 'Jiménez', 'Llera', 'Matamoros', 'Río Bravo', 'San Fernando']"
13,33,16.569564536622835,106.008269,7,"[11, 13, 18, 21, 29, 32, 34]","['González', 'Guerrero', 'Llera', 'Matamoros', 'Padilla', 'Río Bravo', 'San Fernando']"
21,84,16.620365208695148,106.008269,7,"[11, 13, 21, 29, 32, 34, 42]","['González', 'Guerrero', 'Matamoros', 'Padilla', 'Río Bravo', 'San Fernando', 'Xicoténcatl']"
6,72,16.635617321720392,106.008269,7,"[10, 11, 13, 21, 29, 32, 34]","['Gómez Farías', 'González', 'Guerrero', 'Matamoros', 'Padilla', 'Río Bravo', 'San Fernando']"
17,14,16.72594488352365,106.008269,7,"[11, 12, 13, 18, 21, 32, 34]","['González', 'Güémez', 'Guerrero', 'Llera', 'Matamoros', 'Río Bravo', 'San Fernando']"
25,12,16.841070434131,110.47534,7,"[11, 21, 25, 26, 31, 32, 34]","['González', 'Matamoros', 'Miquihuana', 'Nuevo Laredo', 'Reynosa', 'Río Bravo', 'San Fernando']"
0,31,17.069218781235904,103.28924,7,"[6, 11, 21, 26, 32, 34, 40]","['Camargo', 'González', 'Matamoros', 'Nuevo Laredo', 'Río Bravo', 'San Fernando', 'Victoria']"
25,77,17.974629514068827,106.008269,7,"[11, 21, 26, 29, 31, 34, 42]","['González', 'Matamoros', 'Nuevo Laredo', 'Padilla', 'Reynosa', 'San Fernando', 'Xicoténcatl']"
3,45,27.043796983190045,99.762503,7,"[4, 6, 11, 21, 26, 32, 40]","['Burgos', 'Camargo', 'González', 'Matamoros', 'Nuevo Laredo', 'Río Bravo', 'Victoria']"
0,84,27.11454894244145,99.762503,7,"[4, 11, 14, 21, 26, 32, 40]","['Burgos', 'González', 'Gustavo Díaz Ordaz', 'Matamoros', 'Nuevo Laredo', 'Río Bravo', 'Victoria']"
2,59,27.235054742855674,99.762503,7,"[4, 11, 14, 21, 26, 34, 40]","['Burgos', 'González', 'Gustavo Díaz Ordaz', 'Matamoros', 'Nuevo Laredo', 'San Fernando', 'Victoria']"
9,67,27.334548790071228,99.762503,7,"[4, 6, 11, 26, 32, 34, 40]","['Burgos', 'Camargo', 'González', 'Nuevo Laredo', 'Río Bravo', 'San Fernando', 'Victoria']"
10,80,27.53910441594531,105.720934,7,"[4, 6, 11, 18, 21, 26, 32]","['Burgos', 'Camargo', 'González', 'Llera', 'Matamoros', 'Nuevo Laredo', 'Río Bravo']"
10,83,27.59159308143281,101.132136,7,"[4, 11, 14, 18, 21, 26, 34]","['Burgos', 'González', 'Gustavo Díaz Ordaz', 'Llera', 'Matamoros', 'Nuevo Laredo', 'San Fernando']"
8,34,27.985130795785803,91.820321,7,"[11, 14, 18, 21, 26, 29, 34]","['González', 'Gustavo Díaz Ordaz', 'Llera', 'Matamoros', 'Nuevo Laredo', 'Padilla', 'San Fernando']"
1,84,28.03593146785812,101.65538,7,"[11, 14, 21, 26, 29, 34, 42]","['González', 'Gustavo Díaz Ordaz', 'Matamoros', 'Nuevo Laredo', 'Padilla', 'San Fernando', 'Xicoténcatl']"
17,79,28.051183580883357,101.65538,7,"[10, 11, 14, 21, 26, 29, 34]","['Gómez Farías', 'González', 'Gustavo Díaz Ordaz', 'Matamoros', 'Nuevo Laredo', 'Padilla', 'San Fernando']"
2,62,28.084624843001357,91.820321,7,"[6, 11, 18, 26, 29, 32, 34]","['Camargo', 'González', 'Llera', 'Nuevo Laredo', 'Padilla', 'Río Bravo', 'San Fernando']"
1,32,28.120122189460446,99.762503,7,"[11, 14, 21, 26, 29, 34, 40]","['González', 'Gustavo Díaz Ordaz', 'Matamoros', 'Nuevo Laredo', 'Padilla', 'San Fernando', 'Victoria']"
18,54,28.13542551507367,101.65538,7,"[6, 11, 26, 29, 32, 34, 42]","['Camargo', 'González', 'Nuevo Laredo', 'Padilla', 'Río Bravo', 'San Fernando', 'Xicoténcatl']"
5,92,28.141511142686618,93.902475,7,"[11, 12, 14, 18, 21, 26, 34]","['González', 'Güémez', 'Gustavo Díaz Ordaz', 'Llera', 'Matamoros', 'Nuevo Laredo', 'San Fernando']"
6,36,28.150677628098915,101.65538,7,"[6, 10, 11, 26, 29, 32, 34]","['Camargo', 'Gómez Farías', 'González', 'Nuevo Laredo', 'Padilla', 'Río Bravo', 'San Fernando']"
1,78,28.171410526603136,91.820321,7,"[11, 14, 16, 21, 26, 29, 34]","['González', 'Gustavo Díaz Ordaz', 'Jaumave', 'Matamoros', 'Nuevo Laredo', 'Padilla', 'San Fernando']"
3,68,28.192311814758934,93.902475,7,"[11, 12, 14, 21, 26, 34, 42]","['González', 'Güémez', 'Gustavo Díaz Ordaz', 'Matamoros', 'Nuevo Laredo', 'San Fernando', 'Xicoténcatl']"
18,100,28.196234068296075,99.762503,7,"[11, 14, 21, 26, 33, 34, 40]","['González', 'Gustavo Díaz Ordaz', 'Matamoros', 'Nuevo Laredo', 'San Carlos', 'San Fernando', 'Victoria']"
18,39,28.20331002064231,91.820321,7,"[11, 14, 21, 26, 28, 29, 34]","['González', 'Gustavo Díaz Ordaz', 'Matamoros', 'Nuevo Laredo', 'Ocampo', 'Padilla', 'San Fernando']"
12,49,28.20756392778417,93.902475,7,"[10, 11, 12, 14, 21, 26, 34]","['Gómez Farías', 'González', 'Güémez', 'Gustavo Díaz Ordaz', 'Matamoros', 'Nuevo Laredo', 'San Fernando']"
6,62,28.237827255069917,91.820321,7,"[1, 6, 18, 26, 29, 32, 34]","['Aldama', 'Camargo', 'Llera', 'Nuevo Laredo', 'Padilla', 'Río Bravo', 'San Fernando']"
7,70,28.241005189902168,93.902475,7,"[6, 11, 12, 18, 26, 32, 34]","['Camargo', 'González', 'Güémez', 'Llera', 'Nuevo Laredo', 'Río Bravo', 'San Fernando']"
28,52,28.270904573818694,91.820321,7,"[6, 11, 16, 26, 29, 32, 34]","['Camargo', 'González', 'Jaumave', 'Nuevo Laredo', 'Padilla', 'Río Bravo', 'San Fernando']"
0,73,28.3599322365619,91.820321,7,"[5, 11, 14, 21, 26, 29, 34]","['Bustamante', 'González', 'Gustavo Díaz Ordaz', 'Matamoros', 'Nuevo Laredo', 'Padilla', 'San Fernando']"
11,7,28.72754902777137,97.088288,7,"[6, 11, 18, 26, 32, 34, 35]","['Camargo', 'González', 'Llera', 'Nuevo Laredo', 'Río Bravo', 'San Fernando', 'San Nicolás']"
11,63,28.857531771971505,95.229076,7,"[1, 6, 18, 26, 32, 34, 35]","['Aldama', 'Camargo', 'Llera', 'Nuevo Laredo', 'Río Bravo', 'San Fernando', 'San Nicolás']"
29,66,28.888828822884232,99.762503,7,"[6, 11, 19, 26, 32, 34, 40]","['Camargo', 'González', 'Mainero', 'Nuevo Laredo', 'Río Bravo', 'San Fernando', 'Victoria']"
29,75,29.185206308772397,97.088288,7,"[6, 11, 18, 19, 26, 32, 34]","['Camargo', 'González', 'Llera', 'Mainero', 'Nuevo Laredo', 'Río Bravo', 'San Fernando']"
29,88,29.31518905297253,95.229076,7,"[1, 6, 18, 19, 26, 32, 34]","['Aldama', 'Camargo', 'Llera', 'Mainero', 'Nuevo Laredo', 'Río Bravo', 'San Fernando']"
7,32,37.38561300686736,92.781591,7,"[4, 6, 7, 11, 18, 26, 32]","['Burgos', 'Camargo', 'Casas', 'González', 'Llera', 'Nuevo Laredo', 'Río Bravo']"
3,82,37.57388729480225,92.781591,7,"[4, 6, 7, 11, 16, 26, 32]","['Burgos', 'Camargo', 'Casas', 'González', 'Jaumave', 'Nuevo Laredo', 'Río Bravo']"
14,36,37.821437956022216,93.821499,7,"[0, 4, 11, 14, 16, 21, 26]","['Abasolo', 'Burgos', 'González', 'Gustavo Díaz Ordaz', 'Jaumave', 'Matamoros', 'Nuevo Laredo']"
23,78,38.06933386033935,92.781591,7,"[4, 7, 11, 23, 25, 26, 32]","['Burgos', 'Casas', 'González', 'Mier', 'Miquihuana', 'Nuevo Laredo', 'Río Bravo']"
14,70,38.19153056134445,92.781591,7,"[4, 11, 12, 14, 18, 21, 26]","['Burgos', 'González', 'Güémez', 'Gustavo Díaz Ordaz', 'Llera', 'Matamoros', 'Nuevo Laredo']"
5,69,39.24114968378519,89.54682,7,"[7, 11, 14, 18, 21, 26, 35]","['Casas', 'González', 'Gustavo Díaz Ordaz', 'Llera', 'Matamoros', 'Nuevo Laredo', 'San Nicolás']"
11,86,39.340643731000746,89.54682,7,"[6, 7, 11, 18, 26, 32, 35]","['Camargo', 'Casas', 'González', 'Llera', 'Nuevo Laredo', 'Río Bravo', 'San Nicolás']"
0,80,39.42942397172008,89.54682,7,"[7, 11, 14, 16, 21, 26, 35]","['Casas', 'González', 'Gustavo Díaz Ordaz', 'Jaumave', 'Matamoros', 'Nuevo Laredo', 'San Nicolás']"
9,69,39.490867500161436,89.54682,7,"[7, 11, 14, 21, 26, 35, 38]","['Casas', 'González', 'Gustavo Díaz Ordaz', 'Matamoros', 'Nuevo Laredo', 'San Nicolás', 'Tula']"
4,78,39.741626459796336,89.54682,7,"[11, 14, 18, 26, 32, 35, 36]","['González', 'Gustavo Díaz Ordaz', 'Llera', 'Nuevo Laredo', 'Río Bravo', 'San Nicolás', 'Soto la Marina']"
9,77,39.81219947498599,81.482774,7,"[1, 6, 7, 26, 32, 35, 38]","['Aldama', 'Camargo', 'Casas', 'Nuevo Laredo', 'Río Bravo', 'San Nicolás', 'Tula']"
6,92,40.23834010215809,89.54682,7,"[6, 11, 18, 26, 29, 32, 35]","['Camargo', 'González', 'Llera', 'Nuevo Laredo', 'Padilla', 'Río Bravo', 'San Nicolás']"
7,37,42.360423608022934,89.54682,7,"[6, 11, 17, 18, 26, 32, 33]","['Camargo', 'González', 'Jiménez', 'Llera', 'Nuevo Laredo', 'Río Bravo', 'San Carlos']"
5,33,42.67191841096076,88.50602,7,"[8, 12, 14, 21, 26, 35, 38]","['Ciudad Madero', 'Güémez', 'Gustavo Díaz Ordaz', 'Matamoros', 'Nuevo Laredo', 'San Nicolás', 'Tula']"
16,82,42.80013302613005,89.54682,7,"[6, 7, 11, 18, 26, 32, 33]","['Camargo', 'Casas', 'González', 'Llera', 'Nuevo Laredo', 'Río Bravo', 'San Carlos']"
18,87,42.827508632726264,91.627469,7,"[1, 14, 17, 21, 26, 28, 33]","['Aldama', 'Gustavo Díaz Ordaz', 'Jiménez', 'Matamoros', 'Nuevo Laredo', 'Ocampo', 'San Carlos']"
28,65,43.06052517262815,89.54682,7,"[6, 7, 11, 26, 30, 32, 33]","['Camargo', 'Casas', 'González', 'Nuevo Laredo', 'Palmillas', 'Río Bravo', 'San Carlos']"
13,77,43.121408206763284,89.54682,7,"[6, 11, 18, 26, 32, 33, 36]","['Camargo', 'González', 'Llera', 'Nuevo Laredo', 'Río Bravo', 'San Carlos', 'Soto la Marina']"
18,42,43.48661583404437,89.54682,7,"[7, 11, 23, 26, 30, 32, 33]","['Casas', 'González', 'Mier', 'Nuevo Laredo', 'Palmillas', 'Río Bravo', 'San Carlos']"
16,78,43.762038646053384,84.571049,7,"[2, 6, 7, 26, 32, 33, 38]","['Altamira', 'Camargo', 'Casas', 'Nuevo Laredo', 'Río Bravo', 'San Carlos', 'Tula']"
18,16,44.1773593024045,85.066614,7,"[1, 12, 14, 26, 28, 32, 33]","['Aldama', 'Güémez', 'Gustavo Díaz Ordaz', 'Nuevo Laredo', 'Ocampo', 'Río Bravo', 'San Carlos']"
21,1,46.046991468188466,83.316397,7,"[1, 12, 23, 26, 35, 38, 39]","['Aldama', 'Güémez', 'Mier', 'Nuevo Laredo', 'San Nicolás', 'Tula', 'Valle Hermoso']"
21,13,46.071400754223816,81.482774,7,"[1, 23, 26, 29, 35, 38, 39]","['Aldama', 'Mier', 'Nuevo Laredo', 'Padilla', 'San Nicolás', 'Tula', 'Valle Hermoso']"
0,32,6.504914034465295,197.327862,8,"[7, 11, 21, 22, 31, 32, 34, 39]","['Casas', 'González', 'Matamoros', 'Méndez', 'Reynosa', 'Río Bravo', 'San Fernando', 'Valle Hermoso']"
4,67,7.1392416241513255,197.327862,8,"[0, 11, 21, 22, 31, 32, 34, 39]","['Abasolo', 'González', 'Matamoros', 'Méndez', 'Reynosa', 'Río Bravo', 'San Fernando', 'Valle Hermoso']"
0,50,8.66174029708576,146.150389,8,"[6, 7, 11, 21, 22, 32, 34, 39]","['Camargo', 'Casas', 'González', 'Matamoros', 'Méndez', 'Río Bravo', 'San Fernando', 'Valle Hermoso']"
0,92,8.905325283932356,129.804564,8,"[7, 11, 21, 22, 24, 32, 34, 39]","['Casas', 'González', 'Matamoros', 'Méndez', 'Miguel Alemán', 'Río Bravo', 'San Fernando', 'Valle Hermoso']"
0,43,9.087830958501987,128.460678,8,"[7, 11, 21, 22, 23, 32, 34, 39]","['Casas', 'González', 'Matamoros', 'Méndez', 'Mier', 'Río Bravo', 'San Fernando', 'Valle Hermoso']"
2,5,9.220763377775967,128.460678,8,"[7, 11, 13, 21, 22, 32, 34, 39]","['Casas', 'González', 'Guerrero', 'Matamoros', 'Méndez', 'Río Bravo', 'San Fernando', 'Valle Hermoso']"
4,61,9.296067886771791,152.051734,8,"[0, 6, 11, 21, 22, 32, 34, 39]","['Abasolo', 'Camargo', 'González', 'Matamoros', 'Méndez', 'Río Bravo', 'San Fernando', 'Valle Hermoso']"
4,58,9.55961899127566,146.150389,8,"[6, 11, 21, 22, 29, 32, 34, 39]","['Camargo', 'González', 'Matamoros', 'Méndez', 'Padilla', 'Río Bravo', 'San Fernando', 'Valle Hermoso']"
6,61,9.603719722192917,146.150389,8,"[6, 11, 12, 21, 22, 32, 34, 39]","['Camargo', 'González', 'Güémez', 'Matamoros', 'Méndez', 'Río Bravo', 'San Fernando', 'Valle Hermoso']"
4,65,9.803203978122255,133.161241,8,"[11, 21, 22, 24, 29, 32, 34, 39]","['González', 'Matamoros', 'Méndez', 'Miguel Alemán', 'Padilla', 'Río Bravo', 'San Fernando', 'Valle Hermoso']"
4,49,9.847304709039511,129.804564,8,"[11, 12, 21, 22, 24, 32, 34, 39]","['González', 'Güémez', 'Matamoros', 'Méndez', 'Miguel Alemán', 'Río Bravo', 'San Fernando', 'Valle Hermoso']"
6,93,9.985709652691886,133.161241,8,"[11, 21, 22, 23, 29, 32, 34, 39]","['González', 'Matamoros', 'Méndez', 'Mier', 'Padilla', 'Río Bravo', 'San Fernando', 'Valle Hermoso']"
0,57,10.029810383609144,125.23272,8,"[11, 12, 21, 22, 23, 32, 34, 39]","['González', 'Güémez', 'Matamoros', 'Méndez', 'Mier', 'Río Bravo', 'San Fernando', 'Valle Hermoso']"
8,84,10.154256753525672,125.23272,8,"[11, 12, 21, 23, 31, 32, 34, 39]","['González', 'Güémez', 'Matamoros', 'Mier', 'Reynosa', 'Río Bravo', 'San Fernando', 'Valle Hermoso']"
2,54,10.16274280288312,125.23272,8,"[11, 12, 13, 21, 22, 32, 34, 39]","['González', 'Güémez', 'Guerrero', 'Matamoros', 'Méndez', 'Río Bravo', 'San Fernando', 'Valle Hermoso']"
0,49,10.490406215780789,122.698237,8,"[11, 21, 22, 23, 32, 34, 39, 40]","['González', 'Matamoros', 'Méndez', 'Mier', 'Río Bravo', 'San Fernando', 'Valle Hermoso', 'Victoria']"
0,48,10.623338635054765,106.008269,8,"[11, 13, 21, 22, 32, 34, 39, 40]","['González', 'Guerrero', 'Matamoros', 'Méndez', 'Río Bravo', 'San Fernando', 'Valle Hermoso', 'Victoria']"
20,32,10.834671761639553,106.008269,8,"[11, 13, 21, 31, 32, 34, 39, 40]","['González', 'Guerrero', 'Matamoros', 'Reynosa', 'Río Bravo', 'San Fernando', 'Valle Hermoso', 'Victoria']"
6,52,10.887240210360888,122.698237,8,"[11, 18, 21, 22, 23, 32, 34, 39]","['González', 'Llera', 'Matamoros', 'Méndez', 'Mier', 'Río Bravo', 'San Fernando', 'Valle Hermoso']"
6,46,11.020172629634862,120.713771,8,"[11, 13, 18, 21, 22, 32, 34, 39]","['González', 'Guerrero', 'Llera', 'Matamoros', 'Méndez', 'Río Bravo', 'San Fernando', 'Valle Hermoso']"
15,41,11.042379999408588,116.83644,8,"[11, 21, 22, 26, 32, 34, 39, 40]","['González', 'Matamoros', 'Méndez', 'Nuevo Laredo', 'Río Bravo', 'San Fernando', 'Valle Hermoso', 'Victoria']"
15,31,11.04673072200951,106.008269,8,"[11, 21, 26, 31, 32, 34, 39, 40]","['González', 'Matamoros', 'Nuevo Laredo', 'Reynosa', 'Río Bravo', 'San Fernando', 'Valle Hermoso', 'Victoria']"
25,55,11.439213993988684,120.713771,8,"[11, 18, 21, 22, 26, 32, 34, 39]","['González', 'Llera', 'Matamoros', 'Méndez', 'Nuevo Laredo', 'Río Bravo', 'San Fernando', 'Valle Hermoso']"
10,20,12.310365025663918,106.008269,8,"[4, 11, 13, 18, 21, 32, 34, 39]","['Burgos', 'González', 'Guerrero', 'Llera', 'Matamoros', 'Río Bravo', 'San Fernando', 'Valle Hermoso']"
6,39,12.651041585218989,120.39235,8,"[11, 13, 17, 18, 21, 32, 34, 39]","['González', 'Guerrero', 'Jiménez', 'Llera', 'Matamoros', 'Río Bravo', 'San Fernando', 'Valle Hermoso']"
6,69,12.703902740016915,106.008269,8,"[11, 13, 18, 21, 29, 32, 34, 39]","['González', 'Guerrero', 'Llera', 'Matamoros', 'Padilla', 'Río Bravo', 'San Fernando', 'Valle Hermoso']"
25,26,12.733874837311458,116.83644,8,"[7, 11, 21, 25, 26, 32, 34, 39]","['Casas', 'González', 'Matamoros', 'Miquihuana', 'Nuevo Laredo', 'Río Bravo', 'San Fernando', 'Valle Hermoso']"
17,45,12.860283086917724,106.008269,8,"[11, 12, 13, 18, 21, 32, 34, 39]","['González', 'Güémez', 'Guerrero', 'Llera', 'Matamoros', 'Río Bravo', 'San Fernando', 'Valle Hermoso']"
25,14,12.975408637525074,110.47534,8,"[11, 21, 25, 26, 31, 32, 34, 39]","['González', 'Matamoros', 'Miquihuana', 'Nuevo Laredo', 'Reynosa', 'Río Bravo', 'San Fernando', 'Valle Hermoso']"
0,34,13.20355698462998,103.28924,8,"[6, 11, 21, 26, 32, 34, 39, 40]","['Camargo', 'González', 'Matamoros', 'Nuevo Laredo', 'Río Bravo', 'San Fernando', 'Valle Hermoso', 'Victoria']"
25,90,13.853715193312166,106.008269,8,"[11, 18, 21, 26, 29, 31, 32, 34]","['González', 'Llera', 'Matamoros', 'Nuevo Laredo', 'Padilla', 'Reynosa', 'Río Bravo', 'San Fernando']"
0,88,15.260465403002506,99.762503,8,"[4, 6, 11, 21, 26, 32, 34, 40]","['Burgos', 'Camargo', 'González', 'Matamoros', 'Nuevo Laredo', 'Río Bravo', 'San Fernando', 'Victoria']"
10,72,15.617003741579643,101.132136,8,"[4, 6, 11, 18, 21, 26, 32, 34]","['Burgos', 'Camargo', 'González', 'Llera', 'Matamoros', 'Nuevo Laredo', 'Río Bravo', 'San Fernando']"
2,81,16.010541455932636,91.820321,8,"[6, 11, 18, 21, 26, 29, 32, 34]","['Camargo', 'González', 'Llera', 'Matamoros', 'Nuevo Laredo', 'Padilla', 'Río Bravo', 'San Fernando']"
1,79,16.06134212800495,101.65538,8,"[6, 11, 21, 26, 29, 32, 34, 42]","['Camargo', 'González', 'Matamoros', 'Nuevo Laredo', 'Padilla', 'Río Bravo', 'San Fernando', 'Xicoténcatl']"
1,81,16.145532849607278,99.762503,8,"[6, 11, 21, 26, 29, 32, 34, 40]","['Camargo', 'González', 'Matamoros', 'Nuevo Laredo', 'Padilla', 'Río Bravo', 'San Fernando', 'Victoria']"
5,26,16.166921802833443,93.902475,8,"[6, 11, 12, 18, 21, 26, 32, 34]","['Camargo', 'González', 'Güémez', 'Llera', 'Matamoros', 'Nuevo Laredo', 'Río Bravo', 'San Fernando']"
1,87,16.196821186749965,91.820321,8,"[6, 11, 16, 21, 26, 29, 32, 34]","['Camargo', 'González', 'Jaumave', 'Matamoros', 'Nuevo Laredo', 'Padilla', 'Río Bravo', 'San Fernando']"
3,70,16.21772247490576,93.902475,8,"[6, 11, 12, 21, 26, 32, 34, 42]","['Camargo', 'González', 'Güémez', 'Matamoros', 'Nuevo Laredo', 'Río Bravo', 'San Fernando', 'Xicoténcatl']"
18,22,16.228720680789145,91.820321,8,"[6, 11, 21, 26, 28, 29, 32, 34]","['Camargo', 'González', 'Matamoros', 'Nuevo Laredo', 'Ocampo', 'Padilla', 'Río Bravo', 'San Fernando']"
0,54,16.385342896708732,91.820321,8,"[5, 6, 11, 21, 26, 29, 32, 34]","['Bustamante', 'Camargo', 'González', 'Matamoros', 'Nuevo Laredo', 'Padilla', 'Río Bravo', 'San Fernando']"
11,30,16.653465640702645,97.088288,8,"[6, 11, 18, 21, 26, 32, 34, 35]","['Camargo', 'González', 'Llera', 'Matamoros', 'Nuevo Laredo', 'Río Bravo', 'San Fernando', 'San Nicolás']"
11,88,16.78344838490278,95.229076,8,"[1, 6, 18, 21, 26, 32, 34, 35]","['Aldama', 'Camargo', 'Llera', 'Matamoros', 'Nuevo Laredo', 'Río Bravo', 'San Fernando', 'San Nicolás']"
29,58,16.814745435815507,99.762503,8,"[6, 11, 19, 21, 26, 32, 34, 40]","['Camargo', 'González', 'Mainero', 'Matamoros', 'Nuevo Laredo', 'Río Bravo', 'San Fernando', 'Victoria']"
29,56,17.111122921703668,97.088288,8,"[6, 11, 18, 19, 21, 26, 32, 34]","['Camargo', 'González', 'Llera', 'Mainero', 'Matamoros', 'Nuevo Laredo', 'Río Bravo', 'San Fernando']"
29,12,20.8581871564537,95.229076,8,"[1, 14, 18, 19, 26, 32, 34, 39]","['Aldama', 'Gustavo Díaz Ordaz', 'Llera', 'Mainero', 'Nuevo Laredo', 'Río Bravo', 'San Fernando', 'Valle Hermoso']"
11,89,25.31152961979863,92.781591,8,"[4, 6, 7, 11, 18, 21, 26, 32]","['Burgos', 'Camargo', 'Casas', 'González', 'Llera', 'Matamoros', 'Nuevo Laredo', 'Río Bravo']"
14,55,25.517466985741283,92.781591,8,"[4, 7, 11, 14, 18, 21, 26, 34]","['Burgos', 'Casas', 'González', 'Gustavo Díaz Ordaz', 'Llera', 'Matamoros', 'Nuevo Laredo', 'San Fernando']"
9,89,25.767184802117534,92.781591,8,"[4, 7, 11, 14, 21, 26, 34, 38]","['Burgos', 'Casas', 'González', 'Gustavo Díaz Ordaz', 'Matamoros', 'Nuevo Laredo', 'San Fernando', 'Tula']"
3,80,25.80523532089173,92.781591,8,"[4, 6, 7, 11, 16, 26, 32, 34]","['Burgos', 'Camargo', 'Casas', 'González', 'Jaumave', 'Nuevo Laredo', 'Río Bravo', 'San Fernando']"
23,72,25.995250473270623,92.781591,8,"[4, 7, 11, 21, 23, 25, 26, 32]","['Burgos', 'Casas', 'González', 'Matamoros', 'Mier', 'Miquihuana', 'Nuevo Laredo', 'Río Bravo']"
7,39,26.26051332096348,92.781591,8,"[2, 4, 6, 7, 18, 26, 32, 34]","['Altamira', 'Burgos', 'Camargo', 'Casas', 'Llera', 'Nuevo Laredo', 'Río Bravo', 'San Fernando']"
15,73,26.508891438975663,89.54682,8,"[7, 11, 14, 18, 21, 26, 33, 34]","['Casas', 'González', 'Gustavo Díaz Ordaz', 'Llera', 'Matamoros', 'Nuevo Laredo', 'San Carlos', 'San Fernando']"
7,51,26.608385486191217,89.54682,8,"[6, 7, 11, 18, 26, 32, 33, 34]","['Camargo', 'Casas', 'González', 'Llera', 'Nuevo Laredo', 'Río Bravo', 'San Carlos', 'San Fernando']"
5,66,26.655824053854097,89.54682,8,"[7, 11, 14, 18, 21, 26, 34, 35]","['Casas', 'González', 'Gustavo Díaz Ordaz', 'Llera', 'Matamoros', 'Nuevo Laredo', 'San Fernando', 'San Nicolás']"
18,55,26.69000331102749,91.627469,8,"[7, 11, 14, 21, 26, 28, 33, 34]","['Casas', 'González', 'Gustavo Díaz Ordaz', 'Matamoros', 'Nuevo Laredo', 'Ocampo', 'San Carlos', 'San Fernando']"
11,50,26.75531810106965,89.54682,8,"[6, 7, 11, 18, 26, 32, 34, 35]","['Camargo', 'Casas', 'González', 'Llera', 'Nuevo Laredo', 'Río Bravo', 'San Fernando', 'San Nicolás']"
24,76,26.761587898259773,89.550148,8,"[1, 6, 7, 18, 26, 32, 33, 34]","['Aldama', 'Camargo', 'Casas', 'Llera', 'Nuevo Laredo', 'Río Bravo', 'San Carlos', 'San Fernando']"
18,21,26.769283585473765,89.54682,8,"[7, 11, 14, 21, 26, 30, 33, 34]","['Casas', 'González', 'Gustavo Díaz Ordaz', 'Matamoros', 'Nuevo Laredo', 'Palmillas', 'San Carlos', 'San Fernando']"
28,83,26.78949735824304,91.627469,8,"[6, 7, 11, 26, 28, 32, 33, 34]","['Camargo', 'Casas', 'González', 'Nuevo Laredo', 'Ocampo', 'Río Bravo', 'San Carlos', 'San Fernando']"
28,81,26.796659774126102,89.54682,8,"[6, 7, 11, 16, 26, 32, 33, 34]","['Camargo', 'Casas', 'González', 'Jaumave', 'Nuevo Laredo', 'Río Bravo', 'San Carlos', 'San Fernando']"
9,73,26.905541870230344,89.54682,8,"[7, 11, 14, 21, 26, 34, 35, 38]","['Casas', 'González', 'Gustavo Díaz Ordaz', 'Matamoros', 'Nuevo Laredo', 'San Fernando', 'San Nicolás', 'Tula']"
2,86,27.00271539277308,89.54682,8,"[6, 7, 11, 18, 26, 32, 34, 41]","['Camargo', 'Casas', 'González', 'Llera', 'Nuevo Laredo', 'Río Bravo', 'San Fernando', 'Villagrán']"
0,76,27.023597335640005,89.54682,8,"[5, 6, 7, 11, 26, 32, 34, 35]","['Bustamante', 'Camargo', 'Casas', 'González', 'Nuevo Laredo', 'Río Bravo', 'San Fernando', 'San Nicolás']"
1,83,27.027078128096058,89.54682,8,"[7, 11, 14, 18, 19, 21, 26, 34]","['Casas', 'González', 'Gustavo Díaz Ordaz', 'Llera', 'Mainero', 'Matamoros', 'Nuevo Laredo', 'San Fernando']"
8,86,27.03447614760744,89.54682,8,"[7, 11, 18, 23, 26, 32, 33, 34]","['Casas', 'González', 'Llera', 'Mier', 'Nuevo Laredo', 'Río Bravo', 'San Carlos', 'San Fernando']"
4,83,27.085548870613835,89.54682,8,"[6, 11, 18, 26, 32, 34, 35, 36]","['Camargo', 'González', 'Llera', 'Nuevo Laredo', 'Río Bravo', 'San Fernando', 'San Nicolás', 'Soto la Marina']"
10,58,27.12657217531161,89.54682,8,"[6, 7, 11, 18, 19, 26, 32, 34]","['Camargo', 'Casas', 'González', 'Llera', 'Mainero', 'Nuevo Laredo', 'Río Bravo', 'San Fernando']"
9,83,27.12737979783935,81.482774,8,"[1, 7, 14, 21, 26, 34, 35, 38]","['Aldama', 'Casas', 'Gustavo Díaz Ordaz', 'Matamoros', 'Nuevo Laredo', 'San Fernando', 'San Nicolás', 'Tula']"
11,75,27.2268738450549,81.482774,8,"[1, 6, 7, 26, 32, 34, 35, 38]","['Aldama', 'Camargo', 'Casas', 'Nuevo Laredo', 'Río Bravo', 'San Fernando', 'San Nicolás', 'Tula']"
3,79,27.314846463246496,89.54682,8,"[6, 7, 11, 16, 19, 26, 32, 34]","['Camargo', 'Casas', 'González', 'Jaumave', 'Mainero', 'Nuevo Laredo', 'Río Bravo', 'San Fernando']"
21,92,27.470458831901496,81.482774,8,"[1, 7, 24, 26, 32, 34, 35, 38]","['Aldama', 'Casas', 'Miguel Alemán', 'Nuevo Laredo', 'Río Bravo', 'San Fernando', 'San Nicolás', 'Tula']"
16,27,27.470797058899002,81.482774,8,"[2, 7, 14, 21, 26, 33, 34, 38]","['Altamira', 'Casas', 'Gustavo Díaz Ordaz', 'Matamoros', 'Nuevo Laredo', 'San Carlos', 'San Fernando', 'Tula']"
6,78,27.677920155593426,89.550148,8,"[1, 6, 17, 18, 26, 32, 34, 35]","['Aldama', 'Camargo', 'Jiménez', 'Llera', 'Nuevo Laredo', 'Río Bravo', 'San Fernando', 'San Nicolás']"
6,64,27.777128449577454,89.54682,8,"[11, 18, 24, 26, 29, 32, 33, 34]","['González', 'Llera', 'Miguel Alemán', 'Nuevo Laredo', 'Padilla', 'Río Bravo', 'San Carlos', 'San Fernando']"
18,44,27.81536575599871,85.066614,8,"[1, 12, 14, 21, 26, 28, 33, 34]","['Aldama', 'Güémez', 'Gustavo Díaz Ordaz', 'Matamoros', 'Nuevo Laredo', 'Ocampo', 'San Carlos', 'San Fernando']"
10,13,27.841712906143453,81.482774,8,"[1, 7, 19, 24, 26, 32, 34, 38]","['Aldama', 'Casas', 'Mainero', 'Miguel Alemán', 'Nuevo Laredo', 'Río Bravo', 'San Fernando', 'Tula']"
14,87,27.93588727111514,85.066614,8,"[1, 12, 14, 21, 26, 28, 34, 35]","['Aldama', 'Güémez', 'Gustavo Díaz Ordaz', 'Matamoros', 'Nuevo Laredo', 'Ocampo', 'San Fernando', 'San Nicolás']"
17,84,27.964621012696416,81.482774,8,"[2, 6, 7, 26, 32, 34, 38, 41]","['Altamira', 'Camargo', 'Casas', 'Nuevo Laredo', 'Río Bravo', 'San Fernando', 'Tula', 'Villagrán']"
29,87,27.988983748019393,81.482774,8,"[2, 7, 14, 19, 21, 26, 34, 38]","['Altamira', 'Casas', 'Gustavo Díaz Ordaz', 'Mainero', 'Matamoros', 'Nuevo Laredo', 'San Fernando', 'Tula']"
6,81,28.24558264953364,81.482774,8,"[1, 6, 26, 29, 32, 34, 35, 38]","['Aldama', 'Camargo', 'Nuevo Laredo', 'Padilla', 'Río Bravo', 'San Fernando', 'San Nicolás', 'Tula']"
5,90,29.09229326258628,88.50602,8,"[7, 8, 14, 21, 26, 34, 35, 38]","['Casas', 'Ciudad Madero', 'Gustavo Díaz Ordaz', 'Matamoros', 'Nuevo Laredo', 'San Fernando', 'San Nicolás', 'Tula']"
25,86,34.07788760744905,81.482774,8,"[2, 7, 21, 23, 26, 34, 35, 38]","['Altamira', 'Casas', 'Matamoros', 'Mier', 'Nuevo Laredo', 'San Fernando', 'San Nicolás', 'Tula']"
9,71,37.527883924776695,80.642886,8,"[2, 7, 11, 14, 21, 26, 35, 38]","['Altamira', 'Casas', 'González', 'Gustavo Díaz Ordaz', 'Matamoros', 'Nuevo Laredo', 'San Nicolás', 'Tula']"
11,73,37.62737797199225,80.642886,8,"[2, 6, 7, 11, 26, 32, 35, 38]","['Altamira', 'Camargo', 'Casas', 'González', 'Nuevo Laredo', 'Río Bravo', 'San Nicolás', 'Tula']"
5,74,37.81634951369941,87.858692,8,"[7, 8, 11, 14, 18, 21, 26, 35]","['Casas', 'Ciudad Madero', 'González', 'Gustavo Díaz Ordaz', 'Llera', 'Matamoros', 'Nuevo Laredo', 'San Nicolás']"
22,86,37.91584356091496,87.858692,8,"[6, 7, 8, 11, 18, 26, 32, 35]","['Camargo', 'Casas', 'Ciudad Madero', 'González', 'Llera', 'Nuevo Laredo', 'Río Bravo', 'San Nicolás']"
15,78,37.97146487985261,87.858692,8,"[6, 7, 11, 18, 26, 32, 35, 37]","['Camargo', 'Casas', 'González', 'Llera', 'Nuevo Laredo', 'Río Bravo', 'San Nicolás', 'Tampico']"
5,79,38.06606733007565,80.642886,8,"[7, 8, 11, 14, 21, 26, 35, 38]","['Casas', 'Ciudad Madero', 'González', 'Gustavo Díaz Ordaz', 'Matamoros', 'Nuevo Laredo', 'San Nicolás', 'Tula']"
26,82,38.47486664160517,87.858692,8,"[7, 8, 11, 13, 18, 26, 32, 35]","['Casas', 'Ciudad Madero', 'González', 'Guerrero', 'Llera', 'Nuevo Laredo', 'Río Bravo', 'San Nicolás']"
0,95,38.665712558533095,87.858692,8,"[1, 5, 7, 11, 14, 26, 32, 35]","['Aldama', 'Bustamante', 'Casas', 'González', 'Gustavo Díaz Ordaz', 'Nuevo Laredo', 'Río Bravo', 'San Nicolás']"
0,47,39.36268157507131,81.262904,8,"[1, 7, 14, 21, 26, 27, 35, 40]","['Aldama', 'Casas', 'Gustavo Díaz Ordaz', 'Matamoros', 'Nuevo Laredo', 'Nuevo Morelos', 'San Nicolás', 'Victoria']"
21,69,39.756360090547076,81.262904,8,"[1, 7, 20, 24, 26, 30, 32, 35]","['Aldama', 'Casas', 'El Mante', 'Miguel Alemán', 'Nuevo Laredo', 'Palmillas', 'Río Bravo', 'San Nicolás']"
0,62,39.84522385355598,80.985011,8,"[2, 7, 20, 23, 26, 32, 35, 40]","['Altamira', 'Casas', 'El Mante', 'Mier', 'Nuevo Laredo', 'Río Bravo', 'San Nicolás', 'Victoria']"
22,21,39.902931692521356,81.262904,8,"[1, 7, 13, 18, 26, 32, 35, 42]","['Aldama', 'Casas', 'Guerrero', 'Llera', 'Nuevo Laredo', 'Río Bravo', 'San Nicolás', 'Xicoténcatl']"
7,50,40.3974400326382,87.858692,8,"[2, 6, 11, 17, 18, 26, 32, 33]","['Altamira', 'Camargo', 'González', 'Jiménez', 'Llera', 'Nuevo Laredo', 'Río Bravo', 'San Carlos']"
6,49,40.519273422737214,81.262904,8,"[1, 10, 14, 17, 26, 30, 32, 35]","['Aldama', 'Gómez Farías', 'Gustavo Díaz Ordaz', 'Jiménez', 'Nuevo Laredo', 'Palmillas', 'Río Bravo', 'San Nicolás']"
27,64,40.83714945074531,87.858692,8,"[2, 6, 7, 11, 18, 26, 32, 33]","['Altamira', 'Camargo', 'Casas', 'González', 'Llera', 'Nuevo Laredo', 'Río Bravo', 'San Carlos']"
20,62,41.37533285604426,87.858692,8,"[6, 7, 8, 11, 18, 26, 32, 33]","['Camargo', 'Casas', 'Ciudad Madero', 'González', 'Llera', 'Nuevo Laredo', 'Río Bravo', 'San Carlos']"
15,60,41.526469688667255,81.262904,8,"[6, 17, 26, 30, 32, 35, 37, 42]","['Camargo', 'Jiménez', 'Nuevo Laredo', 'Palmillas', 'Río Bravo', 'San Nicolás', 'Tampico', 'Xicoténcatl']"
14,84,41.544618585240876,80.642886,8,"[0, 2, 3, 14, 26, 30, 35, 39]","['Abasolo', 'Altamira', 'Antiguo Morelos', 'Gustavo Díaz Ordaz', 'Nuevo Laredo', 'Palmillas', 'San Nicolás', 'Valle Hermoso']"
28,77,41.69134632148001,87.858692,8,"[6, 7, 11, 26, 30, 32, 33, 37]","['Camargo', 'Casas', 'González', 'Nuevo Laredo', 'Palmillas', 'Río Bravo', 'San Carlos', 'Tampico']"
13,62,41.6966080366775,87.858692,8,"[6, 8, 11, 18, 26, 32, 33, 36]","['Camargo', 'Ciudad Madero', 'González', 'Llera', 'Nuevo Laredo', 'Río Bravo', 'San Carlos', 'Soto la Marina']"
7,20,42.15147737352894,78.541369,8,"[2, 6, 17, 26, 32, 33, 40, 42]","['Altamira', 'Camargo', 'Jiménez', 'Nuevo Laredo', 'Río Bravo', 'San Carlos', 'Victoria', 'Xicoténcatl']"
18,41,42.58196127351226,81.262904,8,"[1, 14, 17, 21, 26, 30, 33, 42]","['Aldama', 'Gustavo Díaz Ordaz', 'Jiménez', 'Matamoros', 'Nuevo Laredo', 'Palmillas', 'San Carlos', 'Xicoténcatl']"
8,60,42.704815653725525,81.482774,8,"[2, 3, 14, 17, 26, 32, 33, 40]","['Altamira', 'Antiguo Morelos', 'Gustavo Díaz Ordaz', 'Jiménez', 'Nuevo Laredo', 'Río Bravo', 'San Carlos', 'Victoria']"
7,29,42.7399266969639,77.851593,8,"[2, 14, 17, 26, 27, 32, 33, 40]","['Altamira', 'Gustavo Díaz Ordaz', 'Jiménez', 'Nuevo Laredo', 'Nuevo Morelos', 'Río Bravo', 'San Carlos', 'Victoria']"
28,85,42.83431458943982,84.571049,8,"[1, 6, 7, 26, 32, 33, 40, 42]","['Aldama', 'Camargo', 'Casas', 'Nuevo Laredo', 'Río Bravo', 'San Carlos', 'Victoria', 'Xicoténcatl']"
27,76,42.834519265088105,84.571049,8,"[1, 7, 10, 14, 18, 26, 32, 33]","['Aldama', 'Casas', 'Gómez Farías', 'Gustavo Díaz Ordaz', 'Llera', 'Nuevo Laredo', 'Río Bravo', 'San Carlos']"
23,79,43.060116563201134,84.571049,8,"[2, 6, 7, 25, 26, 32, 33, 42]","['Altamira', 'Camargo', 'Casas', 'Miquihuana', 'Nuevo Laredo', 'Río Bravo', 'San Carlos', 'Xicoténcatl']"
8,77,43.34660919449777,77.851593,8,"[2, 3, 14, 17, 26, 30, 32, 33]","['Altamira', 'Antiguo Morelos', 'Gustavo Díaz Ordaz', 'Jiménez', 'Nuevo Laredo', 'Palmillas', 'Río Bravo', 'San Carlos']"
18,57,43.5702958564209,78.684483,8,"[8, 14, 17, 21, 26, 30, 33, 42]","['Ciudad Madero', 'Gustavo Díaz Ordaz', 'Jiménez', 'Matamoros', 'Nuevo Laredo', 'Palmillas', 'San Carlos', 'Xicoténcatl']"
26,77,43.7917324898691,84.571049,8,"[6, 7, 8, 18, 26, 32, 33, 42]","['Camargo', 'Casas', 'Ciudad Madero', 'Llera', 'Nuevo Laredo', 'Río Bravo', 'San Carlos', 'Xicoténcatl']"
20,66,43.82264917234847,84.571049,8,"[6, 7, 8, 26, 32, 33, 40, 42]","['Camargo', 'Casas', 'Ciudad Madero', 'Nuevo Laredo', 'Río Bravo', 'San Carlos', 'Victoria', 'Xicoténcatl']"
0,27,4.541930459080558,197.327862,9,"[2, 7, 11, 21, 22, 31, 32, 34, 39]","['Altamira', 'Casas', 'González', 'Matamoros', 'Méndez', 'Reynosa', 'Río Bravo', 'San Fernando', 'Valle Hermoso']"
1,36,5.080113864379508,197.327862,9,"[7, 8, 11, 21, 22, 31, 32, 34, 39]","['Casas', 'Ciudad Madero', 'González', 'Matamoros', 'Méndez', 'Reynosa', 'Río Bravo', 'San Fernando', 'Valle Hermoso']"
21,90,5.135735183317163,197.327862,9,"[7, 11, 21, 22, 31, 32, 34, 37, 39]","['Casas', 'González', 'Matamoros', 'Méndez', 'Reynosa', 'Río Bravo', 'San Fernando', 'Tampico', 'Valle Hermoso']"
6,48,5.176258048766589,197.327862,9,"[0, 2, 11, 21, 22, 31, 32, 34, 39]","['Abasolo', 'Altamira', 'González', 'Matamoros', 'Méndez', 'Reynosa', 'Río Bravo', 'San Fernando', 'Valle Hermoso']"
3,53,5.49095166817589,197.327862,9,"[1, 7, 11, 21, 22, 31, 32, 34, 39]","['Aldama', 'Casas', 'González', 'Matamoros', 'Méndez', 'Reynosa', 'Río Bravo', 'San Fernando', 'Valle Hermoso']"
0,55,5.8811957481439885,146.150389,9,"[6, 7, 11, 21, 22, 31, 32, 34, 39]","['Camargo', 'Casas', 'González', 'Matamoros', 'Méndez', 'Reynosa', 'Río Bravo', 'San Fernando', 'Valle Hermoso']"
0,93,6.0436551302018975,129.804564,9,"[7, 11, 21, 22, 24, 31, 32, 34, 39]","['Casas', 'González', 'Matamoros', 'Méndez', 'Miguel Alemán', 'Reynosa', 'Río Bravo', 'San Fernando', 'Valle Hermoso']"
4,18,6.136493917373994,197.327862,9,"[11, 12, 21, 22, 31, 32, 34, 36, 39]","['González', 'Güémez', 'Matamoros', 'Méndez', 'Reynosa', 'Río Bravo', 'San Fernando', 'Soto la Marina', 'Valle Hermoso']"
0,51,6.159922654821361,128.460678,9,"[7, 11, 21, 22, 23, 31, 32, 34, 39]","['Casas', 'González', 'Matamoros', 'Méndez', 'Mier', 'Reynosa', 'Río Bravo', 'San Fernando', 'Valle Hermoso']"
2,34,6.292855074095337,128.460678,9,"[7, 11, 13, 21, 22, 31, 32, 34, 39]","['Casas', 'González', 'Guerrero', 'Matamoros', 'Méndez', 'Reynosa', 'Río Bravo', 'San Fernando', 'Valle Hermoso']"
4,68,6.515523337830019,152.051734,9,"[0, 6, 11, 21, 22, 31, 32, 34, 39]","['Abasolo', 'Camargo', 'González', 'Matamoros', 'Méndez', 'Reynosa', 'Río Bravo', 'San Fernando', 'Valle Hermoso']"
4,82,6.7790744423338865,146.150389,9,"[6, 11, 21, 22, 29, 31, 32, 34, 39]","['Camargo', 'González', 'Matamoros', 'Méndez', 'Padilla', 'Reynosa', 'Río Bravo', 'San Fernando', 'Valle Hermoso']"
4,81,6.941533824391795,133.161241,9,"[11, 21, 22, 24, 29, 31, 32, 34, 39]","['González', 'Matamoros', 'Méndez', 'Miguel Alemán', 'Padilla', 'Reynosa', 'Río Bravo', 'San Fernando', 'Valle Hermoso']"
4,16,6.985634555309051,129.804564,9,"[11, 12, 21, 22, 24, 31, 32, 34, 39]","['González', 'Güémez', 'Matamoros', 'Méndez', 'Miguel Alemán', 'Reynosa', 'Río Bravo', 'San Fernando', 'Valle Hermoso']"
6,84,7.0578013490112586,133.161241,9,"[11, 21, 22, 23, 29, 31, 32, 34, 39]","['González', 'Matamoros', 'Méndez', 'Mier', 'Padilla', 'Reynosa', 'Río Bravo', 'San Fernando', 'Valle Hermoso']"
1,28,7.101902079928514,125.23272,9,"[11, 12, 21, 22, 23, 31, 32, 34, 39]","['González', 'Güémez', 'Matamoros', 'Méndez', 'Mier', 'Reynosa', 'Río Bravo', 'San Fernando', 'Valle Hermoso']"
2,74,7.234834499202491,125.23272,9,"[11, 12, 13, 21, 22, 31, 32, 34, 39]","['González', 'Güémez', 'Guerrero', 'Matamoros', 'Méndez', 'Reynosa', 'Río Bravo', 'San Fernando', 'Valle Hermoso']"
0,56,7.562497912100159,122.698237,9,"[11, 21, 22, 23, 31, 32, 34, 39, 40]","['González', 'Matamoros', 'Méndez', 'Mier', 'Reynosa', 'Río Bravo', 'San Fernando', 'Valle Hermoso', 'Victoria']"
0,42,7.695430331374136,106.008269,9,"[11, 13, 21, 22, 31, 32, 34, 39, 40]","['González', 'Guerrero', 'Matamoros', 'Méndez', 'Reynosa', 'Río Bravo', 'San Fernando', 'Valle Hermoso', 'Victoria']"
15,50,7.907489291744095,106.008269,9,"[11, 21, 22, 26, 31, 32, 34, 39, 40]","['González', 'Matamoros', 'Méndez', 'Nuevo Laredo', 'Reynosa', 'Río Bravo', 'San Fernando', 'Valle Hermoso', 'Victoria']"
6,40,7.959331906680258,122.698237,9,"[11, 18, 21, 22, 23, 31, 32, 34, 39]","['González', 'Llera', 'Matamoros', 'Méndez', 'Mier', 'Reynosa', 'Río Bravo', 'San Fernando', 'Valle Hermoso']"
6,74,8.092264325954234,120.713771,9,"[11, 13, 18, 21, 22, 31, 32, 34, 39]","['González', 'Guerrero', 'Llera', 'Matamoros', 'Méndez', 'Reynosa', 'Río Bravo', 'San Fernando', 'Valle Hermoso']"
25,53,8.304323286324191,120.713771,9,"[11, 18, 21, 22, 26, 31, 32, 34, 39]","['González', 'Llera', 'Matamoros', 'Méndez', 'Nuevo Laredo', 'Reynosa', 'Río Bravo', 'San Fernando', 'Valle Hermoso']"
26,37,9.175592042692216,110.47534,9,"[7, 11, 13, 21, 22, 25, 32, 34, 39]","['Casas', 'González', 'Guerrero', 'Matamoros', 'Méndez', 'Miquihuana', 'Río Bravo', 'San Fernando', 'Valle Hermoso']"
10,37,9.382456721983289,106.008269,9,"[4, 11, 13, 18, 21, 31, 32, 34, 39]","['Burgos', 'González', 'Guerrero', 'Llera', 'Matamoros', 'Reynosa', 'Río Bravo', 'San Fernando', 'Valle Hermoso']"
25,29,9.59463340704604,116.83644,9,"[7, 11, 21, 22, 25, 26, 32, 34, 39]","['Casas', 'González', 'Matamoros', 'Méndez', 'Miquihuana', 'Nuevo Laredo', 'Río Bravo', 'San Fernando', 'Valle Hermoso']"
25,38,9.598984129646965,110.47534,9,"[7, 11, 21, 25, 26, 31, 32, 34, 39]","['Casas', 'González', 'Matamoros', 'Miquihuana', 'Nuevo Laredo', 'Reynosa', 'Río Bravo', 'San Fernando', 'Valle Hermoso']"
6,76,9.635200063593828,120.39235,9,"[11, 13, 17, 18, 21, 22, 32, 34, 39]","['González', 'Guerrero', 'Jiménez', 'Llera', 'Matamoros', 'Méndez', 'Río Bravo', 'San Fernando', 'Valle Hermoso']"
6,18,9.687845056041217,106.008269,9,"[11, 13, 18, 21, 22, 29, 32, 34, 39]","['González', 'Guerrero', 'Llera', 'Matamoros', 'Méndez', 'Padilla', 'Río Bravo', 'San Fernando', 'Valle Hermoso']"
25,83,9.988053396706244,106.008269,9,"[11, 18, 21, 26, 29, 31, 32, 34, 39]","['González', 'Llera', 'Matamoros', 'Nuevo Laredo', 'Padilla', 'Reynosa', 'Río Bravo', 'San Fernando', 'Valle Hermoso']"
0,53,10.064315554364562,103.28924,9,"[6, 11, 21, 22, 26, 32, 34, 39, 40]","['Camargo', 'González', 'Matamoros', 'Méndez', 'Nuevo Laredo', 'Río Bravo', 'San Fernando', 'Valle Hermoso', 'Victoria']"
2,72,11.394803606396582,99.762503,9,"[4, 6, 11, 21, 26, 32, 34, 39, 40]","['Burgos', 'Camargo', 'González', 'Matamoros', 'Nuevo Laredo', 'Río Bravo', 'San Fernando', 'Valle Hermoso', 'Victoria']"
0,28,11.465555565647986,99.762503,9,"[4, 11, 14, 21, 26, 32, 34, 39, 40]","['Burgos', 'González', 'Gustavo Díaz Ordaz', 'Matamoros', 'Nuevo Laredo', 'Río Bravo', 'San Fernando', 'Valle Hermoso', 'Victoria']"
10,67,11.751341944973717,101.132136,9,"[4, 6, 11, 18, 21, 26, 32, 34, 39]","['Burgos', 'Camargo', 'González', 'Llera', 'Matamoros', 'Nuevo Laredo', 'Río Bravo', 'San Fernando', 'Valle Hermoso']"
2,68,12.144879659326712,91.820321,9,"[6, 11, 18, 21, 26, 29, 32, 34, 39]","['Camargo', 'González', 'Llera', 'Matamoros', 'Nuevo Laredo', 'Padilla', 'Río Bravo', 'San Fernando', 'Valle Hermoso']"
1,64,12.195680331399027,101.65538,9,"[6, 11, 21, 26, 29, 32, 34, 39, 42]","['Camargo', 'González', 'Matamoros', 'Nuevo Laredo', 'Padilla', 'Río Bravo', 'San Fernando', 'Valle Hermoso', 'Xicoténcatl']"
17,72,12.210932444424268,101.65538,9,"[6, 10, 11, 21, 26, 29, 32, 34, 39]","['Camargo', 'Gómez Farías', 'González', 'Matamoros', 'Nuevo Laredo', 'Padilla', 'Río Bravo', 'San Fernando', 'Valle Hermoso']"
8,22,12.215631618578117,91.820321,9,"[11, 14, 18, 21, 26, 29, 32, 34, 39]","['González', 'Gustavo Díaz Ordaz', 'Llera', 'Matamoros', 'Nuevo Laredo', 'Padilla', 'Río Bravo', 'San Fernando', 'Valle Hermoso']"
1,75,12.27987105300135,99.762503,9,"[6, 11, 21, 26, 29, 32, 34, 39, 40]","['Camargo', 'González', 'Matamoros', 'Nuevo Laredo', 'Padilla', 'Río Bravo', 'San Fernando', 'Valle Hermoso', 'Victoria']"
5,31,12.301260006227523,93.902475,9,"[6, 11, 12, 18, 21, 26, 32, 34, 39]","['Camargo', 'González', 'Güémez', 'Llera', 'Matamoros', 'Nuevo Laredo', 'Río Bravo', 'San Fernando', 'Valle Hermoso']"
1,68,12.331159390144041,91.820321,9,"[6, 11, 16, 21, 26, 29, 32, 34, 39]","['Camargo', 'González', 'Jaumave', 'Matamoros', 'Nuevo Laredo', 'Padilla', 'Río Bravo', 'San Fernando', 'Valle Hermoso']"
3,73,12.352060678299836,93.902475,9,"[6, 11, 12, 21, 26, 32, 34, 39, 42]","['Camargo', 'González', 'Güémez', 'Matamoros', 'Nuevo Laredo', 'Río Bravo', 'San Fernando', 'Valle Hermoso', 'Xicoténcatl']"
18,76,12.363058884183221,91.820321,9,"[6, 11, 21, 26, 28, 29, 32, 34, 39]","['Camargo', 'González', 'Matamoros', 'Nuevo Laredo', 'Ocampo', 'Padilla', 'Río Bravo', 'San Fernando', 'Valle Hermoso']"
17,59,12.367312791325078,93.902475,9,"[6, 10, 11, 12, 21, 26, 32, 34, 39]","['Camargo', 'Gómez Farías', 'González', 'Güémez', 'Matamoros', 'Nuevo Laredo', 'Río Bravo', 'San Fernando', 'Valle Hermoso']"
17,61,12.515609909024345,91.820321,9,"[6, 11, 21, 26, 29, 32, 34, 38, 39]","['Camargo', 'González', 'Matamoros', 'Nuevo Laredo', 'Padilla', 'Río Bravo', 'San Fernando', 'Tula', 'Valle Hermoso']"
0,40,12.519681100102808,91.820321,9,"[5, 6, 11, 21, 26, 29, 32, 34, 39]","['Bustamante', 'Camargo', 'González', 'Matamoros', 'Nuevo Laredo', 'Padilla', 'Río Bravo', 'San Fernando', 'Valle Hermoso']"
23,41,12.554829116085713,93.902475,9,"[6, 11, 12, 21, 26, 27, 32, 34, 39]","['Camargo', 'González', 'Güémez', 'Matamoros', 'Nuevo Laredo', 'Nuevo Morelos', 'Río Bravo', 'San Fernando', 'Valle Hermoso']"
11,32,12.787803844096725,97.088288,9,"[6, 11, 18, 21, 26, 32, 34, 35, 39]","['Camargo', 'González', 'Llera', 'Matamoros', 'Nuevo Laredo', 'Río Bravo', 'San Fernando', 'San Nicolás', 'Valle Hermoso']"
11,87,12.91778658829686,95.229076,9,"[1, 6, 18, 21, 26, 32, 34, 35, 39]","['Aldama', 'Camargo', 'Llera', 'Matamoros', 'Nuevo Laredo', 'Río Bravo', 'San Fernando', 'San Nicolás', 'Valle Hermoso']"
29,64,12.949083639209585,99.762503,9,"[6, 11, 19, 21, 26, 32, 34, 39, 40]","['Camargo', 'González', 'Mainero', 'Matamoros', 'Nuevo Laredo', 'Río Bravo', 'San Fernando', 'Valle Hermoso', 'Victoria']"
29,62,13.245461125097748,97.088288,9,"[6, 11, 18, 19, 21, 26, 32, 34, 39]","['Camargo', 'González', 'Llera', 'Mainero', 'Matamoros', 'Nuevo Laredo', 'Río Bravo', 'San Fernando', 'Valle Hermoso']"
5,83,13.365214021654571,91.820321,9,"[6, 11, 21, 22, 26, 29, 32, 34, 38]","['Camargo', 'González', 'Matamoros', 'Méndez', 'Nuevo Laredo', 'Padilla', 'Río Bravo', 'San Fernando', 'Tula']"
29,76,13.44619582854929,95.229076,9,"[1, 14, 18, 19, 21, 26, 32, 34, 39]","['Aldama', 'Gustavo Díaz Ordaz', 'Llera', 'Mainero', 'Matamoros', 'Nuevo Laredo', 'Río Bravo', 'San Fernando', 'Valle Hermoso']"
11,61,13.542877645888119,92.781591,9,"[4, 6, 7, 11, 18, 21, 26, 32, 34]","['Burgos', 'Camargo', 'Casas', 'González', 'Llera', 'Matamoros', 'Nuevo Laredo', 'Río Bravo', 'San Fernando']"
3,83,13.731151933823002,92.781591,9,"[4, 6, 7, 11, 16, 21, 26, 32, 34]","['Burgos', 'Camargo', 'Casas', 'González', 'Jaumave', 'Matamoros', 'Nuevo Laredo', 'Río Bravo', 'San Fernando']"
9,68,13.792595462264364,92.781591,9,"[4, 6, 7, 11, 21, 26, 32, 34, 38]","['Burgos', 'Camargo', 'Casas', 'González', 'Matamoros', 'Nuevo Laredo', 'Río Bravo', 'San Fernando', 'Tula']"
23,65,14.226598499360106,92.781591,9,"[4, 7, 11, 21, 23, 25, 26, 32, 34]","['Burgos', 'Casas', 'González', 'Matamoros', 'Mier', 'Miquihuana', 'Nuevo Laredo', 'Río Bravo', 'San Fernando']"
7,55,14.534302099122492,89.54682,9,"[6, 7, 11, 18, 21, 26, 32, 33, 34]","['Camargo', 'Casas', 'González', 'Llera', 'Matamoros', 'Nuevo Laredo', 'Río Bravo', 'San Carlos', 'San Fernando']"
5,70,14.68123471400093,89.54682,9,"[6, 7, 11, 18, 21, 26, 32, 34, 35]","['Camargo', 'Casas', 'González', 'Llera', 'Matamoros', 'Nuevo Laredo', 'Río Bravo', 'San Fernando', 'San Nicolás']"
18,19,14.71541397117432,91.627469,9,"[6, 7, 11, 21, 26, 28, 32, 33, 34]","['Camargo', 'Casas', 'González', 'Matamoros', 'Nuevo Laredo', 'Ocampo', 'Río Bravo', 'San Carlos', 'San Fernando']"
28,78,14.722576387057378,89.54682,9,"[6, 7, 11, 16, 21, 26, 32, 33, 34]","['Camargo', 'Casas', 'González', 'Jaumave', 'Matamoros', 'Nuevo Laredo', 'Río Bravo', 'San Carlos', 'San Fernando']"
8,88,14.777887085969086,89.54682,9,"[7, 11, 18, 21, 24, 26, 32, 33, 34]","['Casas', 'González', 'Llera', 'Matamoros', 'Miguel Alemán', 'Nuevo Laredo', 'Río Bravo', 'San Carlos', 'San Fernando']"
18,65,14.865446204871999,89.54682,9,"[7, 11, 14, 21, 26, 30, 32, 33, 34]","['Casas', 'González', 'Gustavo Díaz Ordaz', 'Matamoros', 'Nuevo Laredo', 'Palmillas', 'Río Bravo', 'San Carlos', 'San Fernando']"
6,82,14.890957907153647,89.54682,9,"[0, 6, 11, 18, 21, 26, 32, 33, 34]","['Abasolo', 'Camargo', 'González', 'Llera', 'Matamoros', 'Nuevo Laredo', 'Río Bravo', 'San Carlos', 'San Fernando']"
2,82,14.92863200570436,89.54682,9,"[6, 7, 11, 18, 21, 26, 32, 34, 41]","['Camargo', 'Casas', 'González', 'Llera', 'Matamoros', 'Nuevo Laredo', 'Río Bravo', 'San Fernando', 'Villagrán']"
9,76,14.930952530377175,89.54682,9,"[6, 7, 11, 21, 26, 32, 34, 35, 38]","['Camargo', 'Casas', 'González', 'Matamoros', 'Nuevo Laredo', 'Río Bravo', 'San Fernando', 'San Nicolás', 'Tula']"
0,75,14.94951394857128,89.54682,9,"[5, 6, 7, 11, 21, 26, 32, 34, 35]","['Bustamante', 'Camargo', 'Casas', 'González', 'Matamoros', 'Nuevo Laredo', 'Río Bravo', 'San Fernando', 'San Nicolás']"
4,56,15.011465483545113,89.54682,9,"[6, 11, 18, 21, 26, 32, 34, 35, 36]","['Camargo', 'González', 'Llera', 'Matamoros', 'Nuevo Laredo', 'Río Bravo', 'San Fernando', 'San Nicolás', 'Soto la Marina']"
10,53,15.052488788242888,89.54682,9,"[6, 7, 11, 18, 19, 21, 26, 32, 34]","['Camargo', 'Casas', 'González', 'Llera', 'Mainero', 'Matamoros', 'Nuevo Laredo', 'Río Bravo', 'San Fernando']"
1,76,15.123240747494295,89.54682,9,"[7, 11, 14, 18, 19, 21, 26, 32, 34]","['Casas', 'González', 'Gustavo Díaz Ordaz', 'Llera', 'Mainero', 'Matamoros', 'Nuevo Laredo', 'Río Bravo', 'San Fernando']"
9,74,15.15279045798618,81.482774,9,"[1, 6, 7, 21, 26, 32, 34, 35, 38]","['Aldama', 'Camargo', 'Casas', 'Matamoros', 'Nuevo Laredo', 'Río Bravo', 'San Fernando', 'San Nicolás', 'Tula']"
3,75,15.240763076177773,89.54682,9,"[6, 7, 11, 16, 19, 21, 26, 32, 34]","['Camargo', 'Casas', 'González', 'Jaumave', 'Mainero', 'Matamoros', 'Nuevo Laredo', 'Río Bravo', 'San Fernando']"
13,80,15.459460075662134,89.54682,9,"[6, 11, 18, 21, 26, 29, 32, 33, 34]","['Camargo', 'González', 'Llera', 'Matamoros', 'Nuevo Laredo', 'Padilla', 'Río Bravo', 'San Carlos', 'San Fernando']"
16,64,15.496207719045834,81.482774,9,"[2, 6, 7, 21, 26, 32, 33, 34, 38]","['Altamira', 'Camargo', 'Casas', 'Matamoros', 'Nuevo Laredo', 'Río Bravo', 'San Carlos', 'San Fernando', 'Tula']"
10,45,15.767629519074733,81.482774,9,"[1, 7, 19, 21, 24, 26, 32, 34, 38]","['Aldama', 'Casas', 'Mainero', 'Matamoros', 'Miguel Alemán', 'Nuevo Laredo', 'Río Bravo', 'San Fernando', 'Tula']"
17,85,15.890537625627697,81.482774,9,"[2, 6, 7, 21, 26, 32, 34, 38, 41]","['Altamira', 'Camargo', 'Casas', 'Matamoros', 'Nuevo Laredo', 'Río Bravo', 'San Fernando', 'Tula', 'Villagrán']"
18,86,15.911528375396944,85.066614,9,"[1, 12, 14, 21, 26, 28, 32, 33, 34]","['Aldama', 'Güémez', 'Gustavo Díaz Ordaz', 'Matamoros', 'Nuevo Laredo', 'Ocampo', 'Río Bravo', 'San Carlos', 'San Fernando']"
29,74,16.01439440816623,81.482774,9,"[2, 6, 7, 19, 21, 26, 32, 34, 38]","['Altamira', 'Camargo', 'Casas', 'Mainero', 'Matamoros', 'Nuevo Laredo', 'Río Bravo', 'San Fernando', 'Tula']"
6,70,16.052028252968775,81.482774,9,"[1, 6, 21, 26, 29, 32, 33, 34, 38]","['Aldama', 'Camargo', 'Matamoros', 'Nuevo Laredo', 'Padilla', 'Río Bravo', 'San Carlos', 'San Fernando', 'Tula']"
25,76,16.069230995340494,81.482774,9,"[2, 7, 21, 23, 26, 32, 34, 35, 38]","['Altamira', 'Casas', 'Matamoros', 'Mier', 'Nuevo Laredo', 'Río Bravo', 'San Fernando', 'San Nicolás', 'Tula']"
5,87,17.188455881984513,88.50602,9,"[7, 8, 14, 21, 26, 32, 34, 35, 38]","['Casas', 'Ciudad Madero', 'Gustavo Díaz Ordaz', 'Matamoros', 'Nuevo Laredo', 'Río Bravo', 'San Fernando', 'San Nicolás', 'Tula']"
7,28,24.64540191080648,87.858692,9,"[2, 6, 7, 11, 18, 26, 32, 33, 34]","['Altamira', 'Camargo', 'Casas', 'González', 'Llera', 'Nuevo Laredo', 'Río Bravo', 'San Carlos', 'San Fernando']"
16,77,24.89511972718273,74.208543,9,"[2, 6, 7, 11, 26, 32, 33, 34, 38]","['Altamira', 'Camargo', 'Casas', 'González', 'Nuevo Laredo', 'Río Bravo', 'San Carlos', 'San Fernando', 'Tula']"
8,85,24.905794057304583,87.858692,9,"[2, 6, 7, 11, 26, 30, 32, 33, 34]","['Altamira', 'Camargo', 'Casas', 'González', 'Nuevo Laredo', 'Palmillas', 'Río Bravo', 'San Carlos', 'San Fernando']"
9,85,24.942558294845607,80.642886,9,"[2, 7, 11, 14, 21, 26, 34, 35, 38]","['Altamira', 'Casas', 'González', 'Gustavo Díaz Ordaz', 'Matamoros', 'Nuevo Laredo', 'San Fernando', 'San Nicolás', 'Tula']"
11,94,25.04205234206116,80.642886,9,"[2, 6, 7, 11, 26, 32, 34, 35, 38]","['Altamira', 'Camargo', 'Casas', 'González', 'Nuevo Laredo', 'Río Bravo', 'San Fernando', 'San Nicolás', 'Tula']"
0,64,25.060613760255265,87.858692,9,"[2, 5, 6, 7, 11, 26, 32, 34, 35]","['Altamira', 'Bustamante', 'Camargo', 'Casas', 'González', 'Nuevo Laredo', 'Río Bravo', 'San Fernando', 'San Nicolás']"
15,72,25.139712587827532,87.858692,9,"[7, 11, 14, 18, 21, 26, 33, 34, 37]","['Casas', 'González', 'Gustavo Díaz Ordaz', 'Llera', 'Matamoros', 'Nuevo Laredo', 'San Carlos', 'San Fernando', 'Tampico']"
20,50,25.183585316105432,87.858692,9,"[6, 7, 8, 11, 18, 26, 32, 33, 34]","['Camargo', 'Casas', 'Ciudad Madero', 'González', 'Llera', 'Nuevo Laredo', 'Río Bravo', 'San Carlos', 'San Fernando']"
5,73,25.23102388376831,87.858692,9,"[7, 8, 11, 14, 18, 21, 26, 34, 35]","['Casas', 'Ciudad Madero', 'González', 'Gustavo Díaz Ordaz', 'Llera', 'Matamoros', 'Nuevo Laredo', 'San Fernando', 'San Nicolás']"
14,91,25.286645202705966,87.858692,9,"[7, 11, 14, 18, 21, 26, 34, 35, 37]","['Casas', 'González', 'Gustavo Díaz Ordaz', 'Llera', 'Matamoros', 'Nuevo Laredo', 'San Fernando', 'San Nicolás', 'Tampico']"
11,51,25.28944963376459,74.208543,9,"[2, 6, 7, 11, 26, 32, 34, 38, 41]","['Altamira', 'Camargo', 'Casas', 'González', 'Nuevo Laredo', 'Río Bravo', 'San Fernando', 'Tula', 'Villagrán']"
29,71,25.413306416303122,74.208543,9,"[2, 6, 7, 11, 19, 26, 32, 34, 38]","['Altamira', 'Camargo', 'Casas', 'González', 'Mainero', 'Nuevo Laredo', 'Río Bravo', 'San Fernando', 'Tula']"
28,80,25.427480922977974,87.858692,9,"[6, 7, 11, 16, 26, 32, 33, 34, 37]","['Camargo', 'Casas', 'González', 'Jaumave', 'Nuevo Laredo', 'Río Bravo', 'San Carlos', 'San Fernando', 'Tampico']"
20,80,25.433303132481683,74.208543,9,"[6, 7, 8, 11, 26, 32, 33, 34, 38]","['Camargo', 'Casas', 'Ciudad Madero', 'González', 'Nuevo Laredo', 'Río Bravo', 'San Carlos', 'San Fernando', 'Tula']"
5,77,25.48074170014456,80.642886,9,"[7, 8, 11, 14, 21, 26, 34, 35, 38]","['Casas', 'Ciudad Madero', 'González', 'Gustavo Díaz Ordaz', 'Matamoros', 'Nuevo Laredo', 'San Fernando', 'San Nicolás', 'Tula']"
13,65,25.504860496738676,87.858692,9,"[6, 8, 11, 18, 26, 32, 33, 34, 36]","['Camargo', 'Ciudad Madero', 'González', 'Llera', 'Nuevo Laredo', 'Río Bravo', 'San Carlos', 'San Fernando', 'Soto la Marina']"
24,77,25.594423119901812,87.858692,9,"[1, 6, 7, 11, 18, 26, 32, 33, 34]","['Aldama', 'Camargo', 'Casas', 'González', 'Llera', 'Nuevo Laredo', 'Río Bravo', 'San Carlos', 'San Fernando']"
21,91,25.706609025549177,80.642886,9,"[7, 11, 14, 26, 32, 34, 35, 37, 38]","['Casas', 'González', 'Gustavo Díaz Ordaz', 'Nuevo Laredo', 'Río Bravo', 'San Fernando', 'San Nicolás', 'Tampico', 'Tula']"
10,29,25.90761709332417,74.208543,9,"[7, 11, 14, 19, 21, 26, 34, 37, 38]","['Casas', 'González', 'Gustavo Díaz Ordaz', 'Mainero', 'Matamoros', 'Nuevo Laredo', 'San Fernando', 'Tampico', 'Tula']"
1,85,26.013115761806652,87.858692,9,"[1, 7, 11, 14, 18, 19, 21, 26, 34]","['Aldama', 'Casas', 'González', 'Gustavo Díaz Ordaz', 'Llera', 'Mainero', 'Matamoros', 'Nuevo Laredo', 'San Fernando']"
24,73,26.535242904481727,81.262904,9,"[1, 6, 7, 18, 20, 26, 32, 33, 34]","['Aldama', 'Camargo', 'Casas', 'Llera', 'El Mante', 'Nuevo Laredo', 'Río Bravo', 'San Carlos', 'San Fernando']"
22,29,26.611650367021625,81.262904,9,"[1, 6, 7, 18, 26, 32, 33, 34, 42]","['Aldama', 'Camargo', 'Casas', 'Llera', 'Nuevo Laredo', 'Río Bravo', 'San Carlos', 'San Fernando', 'Xicoténcatl']"
27,83,26.62734562115471,78.541369,9,"[2, 7, 14, 21, 26, 33, 34, 40, 42]","['Altamira', 'Casas', 'Gustavo Díaz Ordaz', 'Matamoros', 'Nuevo Laredo', 'San Carlos', 'San Fernando', 'Victoria', 'Xicoténcatl']"
18,77,26.64306926912415,81.262904,9,"[1, 7, 14, 21, 26, 28, 33, 34, 40]","['Aldama', 'Casas', 'Gustavo Díaz Ordaz', 'Matamoros', 'Nuevo Laredo', 'Ocampo', 'San Carlos', 'San Fernando', 'Victoria']"
28,73,26.77598639615204,81.262904,9,"[1, 6, 7, 26, 30, 32, 33, 34, 42]","['Aldama', 'Camargo', 'Casas', 'Nuevo Laredo', 'Palmillas', 'Río Bravo', 'San Carlos', 'San Fernando', 'Xicoténcatl']"
0,66,26.77735594514023,81.262904,9,"[1, 7, 14, 21, 26, 27, 34, 35, 40]","['Aldama', 'Casas', 'Gustavo Díaz Ordaz', 'Matamoros', 'Nuevo Laredo', 'Nuevo Morelos', 'San Fernando', 'San Nicolás', 'Victoria']"
14,85,26.792580022309743,85.066614,9,"[1, 11, 12, 14, 21, 26, 28, 34, 35]","['Aldama', 'González', 'Güémez', 'Gustavo Díaz Ordaz', 'Matamoros', 'Nuevo Laredo', 'Ocampo', 'San Fernando', 'San Nicolás']"
15,51,26.793432773477004,81.262904,9,"[1, 6, 7, 10, 26, 30, 32, 33, 34]","['Aldama', 'Camargo', 'Casas', 'Gómez Farías', 'Nuevo Laredo', 'Palmillas', 'Río Bravo', 'San Carlos', 'San Fernando']"
16,66,26.809454515734267,73.454405,9,"[2, 7, 10, 14, 21, 26, 33, 34, 40]","['Altamira', 'Casas', 'Gómez Farías', 'Gustavo Díaz Ordaz', 'Matamoros', 'Nuevo Laredo', 'San Carlos', 'San Fernando', 'Victoria']"
7,58,26.838158078413503,78.541369,9,"[0, 2, 14, 26, 32, 33, 34, 40, 42]","['Abasolo', 'Altamira', 'Gustavo Díaz Ordaz', 'Nuevo Laredo', 'Río Bravo', 'San Carlos', 'San Fernando', 'Victoria', 'Xicoténcatl']"
23,80,26.8683690232623,67.706109,9,"[2, 6, 7, 25, 26, 32, 33, 34, 42]","['Altamira', 'Camargo', 'Casas', 'Miquihuana', 'Nuevo Laredo', 'Río Bravo', 'San Carlos', 'San Fernando', 'Xicoténcatl']"
16,85,26.908948562949817,71.232803,9,"[2, 6, 7, 10, 26, 32, 33, 34, 40]","['Altamira', 'Camargo', 'Casas', 'Gómez Farías', 'Nuevo Laredo', 'Río Bravo', 'San Carlos', 'San Fernando', 'Victoria']"
6,98,27.009782355635235,81.262904,9,"[1, 6, 11, 26, 29, 32, 34, 35, 38]","['Aldama', 'Camargo', 'González', 'Nuevo Laredo', 'Padilla', 'Río Bravo', 'San Fernando', 'San Nicolás', 'Tula']"
16,79,27.035580603286764,67.706109,9,"[2, 6, 7, 10, 26, 32, 33, 34, 38]","['Altamira', 'Camargo', 'Casas', 'Gómez Farías', 'Nuevo Laredo', 'Río Bravo', 'San Carlos', 'San Fernando', 'Tula']"
11,34,27.243256046007062,69.722158,9,"[2, 6, 7, 26, 32, 34, 38, 41, 42]","['Altamira', 'Camargo', 'Casas', 'Nuevo Laredo', 'Río Bravo', 'San Fernando', 'Tula', 'Villagrán', 'Xicoténcatl']"
8,82,27.270894263455034,73.454405,9,"[2, 3, 7, 14, 21, 26, 30, 33, 34]","['Altamira', 'Antiguo Morelos', 'Casas', 'Gustavo Díaz Ordaz', 'Matamoros', 'Nuevo Laredo', 'Palmillas', 'San Carlos', 'San Fernando']"
7,33,27.355855442597047,73.454405,9,"[0, 2, 14, 26, 27, 32, 33, 34, 40]","['Abasolo', 'Altamira', 'Gustavo Díaz Ordaz', 'Nuevo Laredo', 'Nuevo Morelos', 'Río Bravo', 'San Carlos', 'San Fernando', 'Victoria']"
0,78,27.36475456179872,78.541369,9,"[2, 7, 24, 26, 32, 34, 40, 41, 42]","['Altamira', 'Casas', 'Miguel Alemán', 'Nuevo Laredo', 'Río Bravo', 'San Fernando', 'Victoria', 'Villagrán', 'Xicoténcatl']"
29,84,27.36711282854559,69.722158,9,"[2, 6, 7, 19, 26, 32, 34, 38, 42]","['Altamira', 'Camargo', 'Casas', 'Mainero', 'Nuevo Laredo', 'Río Bravo', 'San Fernando', 'Tula', 'Xicoténcatl']"
8,89,27.370388310670595,69.788658,9,"[2, 3, 6, 7, 26, 30, 32, 33, 34]","['Altamira', 'Antiguo Morelos', 'Camargo', 'Casas', 'Nuevo Laredo', 'Palmillas', 'Río Bravo', 'San Carlos', 'San Fernando']"
0,87,27.50163116635733,69.722158,9,"[2, 5, 7, 24, 26, 32, 34, 41, 42]","['Altamira', 'Bustamante', 'Casas', 'Miguel Alemán', 'Nuevo Laredo', 'Río Bravo', 'San Fernando', 'Villagrán', 'Xicoténcatl']"
22,79,27.599984949930263,79.739177,9,"[6, 7, 8, 18, 26, 32, 33, 34, 42]","['Camargo', 'Casas', 'Ciudad Madero', 'Llera', 'Nuevo Laredo', 'Río Bravo', 'San Carlos', 'San Fernando', 'Xicoténcatl']"
18,63,27.66482693184512,78.684483,9,"[7, 8, 14, 21, 26, 30, 33, 34, 42]","['Casas', 'Ciudad Madero', 'Gustavo Díaz Ordaz', 'Matamoros', 'Nuevo Laredo', 'Palmillas', 'San Carlos', 'San Fernando', 'Xicoténcatl']"
6,73,27.68359541300503,73.454405,9,"[2, 14, 17, 21, 26, 30, 33, 34, 42]","['Altamira', 'Gustavo Díaz Ordaz', 'Jiménez', 'Matamoros', 'Nuevo Laredo', 'Palmillas', 'San Carlos', 'San Fernando', 'Xicoténcatl']"
14,66,27.798369686128307,83.316397,9,"[1, 12, 14, 21, 26, 28, 34, 35, 40]","['Aldama', 'Güémez', 'Gustavo Díaz Ordaz', 'Matamoros', 'Nuevo Laredo', 'Ocampo', 'San Fernando', 'San Nicolás', 'Victoria']"
7,52,27.80602358087322,69.788658,9,"[0, 2, 6, 26, 27, 30, 32, 33, 34]","['Abasolo', 'Altamira', 'Camargo', 'Nuevo Laredo', 'Nuevo Morelos', 'Palmillas', 'Río Bravo', 'San Carlos', 'San Fernando']"
2,84,28.050103047881677,80.985011,9,"[0, 6, 8, 20, 26, 32, 34, 40, 41]","['Abasolo', 'Camargo', 'Ciudad Madero', 'El Mante', 'Nuevo Laredo', 'Río Bravo', 'San Fernando', 'Victoria', 'Villagrán']"
2,47,28.247906884362887,78.684483,9,"[0, 6, 8, 10, 26, 32, 34, 40, 41]","['Abasolo', 'Camargo', 'Ciudad Madero', 'Gómez Farías', 'Nuevo Laredo', 'Río Bravo', 'San Fernando', 'Victoria', 'Villagrán']"
13,67,29.80849365397137,82.016092,9,"[6, 8, 18, 19, 26, 27, 29, 32, 34]","['Camargo', 'Ciudad Madero', 'Llera', 'Mainero', 'Nuevo Laredo', 'Nuevo Morelos', 'Padilla', 'Río Bravo', 'San Fernando']"
14,78,32.531594221753565,80.642886,9,"[0, 2, 3, 13, 26, 30, 32, 35, 39]","['Abasolo', 'Altamira', 'Antiguo Morelos', 'Guerrero', 'Nuevo Laredo', 'Palmillas', 'Río Bravo', 'San Nicolás', 'Valle Hermoso']"
11,59,33.47166819979354,64.305504,9,"[2, 6, 7, 9, 26, 32, 38, 41, 42]","['Altamira', 'Camargo', 'Casas', 'Cruillas', 'Nuevo Laredo', 'Río Bravo', 'Tula', 'Villagrán', 'Xicoténcatl']"
29,82,33.77783757923238,67.706109,9,"[2, 6, 7, 19, 20, 22, 26, 32, 38]","['Altamira', 'Camargo', 'Casas', 'Mainero', 'El Mante', 'Méndez', 'Nuevo Laredo', 'Río Bravo', 'Tula']"
10,85,39.0566695455286,69.788658,9,"[2, 3, 7, 9, 19, 24, 26, 38, 39]","['Altamira', 'Antiguo Morelos', 'Casas', 'Cruillas', 'Mainero', 'Miguel Alemán', 'Nuevo Laredo', 'Tula', 'Valle Hermoso']"
6,10,40.905867009752136,69.722158,9,"[2, 13, 17, 20, 26, 30, 32, 33, 35]","['Altamira', 'Guerrero', 'Jiménez', 'El Mante', 'Nuevo Laredo', 'Palmillas', 'Río Bravo', 'San Carlos', 'San Nicolás']"
15,74,41.18293158706369,77.851593,9,"[6, 11, 17, 26, 30, 32, 33, 37, 42]","['Camargo', 'González', 'Jiménez', 'Nuevo Laredo', 'Palmillas', 'Río Bravo', 'San Carlos', 'Tampico', 'Xicoténcatl']"
18,35,41.422804298815635,77.851593,9,"[1, 8, 14, 17, 21, 26, 30, 33, 42]","['Aldama', 'Ciudad Madero', 'Gustavo Díaz Ordaz', 'Jiménez', 'Matamoros', 'Nuevo Laredo', 'Palmillas', 'San Carlos', 'Xicoténcatl']"
5,60,3.792068344553351,197.327862,10,"[0, 2, 7, 11, 21, 22, 31, 32, 34, 39]","['Abasolo', 'Altamira', 'Casas', 'González', 'Matamoros', 'Méndez', 'Reynosa', 'Río Bravo', 'San Fernando', 'Valle Hermoso']"
10,17,3.793611288180307,197.327862,10,"[1, 2, 7, 11, 21, 22, 31, 32, 34, 39]","['Aldama', 'Altamira', 'Casas', 'González', 'Matamoros', 'Méndez', 'Reynosa', 'Río Bravo', 'San Fernando', 'Valle Hermoso']"
16,54,3.870118395051585,197.327862,10,"[2, 7, 11, 21, 22, 31, 32, 33, 34, 39]","['Altamira', 'Casas', 'González', 'Matamoros', 'Méndez', 'Reynosa', 'Río Bravo', 'San Carlos', 'San Fernando', 'Valle Hermoso']"
0,58,3.9182121727592514,146.150389,10,"[2, 6, 7, 11, 21, 22, 31, 32, 34, 39]","['Altamira', 'Camargo', 'Casas', 'González', 'Matamoros', 'Méndez', 'Reynosa', 'Río Bravo', 'San Fernando', 'Valle Hermoso']"
0,90,4.080671554817162,129.804564,10,"[2, 7, 11, 21, 22, 24, 31, 32, 34, 39]","['Altamira', 'Casas', 'González', 'Matamoros', 'Méndez', 'Miguel Alemán', 'Reynosa', 'Río Bravo', 'San Fernando', 'Valle Hermoso']"
0,68,4.196939079436624,128.460678,10,"[2, 7, 11, 21, 22, 23, 31, 32, 34, 39]","['Altamira', 'Casas', 'González', 'Matamoros', 'Méndez', 'Mier', 'Reynosa', 'Río Bravo', 'San Fernando', 'Valle Hermoso']"
6,3,4.243769880219927,197.327862,10,"[0, 2, 11, 12, 21, 22, 31, 32, 34, 39]","['Abasolo', 'Altamira', 'González', 'Güémez', 'Matamoros', 'Méndez', 'Reynosa', 'Río Bravo', 'San Fernando', 'Valle Hermoso']"
2,66,4.2599922116216336,197.327862,10,"[7, 8, 11, 21, 22, 31, 32, 34, 36, 39]","['Casas', 'Ciudad Madero', 'González', 'Matamoros', 'Méndez', 'Reynosa', 'Río Bravo', 'San Fernando', 'Soto la Marina', 'Valle Hermoso']"
14,64,4.3298714987106,128.460678,10,"[2, 7, 11, 13, 21, 22, 31, 32, 34, 39]","['Altamira', 'Casas', 'González', 'Guerrero', 'Matamoros', 'Méndez', 'Reynosa', 'Río Bravo', 'San Fernando', 'Valle Hermoso']"
1,57,4.3302517498523025,197.327862,10,"[0, 7, 8, 11, 21, 22, 31, 32, 34, 39]","['Abasolo', 'Casas', 'Ciudad Madero', 'González', 'Matamoros', 'Méndez', 'Reynosa', 'Río Bravo', 'San Fernando', 'Valle Hermoso']"
17,80,4.408301800350535,197.327862,10,"[7, 8, 11, 21, 22, 31, 32, 33, 34, 39]","['Casas', 'Ciudad Madero', 'González', 'Matamoros', 'Méndez', 'Reynosa', 'Río Bravo', 'San Carlos', 'San Fernando', 'Valle Hermoso']"
1,58,4.456395578058203,146.150389,10,"[6, 7, 8, 11, 21, 22, 31, 32, 34, 39]","['Camargo', 'Casas', 'Ciudad Madero', 'González', 'Matamoros', 'Méndez', 'Reynosa', 'Río Bravo', 'San Fernando', 'Valle Hermoso']"
28,49,4.512016896995856,146.150389,10,"[6, 7, 11, 21, 22, 31, 32, 34, 37, 39]","['Camargo', 'Casas', 'González', 'Matamoros', 'Méndez', 'Reynosa', 'Río Bravo', 'San Fernando', 'Tampico', 'Valle Hermoso']"
6,50,4.5525397624452815,152.051734,10,"[0, 2, 6, 11, 21, 22, 31, 32, 34, 39]","['Abasolo', 'Altamira', 'Camargo', 'González', 'Matamoros', 'Méndez', 'Reynosa', 'Río Bravo', 'San Fernando', 'Valle Hermoso']"
1,82,4.618854960116113,129.804564,10,"[7, 8, 11, 21, 22, 24, 31, 32, 34, 39]","['Casas', 'Ciudad Madero', 'González', 'Matamoros', 'Méndez', 'Miguel Alemán', 'Reynosa', 'Río Bravo', 'San Fernando', 'Valle Hermoso']"
21,88,4.638722744673939,197.327862,10,"[7, 11, 21, 22, 31, 32, 34, 35, 37, 39]","['Casas', 'González', 'Matamoros', 'Méndez', 'Reynosa', 'Río Bravo', 'San Fernando', 'San Nicolás', 'Tampico', 'Valle Hermoso']"
13,76,4.674476279053766,129.804564,10,"[7, 11, 21, 22, 24, 31, 32, 34, 37, 39]","['Casas', 'González', 'Matamoros', 'Méndez', 'Miguel Alemán', 'Reynosa', 'Río Bravo', 'San Fernando', 'Tampico', 'Valle Hermoso']"
1,59,4.735122484735575,128.460678,10,"[7, 8, 11, 21, 22, 23, 31, 32, 34, 39]","['Casas', 'Ciudad Madero', 'González', 'Matamoros', 'Méndez', 'Mier', 'Reynosa', 'Río Bravo', 'San Fernando', 'Valle Hermoso']"
18,2,4.741089553648683,197.327862,10,"[0, 1, 7, 11, 21, 22, 31, 32, 34, 39]","['Abasolo', 'Aldama', 'Casas', 'González', 'Matamoros', 'Méndez', 'Reynosa', 'Río Bravo', 'San Fernando', 'Valle Hermoso']"
28,66,4.790743803673229,128.460678,10,"[7, 11, 21, 22, 23, 31, 32, 34, 37, 39]","['Casas', 'González', 'Matamoros', 'Méndez', 'Mier', 'Reynosa', 'Río Bravo', 'San Fernando', 'Tampico', 'Valle Hermoso']"
6,87,4.816090866949149,146.150389,10,"[2, 6, 11, 21, 22, 29, 31, 32, 34, 39]","['Altamira', 'Camargo', 'González', 'Matamoros', 'Méndez', 'Padilla', 'Reynosa', 'Río Bravo', 'San Fernando', 'Valle Hermoso']"
3,54,4.867233381854583,146.150389,10,"[1, 6, 7, 11, 21, 22, 31, 32, 34, 39]","['Aldama', 'Camargo', 'Casas', 'González', 'Matamoros', 'Méndez', 'Reynosa', 'Río Bravo', 'San Fernando', 'Valle Hermoso']"
2,78,4.8680549040095515,128.460678,10,"[7, 8, 11, 13, 21, 22, 31, 32, 34, 39]","['Casas', 'Ciudad Madero', 'González', 'Guerrero', 'Matamoros', 'Méndez', 'Reynosa', 'Río Bravo', 'San Fernando', 'Valle Hermoso']"
3,74,5.029692763912493,129.804564,10,"[1, 7, 11, 21, 22, 24, 31, 32, 34, 39]","['Aldama', 'Casas', 'González', 'Matamoros', 'Méndez', 'Miguel Alemán', 'Reynosa', 'Río Bravo', 'San Fernando', 'Valle Hermoso']"
26,62,5.061074095386112,146.150389,10,"[6, 7, 11, 21, 22, 31, 32, 34, 36, 39]","['Camargo', 'Casas', 'González', 'Matamoros', 'Méndez', 'Reynosa', 'Río Bravo', 'San Fernando', 'Soto la Marina', 'Valle Hermoso']"
5,67,5.138918504543778,125.23272,10,"[2, 11, 12, 21, 22, 23, 31, 32, 34, 39]","['Altamira', 'González', 'Güémez', 'Matamoros', 'Méndez', 'Mier', 'Reynosa', 'Río Bravo', 'San Fernando', 'Valle Hermoso']"
3,72,5.145960288531956,128.460678,10,"[1, 7, 11, 21, 22, 23, 31, 32, 34, 39]","['Aldama', 'Casas', 'González', 'Matamoros', 'Méndez', 'Mier', 'Reynosa', 'Río Bravo', 'San Fernando', 'Valle Hermoso']"
20,92,5.209383684115014,146.150389,10,"[6, 7, 11, 21, 22, 31, 32, 33, 34, 39]","['Camargo', 'Casas', 'González', 'Matamoros', 'Méndez', 'Reynosa', 'Río Bravo', 'San Carlos', 'San Fernando', 'Valle Hermoso']"
26,43,5.223533477444023,129.804564,10,"[7, 11, 21, 22, 24, 31, 32, 34, 36, 39]","['Casas', 'González', 'Matamoros', 'Méndez', 'Miguel Alemán', 'Reynosa', 'Río Bravo', 'San Fernando', 'Soto la Marina', 'Valle Hermoso']"
8,30,5.2718509238177536,125.23272,10,"[2, 11, 12, 13, 21, 22, 31, 32, 34, 39]","['Altamira', 'González', 'Güémez', 'Guerrero', 'Matamoros', 'Méndez', 'Reynosa', 'Río Bravo', 'San Fernando', 'Valle Hermoso']"
26,46,5.339801002063486,128.460678,10,"[7, 11, 21, 22, 23, 31, 32, 34, 36, 39]","['Casas', 'González', 'Matamoros', 'Méndez', 'Mier', 'Reynosa', 'Río Bravo', 'San Fernando', 'Soto la Marina', 'Valle Hermoso']"
4,51,5.512775631052689,146.150389,10,"[6, 11, 12, 21, 22, 31, 32, 34, 36, 39]","['Camargo', 'González', 'Güémez', 'Matamoros', 'Méndez', 'Reynosa', 'Río Bravo', 'San Fernando', 'Soto la Marina', 'Valle Hermoso']"
5,75,5.5995143367154245,122.698237,10,"[2, 11, 21, 22, 23, 31, 32, 34, 39, 40]","['Altamira', 'González', 'Matamoros', 'Méndez', 'Mier', 'Reynosa', 'Río Bravo', 'San Fernando', 'Valle Hermoso', 'Victoria']"
4,46,5.675235013110599,129.804564,10,"[11, 12, 21, 22, 24, 31, 32, 34, 36, 39]","['González', 'Güémez', 'Matamoros', 'Méndez', 'Miguel Alemán', 'Reynosa', 'Río Bravo', 'San Fernando', 'Soto la Marina', 'Valle Hermoso']"
17,67,5.677101909842729,125.23272,10,"[8, 11, 12, 21, 22, 23, 31, 32, 34, 39]","['Ciudad Madero', 'González', 'Güémez', 'Matamoros', 'Méndez', 'Mier', 'Reynosa', 'Río Bravo', 'San Fernando', 'Valle Hermoso']"
0,39,5.7324467559894,106.008269,10,"[2, 11, 13, 21, 22, 31, 32, 34, 39, 40]","['Altamira', 'González', 'Guerrero', 'Matamoros', 'Méndez', 'Reynosa', 'Río Bravo', 'San Fernando', 'Valle Hermoso', 'Victoria']"
1,72,5.791502537730062,125.23272,10,"[11, 12, 21, 22, 23, 31, 32, 34, 36, 39]","['González', 'Güémez', 'Matamoros', 'Méndez', 'Mier', 'Reynosa', 'Río Bravo', 'San Fernando', 'Soto la Marina', 'Valle Hermoso']"
20,86,5.792978184482043,129.804564,10,"[7, 11, 21, 22, 24, 31, 32, 34, 39, 40]","['Casas', 'González', 'Matamoros', 'Méndez', 'Miguel Alemán', 'Reynosa', 'Río Bravo', 'San Fernando', 'Valle Hermoso', 'Victoria']"
24,60,5.810034329116704,125.23272,10,"[8, 11, 12, 13, 21, 22, 31, 32, 34, 39]","['Ciudad Madero', 'González', 'Güémez', 'Guerrero', 'Matamoros', 'Méndez', 'Reynosa', 'Río Bravo', 'San Fernando', 'Valle Hermoso']"
20,63,5.860598857022222,128.460678,10,"[4, 7, 11, 21, 22, 23, 31, 32, 34, 39]","['Burgos', 'Casas', 'González', 'Matamoros', 'Méndez', 'Mier', 'Reynosa', 'Río Bravo', 'San Fernando', 'Valle Hermoso']"
13,37,5.86176207596073,125.23272,10,"[0, 11, 12, 21, 22, 23, 31, 32, 34, 39]","['Abasolo', 'González', 'Güémez', 'Matamoros', 'Méndez', 'Mier', 'Reynosa', 'Río Bravo', 'San Fernando', 'Valle Hermoso']"
10,62,5.865864780516636,122.698237,10,"[7, 11, 18, 21, 22, 23, 31, 32, 34, 39]","['Casas', 'González', 'Llera', 'Matamoros', 'Méndez', 'Mier', 'Reynosa', 'Río Bravo', 'San Fernando', 'Valle Hermoso']"
1,70,5.879552621662669,122.698237,10,"[11, 21, 22, 23, 31, 32, 34, 36, 39, 40]","['González', 'Matamoros', 'Méndez', 'Mier', 'Reynosa', 'Río Bravo', 'San Fernando', 'Soto la Marina', 'Valle Hermoso', 'Victoria']"
3,52,5.898218473733538,125.23272,10,"[7, 11, 12, 21, 22, 23, 31, 32, 34, 39]","['Casas', 'González', 'Güémez', 'Matamoros', 'Méndez', 'Mier', 'Reynosa', 'Río Bravo', 'San Fernando', 'Valle Hermoso']"
3,59,5.909245709101505,122.698237,10,"[7, 11, 21, 22, 23, 31, 32, 34, 39, 40]","['Casas', 'González', 'Matamoros', 'Méndez', 'Mier', 'Reynosa', 'Río Bravo', 'San Fernando', 'Valle Hermoso', 'Victoria']"
2,76,5.924434957004037,125.23272,10,"[11, 12, 13, 21, 22, 31, 32, 34, 36, 39]","['González', 'Güémez', 'Guerrero', 'Matamoros', 'Méndez', 'Reynosa', 'Río Bravo', 'San Fernando', 'Soto la Marina', 'Valle Hermoso']"
15,63,5.944505716359357,106.008269,10,"[2, 11, 21, 22, 26, 31, 32, 34, 39, 40]","['Altamira', 'González', 'Matamoros', 'Méndez', 'Nuevo Laredo', 'Reynosa', 'Río Bravo', 'San Fernando', 'Valle Hermoso', 'Victoria']"
6,95,5.996348331295522,122.698237,10,"[2, 11, 18, 21, 22, 23, 31, 32, 34, 39]","['Altamira', 'González', 'Llera', 'Matamoros', 'Méndez', 'Mier', 'Reynosa', 'Río Bravo', 'San Fernando', 'Valle Hermoso']"
2,83,5.998797199790613,120.713771,10,"[7, 11, 13, 18, 21, 22, 31, 32, 34, 39]","['Casas', 'González', 'Guerrero', 'Llera', 'Matamoros', 'Méndez', 'Reynosa', 'Río Bravo', 'San Fernando', 'Valle Hermoso']"
1,86,6.012485040936646,106.008269,10,"[11, 13, 21, 22, 31, 32, 34, 36, 39, 40]","['González', 'Guerrero', 'Matamoros', 'Méndez', 'Reynosa', 'Río Bravo', 'San Fernando', 'Soto la Marina', 'Valle Hermoso', 'Victoria']"
3,42,6.042178128375481,106.008269,10,"[7, 11, 13, 21, 22, 31, 32, 34, 39, 40]","['Casas', 'González', 'Guerrero', 'Matamoros', 'Méndez', 'Reynosa', 'Río Bravo', 'San Fernando', 'Valle Hermoso', 'Victoria']"
6,45,6.129280750569497,120.713771,10,"[2, 11, 13, 18, 21, 22, 31, 32, 34, 39]","['Altamira', 'González', 'Guerrero', 'Llera', 'Matamoros', 'Méndez', 'Reynosa', 'Río Bravo', 'San Fernando', 'Valle Hermoso']"
25,56,6.21085616016057,120.713771,10,"[7, 11, 18, 21, 22, 26, 31, 32, 34, 39]","['Casas', 'González', 'Llera', 'Matamoros', 'Méndez', 'Nuevo Laredo', 'Reynosa', 'Río Bravo', 'San Fernando', 'Valle Hermoso']"
26,42,6.247683739011588,110.47534,10,"[7, 11, 13, 21, 22, 25, 31, 32, 34, 39]","['Casas', 'González', 'Guerrero', 'Matamoros', 'Méndez', 'Miquihuana', 'Reynosa', 'Río Bravo', 'San Fernando', 'Valle Hermoso']"
25,44,6.459742699381546,110.47534,10,"[7, 11, 21, 22, 25, 26, 31, 32, 34, 39]","['Casas', 'González', 'Matamoros', 'Méndez', 'Miquihuana', 'Nuevo Laredo', 'Reynosa', 'Río Bravo', 'San Fernando', 'Valle Hermoso']"
6,79,6.759936752360588,106.008269,10,"[11, 13, 18, 21, 22, 29, 31, 32, 34, 39]","['González', 'Guerrero', 'Llera', 'Matamoros', 'Méndez', 'Padilla', 'Reynosa', 'Río Bravo', 'San Fernando', 'Valle Hermoso']"
13,35,6.880020109639938,106.008269,10,"[11, 12, 13, 18, 21, 22, 31, 32, 34, 39]","['González', 'Güémez', 'Guerrero', 'Llera', 'Matamoros', 'Méndez', 'Reynosa', 'Río Bravo', 'San Fernando', 'Valle Hermoso']"
25,91,6.971995712730545,106.008269,10,"[11, 18, 21, 22, 26, 29, 31, 32, 34, 39]","['González', 'Llera', 'Matamoros', 'Méndez', 'Nuevo Laredo', 'Padilla', 'Reynosa', 'Río Bravo', 'San Fernando', 'Valle Hermoso']"
0,65,7.283771005422787,103.28924,10,"[6, 11, 21, 22, 26, 31, 32, 34, 39, 40]","['Camargo', 'González', 'Matamoros', 'Méndez', 'Nuevo Laredo', 'Reynosa', 'Río Bravo', 'San Fernando', 'Valle Hermoso', 'Victoria']"
18,79,7.354522964674193,103.28924,10,"[11, 14, 21, 22, 26, 31, 32, 34, 39, 40]","['González', 'Gustavo Díaz Ordaz', 'Matamoros', 'Méndez', 'Nuevo Laredo', 'Reynosa', 'Río Bravo', 'San Fernando', 'Valle Hermoso', 'Victoria']"
2,53,7.446230387480697,103.28924,10,"[11, 21, 22, 24, 26, 31, 32, 34, 39, 40]","['González', 'Matamoros', 'Méndez', 'Miguel Alemán', 'Nuevo Laredo', 'Reynosa', 'Río Bravo', 'San Fernando', 'Valle Hermoso', 'Victoria']"
0,96,8.614259057454806,99.762503,10,"[4, 6, 11, 21, 26, 31, 32, 34, 39, 40]","['Burgos', 'Camargo', 'González', 'Matamoros', 'Nuevo Laredo', 'Reynosa', 'Río Bravo', 'San Fernando', 'Valle Hermoso', 'Victoria']"
7,5,8.685011016706213,99.762503,10,"[4, 11, 14, 21, 26, 31, 32, 34, 39, 40]","['Burgos', 'González', 'Gustavo Díaz Ordaz', 'Matamoros', 'Nuevo Laredo', 'Reynosa', 'Río Bravo', 'San Fernando', 'Valle Hermoso', 'Victoria']"
28,48,8.89298596413218,99.762503,10,"[4, 11, 21, 23, 26, 31, 32, 34, 39, 40]","['Burgos', 'González', 'Matamoros', 'Mier', 'Nuevo Laredo', 'Reynosa', 'Río Bravo', 'San Fernando', 'Valle Hermoso', 'Victoria']"
2,60,8.97079739603194,101.132136,10,"[4, 6, 11, 18, 21, 26, 31, 32, 34, 39]","['Burgos', 'Camargo', 'González', 'Llera', 'Matamoros', 'Nuevo Laredo', 'Reynosa', 'Río Bravo', 'San Fernando', 'Valle Hermoso']"
2,71,9.025918383406156,99.762503,10,"[4, 11, 13, 21, 26, 31, 32, 34, 39, 40]","['Burgos', 'González', 'Guerrero', 'Matamoros', 'Nuevo Laredo', 'Reynosa', 'Río Bravo', 'San Fernando', 'Valle Hermoso', 'Victoria']"
4,75,9.128821975351014,91.820321,10,"[6, 11, 18, 21, 22, 26, 29, 32, 34, 39]","['Camargo', 'González', 'Llera', 'Matamoros', 'Méndez', 'Nuevo Laredo', 'Padilla', 'Río Bravo', 'San Fernando', 'Valle Hermoso']"
18,92,9.179622647423328,101.65538,10,"[6, 11, 21, 22, 26, 29, 32, 34, 39, 42]","['Camargo', 'González', 'Matamoros', 'Méndez', 'Nuevo Laredo', 'Padilla', 'Río Bravo', 'San Fernando', 'Valle Hermoso', 'Xicoténcatl']"
2,85,9.248905332630365,93.902475,10,"[6, 11, 12, 18, 21, 22, 26, 32, 34, 39]","['Camargo', 'González', 'Güémez', 'Llera', 'Matamoros', 'Méndez', 'Nuevo Laredo', 'Río Bravo', 'San Fernando', 'Valle Hermoso']"
1,80,9.263813369025653,99.762503,10,"[6, 11, 21, 22, 26, 29, 32, 34, 39, 40]","['Camargo', 'González', 'Matamoros', 'Méndez', 'Nuevo Laredo', 'Padilla', 'Río Bravo', 'San Fernando', 'Valle Hermoso', 'Victoria']"
3,77,9.29970600470268,93.902475,10,"[6, 11, 12, 21, 22, 26, 32, 34, 39, 42]","['Camargo', 'González', 'Güémez', 'Matamoros', 'Méndez', 'Nuevo Laredo', 'Río Bravo', 'San Fernando', 'Valle Hermoso', 'Xicoténcatl']"
28,76,9.315101706168344,91.820321,10,"[6, 11, 16, 21, 22, 26, 29, 32, 34, 39]","['Camargo', 'González', 'Jaumave', 'Matamoros', 'Méndez', 'Nuevo Laredo', 'Padilla', 'Río Bravo', 'San Fernando', 'Valle Hermoso']"
18,56,9.33456532827706,99.762503,10,"[11, 14, 21, 22, 26, 29, 32, 34, 39, 40]","['González', 'Gustavo Díaz Ordaz', 'Matamoros', 'Méndez', 'Nuevo Laredo', 'Padilla', 'Río Bravo', 'San Fernando', 'Valle Hermoso', 'Victoria']"
18,24,9.347001200207526,91.820321,10,"[6, 11, 21, 22, 26, 28, 29, 32, 34, 39]","['Camargo', 'González', 'Matamoros', 'Méndez', 'Nuevo Laredo', 'Ocampo', 'Padilla', 'Río Bravo', 'San Fernando', 'Valle Hermoso']"
17,15,9.385710076979327,93.902475,10,"[10, 11, 12, 14, 21, 22, 26, 32, 34, 39]","['Gómez Farías', 'González', 'Güémez', 'Gustavo Díaz Ordaz', 'Matamoros', 'Méndez', 'Nuevo Laredo', 'Río Bravo', 'San Fernando', 'Valle Hermoso']"
1,62,9.385853665419749,91.820321,10,"[11, 14, 16, 21, 22, 26, 29, 32, 34, 39]","['González', 'Gustavo Díaz Ordaz', 'Jaumave', 'Matamoros', 'Méndez', 'Nuevo Laredo', 'Padilla', 'Río Bravo', 'San Fernando', 'Valle Hermoso']"
24,51,9.389214121849115,91.820321,10,"[6, 11, 21, 22, 26, 29, 30, 32, 34, 39]","['Camargo', 'González', 'Matamoros', 'Méndez', 'Nuevo Laredo', 'Padilla', 'Palmillas', 'Río Bravo', 'San Fernando', 'Valle Hermoso']"
5,84,9.499552225048648,91.820321,10,"[6, 11, 21, 22, 26, 29, 32, 34, 38, 39]","['Camargo', 'González', 'Matamoros', 'Méndez', 'Nuevo Laredo', 'Padilla', 'Río Bravo', 'San Fernando', 'Tula', 'Valle Hermoso']"
7,79,9.520715457285748,93.902475,10,"[6, 11, 12, 18, 21, 26, 31, 32, 34, 39]","['Camargo', 'González', 'Güémez', 'Llera', 'Matamoros', 'Nuevo Laredo', 'Reynosa', 'Río Bravo', 'San Fernando', 'Valle Hermoso']"
9,92,9.571516129358063,93.902475,10,"[6, 11, 12, 21, 26, 31, 32, 34, 39, 42]","['Camargo', 'González', 'Güémez', 'Matamoros', 'Nuevo Laredo', 'Reynosa', 'Río Bravo', 'San Fernando', 'Valle Hermoso', 'Xicoténcatl']"
7,42,9.677215849282195,92.781591,10,"[4, 6, 7, 11, 18, 21, 26, 32, 34, 39]","['Burgos', 'Camargo', 'Casas', 'González', 'Llera', 'Matamoros', 'Nuevo Laredo', 'Río Bravo', 'San Fernando', 'Valle Hermoso']"
3,78,9.86549013721708,92.781591,10,"[4, 6, 7, 11, 16, 21, 26, 32, 34, 39]","['Burgos', 'Camargo', 'Casas', 'González', 'Jaumave', 'Matamoros', 'Nuevo Laredo', 'Río Bravo', 'San Fernando', 'Valle Hermoso']"
17,77,9.925642886464873,91.820321,10,"[11, 21, 22, 23, 26, 29, 32, 34, 38, 39]","['González', 'Matamoros', 'Méndez', 'Mier', 'Nuevo Laredo', 'Padilla', 'Río Bravo', 'San Fernando', 'Tula', 'Valle Hermoso']"
9,80,9.926933665658442,92.781591,10,"[4, 6, 7, 11, 21, 26, 32, 34, 38, 39]","['Burgos', 'Camargo', 'Casas', 'González', 'Matamoros', 'Nuevo Laredo', 'Río Bravo', 'San Fernando', 'Tula', 'Valle Hermoso']"
29,63,9.933025955233889,99.762503,10,"[6, 11, 19, 21, 22, 26, 32, 34, 39, 40]","['Camargo', 'González', 'Mainero', 'Matamoros', 'Méndez', 'Nuevo Laredo', 'Río Bravo', 'San Fernando', 'Valle Hermoso', 'Victoria']"
23,55,10.01109096296276,93.902475,10,"[11, 12, 21, 22, 23, 25, 26, 32, 34, 39]","['González', 'Güémez', 'Matamoros', 'Méndez', 'Mier', 'Miquihuana', 'Nuevo Laredo', 'Río Bravo', 'San Fernando', 'Valle Hermoso']"
0,52,10.062646496817313,91.820321,10,"[5, 11, 13, 21, 22, 26, 29, 32, 34, 39]","['Bustamante', 'González', 'Guerrero', 'Matamoros', 'Méndez', 'Nuevo Laredo', 'Padilla', 'Río Bravo', 'San Fernando', 'Valle Hermoso']"
29,69,10.300155400373457,97.088288,10,"[11, 14, 18, 19, 21, 22, 26, 32, 34, 39]","['González', 'Gustavo Díaz Ordaz', 'Llera', 'Mainero', 'Matamoros', 'Méndez', 'Nuevo Laredo', 'Río Bravo', 'San Fernando', 'Valle Hermoso']"
23,19,10.360936702754183,92.781591,10,"[4, 7, 11, 21, 23, 25, 26, 32, 34, 39]","['Burgos', 'Casas', 'González', 'Matamoros', 'Mier', 'Miquihuana', 'Nuevo Laredo', 'Río Bravo', 'San Fernando', 'Valle Hermoso']"
29,38,10.665651279607514,95.229076,10,"[1, 14, 18, 19, 21, 26, 31, 32, 34, 39]","['Aldama', 'Gustavo Díaz Ordaz', 'Llera', 'Mainero', 'Matamoros', 'Nuevo Laredo', 'Reynosa', 'Río Bravo', 'San Fernando', 'Valle Hermoso']"
7,71,10.668640302516568,89.54682,10,"[6, 7, 11, 18, 21, 26, 32, 33, 34, 39]","['Camargo', 'Casas', 'González', 'Llera', 'Matamoros', 'Nuevo Laredo', 'Río Bravo', 'San Carlos', 'San Fernando', 'Valle Hermoso']"
5,71,10.815572917395006,89.54682,10,"[6, 7, 11, 18, 21, 26, 32, 34, 35, 39]","['Camargo', 'Casas', 'González', 'Llera', 'Matamoros', 'Nuevo Laredo', 'Río Bravo', 'San Fernando', 'San Nicolás', 'Valle Hermoso']"
28,84,10.849752174568396,91.627469,10,"[6, 7, 11, 21, 26, 28, 32, 33, 34, 39]","['Camargo', 'Casas', 'González', 'Matamoros', 'Nuevo Laredo', 'Ocampo', 'Río Bravo', 'San Carlos', 'San Fernando', 'Valle Hermoso']"
28,72,10.856914590451453,89.54682,10,"[6, 7, 11, 16, 21, 26, 32, 33, 34, 39]","['Camargo', 'Casas', 'González', 'Jaumave', 'Matamoros', 'Nuevo Laredo', 'Río Bravo', 'San Carlos', 'San Fernando', 'Valle Hermoso']"
8,72,10.912225289363164,89.54682,10,"[7, 11, 18, 21, 24, 26, 32, 33, 34, 39]","['Casas', 'González', 'Llera', 'Matamoros', 'Miguel Alemán', 'Nuevo Laredo', 'Río Bravo', 'San Carlos', 'San Fernando', 'Valle Hermoso']"
18,47,10.92903244901467,89.54682,10,"[6, 7, 11, 21, 26, 30, 32, 33, 34, 39]","['Camargo', 'Casas', 'González', 'Matamoros', 'Nuevo Laredo', 'Palmillas', 'Río Bravo', 'San Carlos', 'San Fernando', 'Valle Hermoso']"
13,64,10.989915483149813,89.54682,10,"[6, 11, 18, 21, 26, 32, 33, 34, 36, 39]","['Camargo', 'González', 'Llera', 'Matamoros', 'Nuevo Laredo', 'Río Bravo', 'San Carlos', 'San Fernando', 'Soto la Marina', 'Valle Hermoso']"
14,89,11.059157904241601,89.54682,10,"[7, 11, 18, 21, 24, 26, 32, 34, 35, 39]","['Casas', 'González', 'Llera', 'Matamoros', 'Miguel Alemán', 'Nuevo Laredo', 'Río Bravo', 'San Fernando', 'San Nicolás', 'Valle Hermoso']"
2,88,11.062970209098436,89.54682,10,"[6, 7, 11, 18, 21, 26, 32, 34, 39, 41]","['Camargo', 'Casas', 'González', 'Llera', 'Matamoros', 'Nuevo Laredo', 'Río Bravo', 'San Fernando', 'Valle Hermoso', 'Villagrán']"
9,72,11.065290733771253,89.54682,10,"[6, 7, 11, 21, 26, 32, 34, 35, 38, 39]","['Camargo', 'Casas', 'González', 'Matamoros', 'Nuevo Laredo', 'Río Bravo', 'San Fernando', 'San Nicolás', 'Tula', 'Valle Hermoso']"
4,74,11.145803686939187,89.54682,10,"[6, 11, 18, 21, 26, 32, 34, 35, 36, 39]","['Camargo', 'González', 'Llera', 'Matamoros', 'Nuevo Laredo', 'Río Bravo', 'San Fernando', 'San Nicolás', 'Soto la Marina', 'Valle Hermoso']"
1,88,11.186826991636964,89.54682,10,"[6, 7, 11, 18, 19, 21, 26, 32, 34, 39]","['Camargo', 'Casas', 'González', 'Llera', 'Mainero', 'Matamoros', 'Nuevo Laredo', 'Río Bravo', 'San Fernando', 'Valle Hermoso']"
10,84,11.25757895088837,89.54682,10,"[7, 11, 14, 18, 19, 21, 26, 32, 34, 39]","['Casas', 'González', 'Gustavo Díaz Ordaz', 'Llera', 'Mainero', 'Matamoros', 'Nuevo Laredo', 'Río Bravo', 'San Fernando', 'Valle Hermoso']"
9,82,11.287128661380258,81.482774,10,"[1, 6, 7, 21, 26, 32, 34, 35, 38, 39]","['Aldama', 'Camargo', 'Casas', 'Matamoros', 'Nuevo Laredo', 'Río Bravo', 'San Fernando', 'San Nicolás', 'Tula', 'Valle Hermoso']"
0,67,11.331249443668789,89.54682,10,"[5, 6, 7, 11, 21, 26, 32, 34, 39, 41]","['Bustamante', 'Camargo', 'Casas', 'González', 'Matamoros', 'Nuevo Laredo', 'Río Bravo', 'San Fernando', 'Valle Hermoso', 'Villagrán']"
6,90,11.593798279056212,89.54682,10,"[6, 11, 18, 21, 26, 29, 32, 33, 34, 39]","['Camargo', 'González', 'Llera', 'Matamoros', 'Nuevo Laredo', 'Padilla', 'Río Bravo', 'San Carlos', 'San Fernando', 'Valle Hermoso']"
3,76,11.618686266418443,89.54682,10,"[7, 11, 16, 19, 21, 24, 26, 32, 34, 39]","['Casas', 'González', 'Jaumave', 'Mainero', 'Matamoros', 'Miguel Alemán', 'Nuevo Laredo', 'Río Bravo', 'San Fernando', 'Valle Hermoso']"
16,60,11.630545922439909,81.482774,10,"[2, 6, 7, 21, 26, 32, 33, 34, 38, 39]","['Altamira', 'Camargo', 'Casas', 'Matamoros', 'Nuevo Laredo', 'Río Bravo', 'San Carlos', 'San Fernando', 'Tula', 'Valle Hermoso']"
11,84,11.777478537318348,81.482774,10,"[2, 6, 7, 21, 26, 32, 34, 35, 38, 39]","['Altamira', 'Camargo', 'Casas', 'Matamoros', 'Nuevo Laredo', 'Río Bravo', 'San Fernando', 'San Nicolás', 'Tula', 'Valle Hermoso']"
10,63,11.901967722468811,81.482774,10,"[1, 7, 19, 21, 24, 26, 32, 34, 38, 39]","['Aldama', 'Casas', 'Mainero', 'Matamoros', 'Miguel Alemán', 'Nuevo Laredo', 'Río Bravo', 'San Fernando', 'Tula', 'Valle Hermoso']"
14,57,12.095636134656049,85.066614,10,"[1, 6, 12, 21, 26, 28, 32, 34, 35, 39]","['Aldama', 'Camargo', 'Güémez', 'Matamoros', 'Nuevo Laredo', 'Ocampo', 'Río Bravo', 'San Fernando', 'San Nicolás', 'Valle Hermoso']"
29,78,12.148732611560305,81.482774,10,"[2, 6, 7, 19, 21, 26, 32, 34, 38, 39]","['Altamira', 'Camargo', 'Casas', 'Mainero', 'Matamoros', 'Nuevo Laredo', 'Río Bravo', 'San Fernando', 'Tula', 'Valle Hermoso']"
7,54,12.571318523737755,87.858692,10,"[2, 6, 7, 11, 18, 21, 26, 32, 33, 34]","['Altamira', 'Camargo', 'Casas', 'González', 'Llera', 'Matamoros', 'Nuevo Laredo', 'Río Bravo', 'San Carlos', 'San Fernando']"
25,78,12.718251138616193,87.858692,10,"[2, 6, 7, 11, 18, 21, 26, 32, 34, 35]","['Altamira', 'Camargo', 'Casas', 'González', 'Llera', 'Matamoros', 'Nuevo Laredo', 'Río Bravo', 'San Fernando', 'San Nicolás']"
16,20,12.821036340114002,74.208543,10,"[2, 6, 7, 11, 21, 26, 32, 33, 34, 38]","['Altamira', 'Camargo', 'Casas', 'González', 'Matamoros', 'Nuevo Laredo', 'Río Bravo', 'San Carlos', 'San Fernando', 'Tula']"
8,83,12.831710670235855,87.858692,10,"[2, 6, 7, 11, 21, 26, 30, 32, 33, 34]","['Altamira', 'Camargo', 'Casas', 'González', 'Matamoros', 'Nuevo Laredo', 'Palmillas', 'Río Bravo', 'San Carlos', 'San Fernando']"
25,64,12.862595784982494,81.482774,10,"[2, 6, 7, 21, 26, 31, 32, 34, 35, 38]","['Altamira', 'Camargo', 'Casas', 'Matamoros', 'Nuevo Laredo', 'Reynosa', 'Río Bravo', 'San Fernando', 'San Nicolás', 'Tula']"
6,97,12.927974331768908,87.858692,10,"[0, 2, 6, 11, 18, 21, 26, 32, 33, 34]","['Abasolo', 'Altamira', 'Camargo', 'González', 'Llera', 'Matamoros', 'Nuevo Laredo', 'Río Bravo', 'San Carlos', 'San Fernando']"
18,88,12.938758431632442,85.066614,10,"[1, 12, 14, 21, 22, 26, 28, 32, 33, 34]","['Aldama', 'Güémez', 'Gustavo Díaz Ordaz', 'Matamoros', 'Méndez', 'Nuevo Laredo', 'Ocampo', 'Río Bravo', 'San Carlos', 'San Fernando']"
9,75,12.96796895499244,80.642886,10,"[2, 6, 7, 11, 21, 26, 32, 34, 35, 38]","['Altamira', 'Camargo', 'Casas', 'González', 'Matamoros', 'Nuevo Laredo', 'Río Bravo', 'San Fernando', 'San Nicolás', 'Tula']"
0,71,12.986530373186545,87.858692,10,"[2, 5, 6, 7, 11, 21, 26, 32, 34, 35]","['Altamira', 'Bustamante', 'Camargo', 'Casas', 'González', 'Matamoros', 'Nuevo Laredo', 'Río Bravo', 'San Fernando', 'San Nicolás']"
4,87,13.048481908160372,87.858692,10,"[2, 6, 11, 18, 21, 26, 32, 34, 35, 36]","['Altamira', 'Camargo', 'González', 'Llera', 'Matamoros', 'Nuevo Laredo', 'Río Bravo', 'San Fernando', 'San Nicolás', 'Soto la Marina']"
17,78,13.109501929036707,87.858692,10,"[6, 7, 8, 11, 18, 21, 26, 32, 33, 34]","['Camargo', 'Casas', 'Ciudad Madero', 'González', 'Llera', 'Matamoros', 'Nuevo Laredo', 'Río Bravo', 'San Carlos', 'San Fernando']"
6,96,13.142554939666232,86.385003,10,"[1, 6, 17, 21, 22, 26, 32, 33, 34, 38]","['Aldama', 'Camargo', 'Jiménez', 'Matamoros', 'Méndez', 'Nuevo Laredo', 'Río Bravo', 'San Carlos', 'San Fernando', 'Tula']"
15,57,13.16512324797436,87.858692,10,"[6, 7, 11, 18, 21, 26, 32, 33, 34, 37]","['Camargo', 'Casas', 'González', 'Llera', 'Matamoros', 'Nuevo Laredo', 'Río Bravo', 'San Carlos', 'San Fernando', 'Tampico']"
11,53,13.215366246695869,74.208543,10,"[2, 6, 7, 11, 21, 26, 32, 34, 38, 41]","['Altamira', 'Camargo', 'Casas', 'González', 'Matamoros', 'Nuevo Laredo', 'Río Bravo', 'San Fernando', 'Tula', 'Villagrán']"
5,91,13.252042126127192,88.50602,10,"[6, 7, 8, 21, 26, 32, 34, 35, 38, 39]","['Camargo', 'Casas', 'Ciudad Madero', 'Matamoros', 'Nuevo Laredo', 'Río Bravo', 'San Fernando', 'San Nicolás', 'Tula', 'Valle Hermoso']"
5,72,13.256434543915143,87.858692,10,"[6, 7, 8, 11, 18, 21, 26, 32, 34, 35]","['Camargo', 'Casas', 'Ciudad Madero', 'González', 'Llera', 'Matamoros', 'Nuevo Laredo', 'Río Bravo', 'San Fernando', 'San Nicolás']"
29,67,13.339223029234399,74.208543,10,"[2, 6, 7, 11, 19, 21, 26, 32, 34, 38]","['Altamira', 'Camargo', 'Casas', 'González', 'Mainero', 'Matamoros', 'Nuevo Laredo', 'Río Bravo', 'San Fernando', 'Tula']"
20,82,13.359219745412954,74.208543,10,"[6, 7, 8, 11, 21, 26, 32, 33, 34, 38]","['Camargo', 'Casas', 'Ciudad Madero', 'González', 'Matamoros', 'Nuevo Laredo', 'Río Bravo', 'San Carlos', 'San Fernando', 'Tula']"
28,74,13.42551539447246,87.858692,10,"[6, 7, 11, 21, 26, 30, 32, 33, 34, 37]","['Camargo', 'Casas', 'González', 'Matamoros', 'Nuevo Laredo', 'Palmillas', 'Río Bravo', 'San Carlos', 'San Fernando', 'Tampico']"
5,88,13.50615236029139,80.642886,10,"[6, 7, 8, 11, 21, 26, 32, 34, 35, 38]","['Camargo', 'Casas', 'Ciudad Madero', 'González', 'Matamoros', 'Nuevo Laredo', 'Río Bravo', 'San Fernando', 'San Nicolás', 'Tula']"
24,59,13.520339732833088,87.858692,10,"[1, 6, 7, 11, 18, 21, 26, 32, 33, 34]","['Aldama', 'Camargo', 'Casas', 'González', 'Llera', 'Matamoros', 'Nuevo Laredo', 'Río Bravo', 'San Carlos', 'San Fernando']"
2,69,13.559453154556229,87.858692,10,"[6, 7, 11, 18, 21, 26, 32, 34, 37, 41]","['Camargo', 'Casas', 'González', 'Llera', 'Matamoros', 'Nuevo Laredo', 'Río Bravo', 'San Fernando', 'Tampico', 'Villagrán']"
19,82,13.698440577408508,87.858692,10,"[7, 8, 11, 14, 18, 19, 21, 26, 32, 34]","['Casas', 'Ciudad Madero', 'González', 'Gustavo Díaz Ordaz', 'Llera', 'Mainero', 'Matamoros', 'Nuevo Laredo', 'Río Bravo', 'San Fernando']"
21,55,13.91699016408777,81.262904,10,"[1, 6, 7, 11, 21, 26, 32, 34, 35, 38]","['Aldama', 'Camargo', 'Casas', 'González', 'Matamoros', 'Nuevo Laredo', 'Río Bravo', 'San Fernando', 'San Nicolás', 'Tula']"
10,91,13.933027753471002,74.208543,10,"[6, 7, 11, 19, 21, 26, 32, 34, 37, 38]","['Camargo', 'Casas', 'González', 'Mainero', 'Matamoros', 'Nuevo Laredo', 'Río Bravo', 'San Fernando', 'Tampico', 'Tula']"
13,84,14.03465990557635,87.858692,10,"[6, 8, 11, 18, 21, 26, 29, 32, 33, 34]","['Camargo', 'Ciudad Madero', 'González', 'Llera', 'Matamoros', 'Nuevo Laredo', 'Padilla', 'Río Bravo', 'San Carlos', 'San Fernando']"
24,69,14.461159517412998,81.262904,10,"[1, 6, 7, 18, 20, 21, 26, 32, 33, 34]","['Aldama', 'Camargo', 'Casas', 'Llera', 'El Mante', 'Matamoros', 'Nuevo Laredo', 'Río Bravo', 'San Carlos', 'San Fernando']"
22,59,14.5375669799529,81.262904,10,"[1, 6, 7, 18, 21, 26, 32, 33, 34, 42]","['Aldama', 'Camargo', 'Casas', 'Llera', 'Matamoros', 'Nuevo Laredo', 'Río Bravo', 'San Carlos', 'San Fernando', 'Xicoténcatl']"
28,79,14.701903009083313,81.262904,10,"[1, 6, 7, 21, 26, 30, 32, 33, 34, 42]","['Aldama', 'Camargo', 'Casas', 'Matamoros', 'Nuevo Laredo', 'Palmillas', 'Río Bravo', 'San Carlos', 'San Fernando', 'Xicoténcatl']"
27,82,14.723508240552945,78.541369,10,"[2, 7, 14, 21, 26, 32, 33, 34, 40, 42]","['Altamira', 'Casas', 'Gustavo Díaz Ordaz', 'Matamoros', 'Nuevo Laredo', 'Río Bravo', 'San Carlos', 'San Fernando', 'Victoria', 'Xicoténcatl']"
18,52,14.739231888522388,81.262904,10,"[1, 7, 14, 21, 26, 28, 32, 33, 34, 40]","['Aldama', 'Casas', 'Gustavo Díaz Ordaz', 'Matamoros', 'Nuevo Laredo', 'Ocampo', 'Río Bravo', 'San Carlos', 'San Fernando', 'Victoria']"
16,83,14.834865175881092,71.232803,10,"[2, 6, 7, 10, 21, 26, 32, 33, 34, 40]","['Altamira', 'Camargo', 'Casas', 'Gómez Farías', 'Matamoros', 'Nuevo Laredo', 'Río Bravo', 'San Carlos', 'San Fernando', 'Victoria']"
0,30,14.873518564538461,81.262904,10,"[1, 7, 14, 21, 26, 27, 32, 34, 35, 40]","['Aldama', 'Casas', 'Gustavo Díaz Ordaz', 'Matamoros', 'Nuevo Laredo', 'Nuevo Morelos', 'Río Bravo', 'San Fernando', 'San Nicolás', 'Victoria']"
16,61,14.961497216218039,67.706109,10,"[2, 6, 7, 10, 21, 26, 32, 33, 34, 38]","['Altamira', 'Camargo', 'Casas', 'Gómez Farías', 'Matamoros', 'Nuevo Laredo', 'Río Bravo', 'San Carlos', 'San Fernando', 'Tula']"
7,12,15.076396027058218,79.739177,10,"[2, 6, 7, 18, 21, 26, 27, 32, 33, 34]","['Altamira', 'Camargo', 'Casas', 'Llera', 'Matamoros', 'Nuevo Laredo', 'Nuevo Morelos', 'Río Bravo', 'San Carlos', 'San Fernando']"
11,23,15.16917265893834,69.722158,10,"[2, 6, 7, 21, 26, 32, 34, 38, 41, 42]","['Altamira', 'Camargo', 'Casas', 'Matamoros', 'Nuevo Laredo', 'Río Bravo', 'San Fernando', 'Tula', 'Villagrán', 'Xicoténcatl']"
29,83,15.293029441476868,69.722158,10,"[2, 6, 7, 19, 21, 26, 32, 34, 38, 42]","['Altamira', 'Camargo', 'Casas', 'Mainero', 'Matamoros', 'Nuevo Laredo', 'Río Bravo', 'San Fernando', 'Tula', 'Xicoténcatl']"
0,79,15.293116481225146,80.642886,10,"[2, 6, 7, 21, 26, 27, 32, 34, 35, 40]","['Altamira', 'Camargo', 'Casas', 'Matamoros', 'Nuevo Laredo', 'Nuevo Morelos', 'Río Bravo', 'San Fernando', 'San Nicolás', 'Victoria']"
8,73,15.296304923601866,69.788658,10,"[2, 3, 6, 7, 21, 26, 30, 32, 33, 34]","['Altamira', 'Antiguo Morelos', 'Camargo', 'Casas', 'Matamoros', 'Nuevo Laredo', 'Palmillas', 'Río Bravo', 'San Carlos', 'San Fernando']"
23,81,15.344297124187191,69.788658,10,"[2, 6, 7, 21, 25, 26, 27, 32, 33, 34]","['Altamira', 'Camargo', 'Casas', 'Matamoros', 'Miquihuana', 'Nuevo Laredo', 'Nuevo Morelos', 'Río Bravo', 'San Carlos', 'San Fernando']"
6,53,15.4142686361628,81.262904,10,"[1, 6, 10, 17, 18, 21, 26, 32, 34, 35]","['Aldama', 'Camargo', 'Gómez Farías', 'Jiménez', 'Llera', 'Matamoros', 'Nuevo Laredo', 'Río Bravo', 'San Fernando', 'San Nicolás']"
6,42,15.461991200528793,79.739177,10,"[2, 14, 17, 18, 21, 26, 32, 33, 34, 42]","['Altamira', 'Gustavo Díaz Ordaz', 'Jiménez', 'Llera', 'Matamoros', 'Nuevo Laredo', 'Río Bravo', 'San Carlos', 'San Fernando', 'Xicoténcatl']"
22,71,15.525901562861536,79.739177,10,"[6, 7, 8, 18, 21, 26, 32, 33, 34, 42]","['Camargo', 'Casas', 'Ciudad Madero', 'Llera', 'Matamoros', 'Nuevo Laredo', 'Río Bravo', 'San Carlos', 'San Fernando', 'Xicoténcatl']"
0,94,15.63553551131836,73.454405,10,"[2, 7, 14, 21, 26, 27, 32, 34, 40, 41]","['Altamira', 'Casas', 'Gustavo Díaz Ordaz', 'Matamoros', 'Nuevo Laredo', 'Nuevo Morelos', 'Río Bravo', 'San Fernando', 'Victoria', 'Villagrán']"
14,41,15.661212898856498,83.316397,10,"[1, 6, 12, 18, 21, 26, 28, 32, 34, 35]","['Aldama', 'Camargo', 'Güémez', 'Llera', 'Matamoros', 'Nuevo Laredo', 'Ocampo', 'Río Bravo', 'San Fernando', 'San Nicolás']"
18,4,15.690237591991952,78.684483,10,"[6, 7, 8, 21, 26, 30, 32, 33, 34, 42]","['Camargo', 'Casas', 'Ciudad Madero', 'Matamoros', 'Nuevo Laredo', 'Palmillas', 'Río Bravo', 'San Carlos', 'San Fernando', 'Xicoténcatl']"
6,24,15.779758032403267,73.454405,10,"[2, 14, 17, 21, 26, 30, 32, 33, 34, 42]","['Altamira', 'Gustavo Díaz Ordaz', 'Jiménez', 'Matamoros', 'Nuevo Laredo', 'Palmillas', 'Río Bravo', 'San Carlos', 'San Fernando', 'Xicoténcatl']"
0,85,15.808368538913548,72.007396,10,"[2, 7, 21, 24, 26, 27, 32, 34, 40, 41]","['Altamira', 'Casas', 'Matamoros', 'Miguel Alemán', 'Nuevo Laredo', 'Nuevo Morelos', 'Río Bravo', 'San Fernando', 'Victoria', 'Villagrán']"
0,86,15.977559267282226,69.788658,10,"[2, 5, 7, 21, 24, 26, 27, 32, 34, 41]","['Altamira', 'Bustamante', 'Casas', 'Matamoros', 'Miguel Alemán', 'Nuevo Laredo', 'Nuevo Morelos', 'Río Bravo', 'San Fernando', 'Villagrán']"
2,73,16.173823497294165,78.684483,10,"[0, 6, 8, 10, 21, 26, 32, 34, 40, 41]","['Abasolo', 'Camargo', 'Ciudad Madero', 'Gómez Farías', 'Matamoros', 'Nuevo Laredo', 'Río Bravo', 'San Fernando', 'Victoria', 'Villagrán']"
6,4,16.26802915384207,67.706109,10,"[2, 13, 17, 21, 26, 30, 32, 33, 34, 42]","['Altamira', 'Guerrero', 'Jiménez', 'Matamoros', 'Nuevo Laredo', 'Palmillas', 'Río Bravo', 'San Carlos', 'San Fernando', 'Xicoténcatl']"
26,58,16.67011805151667,82.016092,10,"[6, 8, 18, 21, 26, 28, 32, 33, 34, 36]","['Camargo', 'Ciudad Madero', 'Llera', 'Matamoros', 'Nuevo Laredo', 'Ocampo', 'Río Bravo', 'San Carlos', 'San Fernando', 'Soto la Marina']"
13,85,16.674423028547277,82.016092,10,"[6, 8, 18, 21, 26, 27, 32, 33, 34, 36]","['Camargo', 'Ciudad Madero', 'Llera', 'Matamoros', 'Nuevo Laredo', 'Nuevo Morelos', 'Río Bravo', 'San Carlos', 'San Fernando', 'Soto la Marina']"
15,77,16.906648039529543,81.262904,10,"[6, 10, 17, 21, 26, 30, 32, 33, 34, 37]","['Camargo', 'Gómez Farías', 'Jiménez', 'Matamoros', 'Nuevo Laredo', 'Palmillas', 'Río Bravo', 'San Carlos', 'San Fernando', 'Tampico']"
21,68,17.351688197374127,80.642886,10,"[7, 11, 24, 26, 32, 34, 35, 37, 38, 39]","['Casas', 'González', 'Miguel Alemán', 'Nuevo Laredo', 'Río Bravo', 'San Fernando', 'San Nicolás', 'Tampico', 'Tula', 'Valle Hermoso']"
7,34,18.757349627575408,72.007396,10,"[0, 2, 6, 26, 27, 32, 33, 34, 39, 40]","['Abasolo', 'Altamira', 'Camargo', 'Nuevo Laredo', 'Nuevo Morelos', 'Río Bravo', 'San Carlos', 'San Fernando', 'Valle Hermoso', 'Victoria']"
7,43,19.803421728948777,69.788658,10,"[2, 6, 17, 26, 27, 30, 32, 33, 34, 39]","['Altamira', 'Camargo', 'Jiménez', 'Nuevo Laredo', 'Nuevo Morelos', 'Palmillas', 'Río Bravo', 'San Carlos', 'San Fernando', 'Valle Hermoso']"
14,54,20.471420595668274,80.642886,10,"[2, 3, 13, 17, 26, 30, 32, 34, 35, 39]","['Altamira', 'Antiguo Morelos', 'Guerrero', 'Jiménez', 'Nuevo Laredo', 'Palmillas', 'Río Bravo', 'San Fernando', 'San Nicolás', 'Valle Hermoso']"
11,65,21.39758481272482,64.305504,10,"[2, 6, 7, 9, 21, 26, 32, 38, 41, 42]","['Altamira', 'Camargo', 'Casas', 'Cruillas', 'Matamoros', 'Nuevo Laredo', 'Río Bravo', 'Tula', 'Villagrán', 'Xicoténcatl']"
29,86,21.703754192163657,67.706109,10,"[2, 6, 7, 19, 20, 21, 22, 26, 32, 38]","['Altamira', 'Camargo', 'Casas', 'Mainero', 'El Mante', 'Matamoros', 'Méndez', 'Nuevo Laredo', 'Río Bravo', 'Tula']"
10,89,23.392865705403146,69.788658,10,"[2, 3, 7, 9, 19, 21, 24, 26, 31, 38]","['Altamira', 'Antiguo Morelos', 'Casas', 'Cruillas', 'Mainero', 'Matamoros', 'Miguel Alemán', 'Nuevo Laredo', 'Reynosa', 'Tula']"
8,87,24.787709976831774,67.706109,10,"[2, 3, 6, 7, 11, 26, 30, 32, 33, 34]","['Altamira', 'Antiguo Morelos', 'Camargo', 'Casas', 'González', 'Nuevo Laredo', 'Palmillas', 'Río Bravo', 'San Carlos', 'San Fernando']"
7,3,24.8246187747788,67.706109,10,"[2, 6, 7, 11, 26, 27, 30, 32, 33, 34]","['Altamira', 'Camargo', 'Casas', 'González', 'Nuevo Laredo', 'Nuevo Morelos', 'Palmillas', 'Río Bravo', 'San Carlos', 'San Fernando']"
23,66,24.83465414651498,67.706109,10,"[2, 6, 7, 11, 25, 26, 27, 32, 33, 34]","['Altamira', 'Camargo', 'Casas', 'González', 'Miquihuana', 'Nuevo Laredo', 'Nuevo Morelos', 'Río Bravo', 'San Carlos', 'San Fernando']"
15,61,24.974001985018187,79.739177,10,"[7, 10, 11, 14, 18, 21, 26, 33, 34, 37]","['Casas', 'Gómez Farías', 'González', 'Gustavo Díaz Ordaz', 'Llera', 'Matamoros', 'Nuevo Laredo', 'San Carlos', 'San Fernando', 'Tampico']"
26,76,25.057505314419846,79.739177,10,"[6, 7, 8, 11, 18, 26, 32, 33, 34, 42]","['Camargo', 'Casas', 'Ciudad Madero', 'González', 'Llera', 'Nuevo Laredo', 'Río Bravo', 'San Carlos', 'San Fernando', 'Xicoténcatl']"
18,28,25.122347296334706,73.454405,10,"[7, 8, 11, 14, 21, 26, 30, 33, 34, 42]","['Casas', 'Ciudad Madero', 'González', 'Gustavo Díaz Ordaz', 'Matamoros', 'Nuevo Laredo', 'Palmillas', 'San Carlos', 'San Fernando', 'Xicoténcatl']"
28,71,25.144043315836875,78.541369,10,"[6, 7, 11, 26, 32, 33, 34, 37, 40, 42]","['Camargo', 'Casas', 'González', 'Nuevo Laredo', 'Río Bravo', 'San Carlos', 'San Fernando', 'Tampico', 'Victoria', 'Xicoténcatl']"
26,80,25.15767699114604,74.208543,10,"[6, 7, 8, 11, 18, 26, 32, 33, 34, 38]","['Camargo', 'Casas', 'Ciudad Madero', 'González', 'Llera', 'Nuevo Laredo', 'Río Bravo', 'San Carlos', 'San Fernando', 'Tula']"
0,83,25.224331302763414,69.722158,10,"[2, 5, 6, 7, 11, 26, 27, 32, 34, 41]","['Altamira', 'Bustamante', 'Camargo', 'Casas', 'González', 'Nuevo Laredo', 'Nuevo Morelos', 'Río Bravo', 'San Fernando', 'Villagrán']"
28,64,25.24403958267558,70.007497,10,"[6, 7, 11, 26, 28, 32, 33, 34, 37, 40]","['Camargo', 'Casas', 'González', 'Nuevo Laredo', 'Ocampo', 'Río Bravo', 'San Carlos', 'San Fernando', 'Tampico', 'Victoria']"
15,79,25.277462662487917,67.706109,10,"[6, 7, 11, 26, 30, 32, 33, 34, 37, 42]","['Camargo', 'Casas', 'González', 'Nuevo Laredo', 'Palmillas', 'Río Bravo', 'San Carlos', 'San Fernando', 'Tampico', 'Xicoténcatl']"
13,75,25.42725966622032,79.739177,10,"[6, 8, 11, 18, 26, 27, 32, 33, 34, 36]","['Camargo', 'Ciudad Madero', 'González', 'Llera', 'Nuevo Laredo', 'Nuevo Morelos', 'Río Bravo', 'San Carlos', 'San Fernando', 'Soto la Marina']"
17,71,25.604838374536016,69.722158,10,"[6, 7, 8, 11, 26, 32, 34, 38, 41, 42]","['Camargo', 'Casas', 'Ciudad Madero', 'González', 'Nuevo Laredo', 'Río Bravo', 'San Fernando', 'Tula', 'Villagrán', 'Xicoténcatl']"
10,90,25.890428359208887,69.722158,10,"[3, 6, 7, 11, 19, 26, 32, 34, 37, 38]","['Antiguo Morelos', 'Camargo', 'Casas', 'González', 'Mainero', 'Nuevo Laredo', 'Río Bravo', 'San Fernando', 'Tampico', 'Tula']"
21,85,25.9199080186553,69.722158,10,"[7, 11, 20, 24, 26, 30, 32, 34, 37, 41]","['Casas', 'González', 'El Mante', 'Miguel Alemán', 'Nuevo Laredo', 'Palmillas', 'Río Bravo', 'San Fernando', 'Tampico', 'Villagrán']"
18,3,26.17585250214561,67.706109,10,"[1, 7, 8, 13, 26, 30, 32, 33, 34, 42]","['Aldama', 'Casas', 'Ciudad Madero', 'Guerrero', 'Nuevo Laredo', 'Palmillas', 'Río Bravo', 'San Carlos', 'San Fernando', 'Xicoténcatl']"
5,82,26.435719302490696,79.055282,10,"[2, 6, 11, 21, 22, 26, 29, 33, 34, 38]","['Altamira', 'Camargo', 'González', 'Matamoros', 'Méndez', 'Nuevo Laredo', 'Padilla', 'San Carlos', 'San Fernando', 'Tula']"
2,79,26.580647231844186,73.454405,10,"[0, 8, 10, 11, 14, 26, 34, 39, 40, 41]","['Abasolo', 'Ciudad Madero', 'Gómez Farías', 'González', 'Gustavo Díaz Ordaz', 'Nuevo Laredo', 'San Fernando', 'Valle Hermoso', 'Victoria', 'Villagrán']"
2,57,29.73396740151747,71.232803,10,"[0, 6, 8, 10, 11, 26, 34, 39, 40, 41]","['Abasolo', 'Camargo', 'Ciudad Madero', 'Gómez Farías', 'González', 'Nuevo Laredo', 'San Fernando', 'Valle Hermoso', 'Victoria', 'Villagrán']"
5,93,34.80227395433009,74.208543,10,"[2, 6, 7, 8, 11, 21, 22, 26, 33, 38]","['Altamira', 'Camargo', 'Casas', 'Ciudad Madero', 'González', 'Matamoros', 'Méndez', 'Nuevo Laredo', 'San Carlos', 'Tula']"
10,88,36.473991211689786,65.8508,10,"[2, 3, 7, 9, 11, 19, 24, 26, 38, 39]","['Altamira', 'Antiguo Morelos', 'Casas', 'Cruillas', 'González', 'Mainero', 'Miguel Alemán', 'Nuevo Laredo', 'Tula', 'Valle Hermoso']"
