seed,solucion,f1_promedio_ponderado_km,f2_distancia_maxima_km,f3_numero_centros,indices_centros,centros
0,1,59.77113611663137,166.394431,3,"[11, 14, 34]","['González', 'Gustavo Díaz Ordaz', 'San Fernando']"
0,2,21.42255192661401,197.327862,4,"[11, 21, 31, 34]","['González', 'Matamoros', 'Reynosa', 'San Fernando']"
0,3,16.62166718898823,218.757001,5,"[11, 21, 32, 34, 39]","['González', 'Matamoros', 'Río Bravo', 'San Fernando', 'Valle Hermoso']"
0,4,32.56141237266288,218.757001,3,"[11, 32, 34]","['González', 'Río Bravo', 'San Fernando']"
0,5,20.487328985594157,218.757001,4,"[11, 21, 32, 34]","['González', 'Matamoros', 'Río Bravo', 'San Fernando']"
0,6,22.884285306543312,150.277393,5,"[6, 21, 32, 34, 42]","['Camargo', 'Matamoros', 'Río Bravo', 'San Fernando', 'Xicoténcatl']"
0,7,16.0940592536933,128.460678,6,"[7, 11, 21, 23, 32, 34]","['Casas', 'González', 'Matamoros', 'Mier', 'Río Bravo', 'San Fernando']"
0,8,74.24941736268339,150.277393,3,"[6, 34, 42]","['Camargo', 'San Fernando', 'Xicoténcatl']"
0,9,19.509264540550127,159.121441,5,"[6, 11, 21, 32, 34]","['Camargo', 'González', 'Matamoros', 'Río Bravo', 'San Fernando']"
0,10,17.628241861926107,106.008269,6,"[11, 13, 21, 32, 34, 40]","['González', 'Guerrero', 'Matamoros', 'Río Bravo', 'San Fernando', 'Victoria']"
0,11,13.486776481323737,197.327862,6,"[11, 21, 31, 32, 34, 39]","['González', 'Matamoros', 'Reynosa', 'Río Bravo', 'San Fernando', 'Valle Hermoso']"
0,12,70.87439659669022,159.121441,3,"[6, 11, 34]","['Camargo', 'González', 'San Fernando']"
0,13,31.4838538804033,166.394431,4,"[11, 14, 21, 34]","['González', 'Gustavo Díaz Ordaz', 'Matamoros', 'San Fernando']"
0,14,31.583347927618853,159.121441,4,"[6, 11, 32, 34]","['Camargo', 'González', 'Río Bravo', 'San Fernando']"
0,15,34.95836869361204,150.277393,4,"[6, 32, 34, 42]","['Camargo', 'Río Bravo', 'San Fernando', 'Xicoténcatl']"
0,16,12.780371240715173,218.757001,6,"[7, 11, 21, 32, 34, 39]","['Casas', 'González', 'Matamoros', 'Río Bravo', 'San Fernando', 'Valle Hermoso']"
0,17,15.643602743944205,159.121441,6,"[6, 11, 21, 32, 34, 39]","['Camargo', 'González', 'Matamoros', 'Río Bravo', 'San Fernando', 'Valle Hermoso']"
0,18,29.702325248994832,106.008269,5,"[11, 13, 32, 34, 40]","['González', 'Guerrero', 'Río Bravo', 'San Fernando', 'Victoria']"
0,19,11.802306795671146,146.150389,7,"[6, 7, 11, 21, 32, 34, 39]","['Camargo', 'Casas', 'González', 'Matamoros', 'Río Bravo', 'San Fernando', 'Valle Hermoso']"
0,20,9.64548053305068,197.327862,7,"[7, 11, 21, 31, 32, 34, 39]","['Casas', 'González', 'Matamoros', 'Reynosa', 'Río Bravo', 'San Fernando', 'Valle Hermoso']"
0,21,12.228397457087373,128.460678,7,"[7, 11, 21, 23, 32, 34, 39]","['Casas', 'González', 'Matamoros', 'Mier', 'Río Bravo', 'San Fernando', 'Valle Hermoso']"
0,22,27.742051979345796,146.150389,5,"[6, 7, 11, 32, 34]","['Camargo', 'Casas', 'González', 'Río Bravo', 'San Fernando']"
0,23,17.352438277929657,197.327862,5,"[11, 21, 31, 32, 34]","['González', 'Matamoros', 'Reynosa', 'Río Bravo', 'San Fernando']"
0,24,28.168142640762028,128.460678,5,"[7, 11, 23, 32, 34]","['Casas', 'González', 'Mier', 'Río Bravo', 'San Fernando']"
0,25,15.66796859227707,146.150389,6,"[6, 7, 11, 21, 32, 34]","['Camargo', 'Casas', 'González', 'Matamoros', 'Río Bravo', 'San Fernando']"
0,26,17.49530944265213,122.698237,6,"[11, 21, 23, 32, 34, 40]","['González', 'Matamoros', 'Mier', 'Río Bravo', 'San Fernando', 'Victoria']"
0,27,4.541930459080558,197.327862,9,"[2, 7, 11, 21, 22, 31, 32, 34, 39]","['Altamira', 'Casas', 'González', 'Matamoros', 'Méndez', 'Reynosa', 'Río Bravo', 'San Fernando', 'Valle Hermoso']"
0,28,11.465555565647986,99.762503,9,"[4, 11, 14, 21, 26, 32, 34, 39, 40]","['Burgos', 'González', 'Gustavo Díaz Ordaz', 'Matamoros', 'Nuevo Laredo', 'Río Bravo', 'San Fernando', 'Valle Hermoso', 'Victoria']"
0,29,29.569392829720854,122.698237,5,"[11, 23, 32, 34, 40]","['González', 'Mier', 'Río Bravo', 'San Fernando', 'Victoria']"
0,30,14.873518564538461,81.262904,10,"[1, 7, 14, 21, 26, 27, 32, 34, 35, 40]","['Aldama', 'Casas', 'Gustavo Díaz Ordaz', 'Matamoros', 'Nuevo Laredo', 'Nuevo Morelos', 'Río Bravo', 'San Fernando', 'San Nicolás', 'Victoria']"
0,31,17.069218781235904,103.28924,7,"[6, 11, 21, 26, 32, 34, 40]","['Camargo', 'González', 'Matamoros', 'Nuevo Laredo', 'Río Bravo', 'San Fernando', 'Victoria']"
0,32,6.504914034465295,197.327862,8,"[7, 11, 21, 22, 31, 32, 34, 39]","['Casas', 'González', 'Matamoros', 'Méndez', 'Reynosa', 'Río Bravo', 'San Fernando', 'Valle Hermoso']"
0,33,39.789813631059396,197.327862,3,"[11, 31, 34]","['González', 'Reynosa', 'San Fernando']"
0,34,13.20355698462998,103.28924,8,"[6, 11, 21, 26, 32, 34, 39, 40]","['Camargo', 'González', 'Matamoros', 'Nuevo Laredo', 'Río Bravo', 'San Fernando', 'Valle Hermoso', 'Victoria']"
0,35,29.04380812108907,103.28924,6,"[11, 14, 21, 26, 34, 40]","['González', 'Gustavo Díaz Ordaz', 'Matamoros', 'Nuevo Laredo', 'San Fernando', 'Victoria']"
0,36,54.99403873176108,126.101423,4,"[11, 12, 23, 32]","['González', 'Güémez', 'Mier', 'Río Bravo']"
0,37,16.947826853812227,125.23272,6,"[11, 12, 21, 23, 32, 34]","['González', 'Güémez', 'Matamoros', 'Mier', 'Río Bravo', 'San Fernando']"
0,38,29.02191024088095,125.23272,5,"[11, 12, 23, 32, 34]","['González', 'Güémez', 'Mier', 'Río Bravo', 'San Fernando']"
0,39,5.7324467559894,106.008269,10,"[2, 11, 13, 21, 22, 31, 32, 34, 39, 40]","['Altamira', 'González', 'Guerrero', 'Matamoros', 'Méndez', 'Reynosa', 'Río Bravo', 'San Fernando', 'Valle Hermoso', 'Victoria']"
0,40,12.519681100102808,91.820321,9,"[5, 6, 11, 21, 26, 29, 32, 34, 39]","['Bustamante', 'Camargo', 'González', 'Matamoros', 'Nuevo Laredo', 'Padilla', 'Río Bravo', 'San Fernando', 'Valle Hermoso']"
0,41,13.762580065320183,106.008269,7,"[11, 13, 21, 32, 34, 39, 40]","['González', 'Guerrero', 'Matamoros', 'Río Bravo', 'San Fernando', 'Valle Hermoso', 'Victoria']"
0,42,7.695430331374136,106.008269,9,"[11, 13, 21, 22, 31, 32, 34, 39, 40]","['González', 'Guerrero', 'Matamoros', 'Méndez', 'Reynosa', 'Río Bravo', 'San Fernando', 'Valle Hermoso', 'Victoria']"
0,43,9.087830958501987,128.460678,8,"[7, 11, 21, 22, 23, 32, 34, 39]","['Casas', 'González', 'Matamoros', 'Méndez', 'Mier', 'Río Bravo', 'San Fernando', 'Valle Hermoso']"
0,44,13.629647646046207,122.698237,7,"[11, 21, 23, 32, 34, 39, 40]","['González', 'Matamoros', 'Mier', 'Río Bravo', 'San Fernando', 'Valle Hermoso', 'Victoria']"
0,45,13.0821650572063,125.23272,7,"[11, 12, 21, 23, 32, 34, 39]","['González', 'Güémez', 'Matamoros', 'Mier', 'Río Bravo', 'San Fernando', 'Valle Hermoso']"
0,46,9.639804742129789,218.757001,7,"[7, 11, 21, 22, 32, 34, 39]","['Casas', 'González', 'Matamoros', 'Méndez', 'Río Bravo', 'San Fernando', 'Valle Hermoso']"
0,47,39.36268157507131,81.262904,8,"[1, 7, 14, 21, 26, 27, 35, 40]","['Aldama', 'Casas', 'Gustavo Díaz Ordaz', 'Matamoros', 'Nuevo Laredo', 'Nuevo Morelos', 'San Nicolás', 'Victoria']"
0,48,10.623338635054765,106.008269,8,"[11, 13, 21, 22, 32, 34, 39, 40]","['González', 'Guerrero', 'Matamoros', 'Méndez', 'Río Bravo', 'San Fernando', 'Valle Hermoso', 'Victoria']"
0,49,10.490406215780789,122.698237,8,"[11, 21, 22, 23, 32, 34, 39, 40]","['González', 'Matamoros', 'Méndez', 'Mier', 'Río Bravo', 'San Fernando', 'Valle Hermoso', 'Victoria']"
0,50,8.66174029708576,146.150389,8,"[6, 7, 11, 21, 22, 32, 34, 39]","['Camargo', 'Casas', 'González', 'Matamoros', 'Méndez', 'Río Bravo', 'San Fernando', 'Valle Hermoso']"
0,51,6.159922654821361,128.460678,9,"[7, 11, 21, 22, 23, 31, 32, 34, 39]","['Casas', 'González', 'Matamoros', 'Méndez', 'Mier', 'Reynosa', 'Río Bravo', 'San Fernando', 'Valle Hermoso']"
0,52,10.062646496817313,91.820321,10,"[5, 11, 13, 21, 22, 26, 29, 32, 34, 39]","['Bustamante', 'González', 'Guerrero', 'Matamoros', 'Méndez', 'Nuevo Laredo', 'Padilla', 'Río Bravo', 'San Fernando', 'Valle Hermoso']"
0,53,10.064315554364562,103.28924,9,"[6, 11, 21, 22, 26, 32, 34, 39, 40]","['Camargo', 'González', 'Matamoros', 'Méndez', 'Nuevo Laredo', 'Río Bravo', 'San Fernando', 'Valle Hermoso', 'Victoria']"
0,54,16.385342896708732,91.820321,8,"[5, 6, 11, 21, 26, 29, 32, 34]","['Bustamante', 'Camargo', 'González', 'Matamoros', 'Nuevo Laredo', 'Padilla', 'Río Bravo', 'San Fernando']"
0,55,5.8811957481439885,146.150389,9,"[6, 7, 11, 21, 22, 31, 32, 34, 39]","['Camargo', 'Casas', 'González', 'Matamoros', 'Méndez', 'Reynosa', 'Río Bravo', 'San Fernando', 'Valle Hermoso']"
0,56,7.562497912100159,122.698237,9,"[11, 21, 22, 23, 31, 32, 34, 39, 40]","['González', 'Matamoros', 'Méndez', 'Mier', 'Reynosa', 'Río Bravo', 'San Fernando', 'Valle Hermoso', 'Victoria']"
0,57,10.029810383609144,125.23272,8,"[11, 12, 21, 22, 23, 32, 34, 39]","['González', 'Güémez', 'Matamoros', 'Méndez', 'Mier', 'Río Bravo', 'San Fernando', 'Valle Hermoso']"
0,58,3.9182121727592514,146.150389,10,"[2, 6, 7, 11, 21, 22, 31, 32, 34, 39]","['Altamira', 'Camargo', 'Casas', 'González', 'Matamoros', 'Méndez', 'Reynosa', 'Río Bravo', 'San Fernando', 'Valle Hermoso']"
0,59,81.97187386326387,146.150389,3,"[6, 22, 42]","['Camargo', 'Méndez', 'Xicoténcatl']"
0,60,53.56391419730214,128.460678,4,"[7, 11, 23, 39]","['Casas', 'González', 'Mier', 'Valle Hermoso']"
0,61,41.9734948534894,99.736447,6,"[1, 14, 16, 21, 26, 35]","['Aldama', 'Gustavo Díaz Ordaz', 'Jaumave', 'Matamoros', 'Nuevo Laredo', 'San Nicolás']"
0,62,39.84522385355598,80.985011,8,"[2, 7, 20, 23, 26, 32, 35, 40]","['Altamira', 'Casas', 'El Mante', 'Mier', 'Nuevo Laredo', 'Río Bravo', 'San Nicolás', 'Victoria']"
0,63,47.47552089843661,129.044191,4,"[20, 23, 32, 35]","['El Mante', 'Mier', 'Río Bravo', 'San Nicolás']"
0,64,25.060613760255265,87.858692,9,"[2, 5, 6, 7, 11, 26, 32, 34, 35]","['Altamira', 'Bustamante', 'Camargo', 'Casas', 'González', 'Nuevo Laredo', 'Río Bravo', 'San Fernando', 'San Nicolás']"
0,65,7.283771005422787,103.28924,10,"[6, 11, 21, 22, 26, 31, 32, 34, 39, 40]","['Camargo', 'González', 'Matamoros', 'Méndez', 'Nuevo Laredo', 'Reynosa', 'Río Bravo', 'San Fernando', 'Valle Hermoso', 'Victoria']"
0,66,26.77735594514023,81.262904,9,"[1, 7, 14, 21, 26, 27, 34, 35, 40]","['Aldama', 'Casas', 'Gustavo Díaz Ordaz', 'Matamoros', 'Nuevo Laredo', 'Nuevo Morelos', 'San Fernando', 'San Nicolás', 'Victoria']"
0,67,11.331249443668789,89.54682,10,"[5, 6, 7, 11, 21, 26, 32, 34, 39, 41]","['Bustamante', 'Camargo', 'Casas', 'González', 'Matamoros', 'Nuevo Laredo', 'Río Bravo', 'San Fernando', 'Valle Hermoso', 'Villagrán']"
0,68,4.196939079436624,128.460678,10,"[2, 7, 11, 21, 22, 23, 31, 32, 34, 39]","['Altamira', 'Casas', 'González', 'Matamoros', 'Méndez', 'Mier', 'Reynosa', 'Río Bravo', 'San Fernando', 'Valle Hermoso']"
0,69,88.64983778054405,141.396971,3,"[22, 24, 42]","['Méndez', 'Miguel Alemán', 'Xicoténcatl']"
0,70,41.09821990081241,99.762503,6,"[11, 14, 26, 32, 35, 40]","['González', 'Gustavo Díaz Ordaz', 'Nuevo Laredo', 'Río Bravo', 'San Nicolás', 'Victoria']"
0,71,12.986530373186545,87.858692,10,"[2, 5, 6, 7, 11, 21, 26, 32, 34, 35]","['Altamira', 'Bustamante', 'Camargo', 'Casas', 'González', 'Matamoros', 'Nuevo Laredo', 'Río Bravo', 'San Fernando', 'San Nicolás']"
0,72,89.5044624580781,138.045942,3,"[20, 22, 24]","['El Mante', 'Méndez', 'Miguel Alemán']"
0,73,28.3599322365619,91.820321,7,"[5, 11, 14, 21, 26, 29, 34]","['Bustamante', 'González', 'Gustavo Díaz Ordaz', 'Matamoros', 'Nuevo Laredo', 'Padilla', 'San Fernando']"
0,74,41.72256357381549,141.396971,4,"[22, 24, 32, 42]","['Méndez', 'Miguel Alemán', 'Río Bravo', 'Xicoténcatl']"
0,75,14.94951394857128,89.54682,9,"[5, 6, 7, 11, 21, 26, 32, 34, 35]","['Bustamante', 'Camargo', 'Casas', 'González', 'Matamoros', 'Nuevo Laredo', 'Río Bravo', 'San Fernando', 'San Nicolás']"
0,76,27.023597335640005,89.54682,8,"[5, 6, 7, 11, 26, 32, 34, 35]","['Bustamante', 'Camargo', 'Casas', 'González', 'Nuevo Laredo', 'Río Bravo', 'San Fernando', 'San Nicolás']"
0,77,42.577188251349526,138.045942,4,"[20, 22, 24, 32]","['El Mante', 'Méndez', 'Miguel Alemán', 'Río Bravo']"
0,78,27.36475456179872,78.541369,9,"[2, 7, 24, 26, 32, 34, 40, 41, 42]","['Altamira', 'Casas', 'Miguel Alemán', 'Nuevo Laredo', 'Río Bravo', 'San Fernando', 'Victoria', 'Villagrán', 'Xicoténcatl']"
0,79,15.293116481225146,80.642886,10,"[2, 6, 7, 21, 26, 27, 32, 34, 35, 40]","['Altamira', 'Camargo', 'Casas', 'Matamoros', 'Nuevo Laredo', 'Nuevo Morelos', 'Río Bravo', 'San Fernando', 'San Nicolás', 'Victoria']"
0,80,39.42942397172008,89.54682,7,"[7, 11, 14, 16, 21, 26, 35]","['Casas', 'González', 'Gustavo Díaz Ordaz', 'Jaumave', 'Matamoros', 'Nuevo Laredo', 'San Nicolás']"
0,81,41.47897858696889,146.150389,4,"[6, 22, 32, 42]","['Camargo', 'Méndez', 'Río Bravo', 'Xicoténcatl']"
0,82,27.985636966192395,129.804564,5,"[7, 11, 24, 32, 34]","['Casas', 'González', 'Miguel Alemán', 'Río Bravo', 'San Fernando']"
0,83,25.224331302763414,69.722158,10,"[2, 5, 6, 7, 11, 26, 27, 32, 34, 41]","['Altamira', 'Bustamante', 'Camargo', 'Casas', 'González', 'Nuevo Laredo', 'Nuevo Morelos', 'Río Bravo', 'San Fernando', 'Villagrán']"
0,84,27.11454894244145,99.762503,7,"[4, 11, 14, 21, 26, 32, 40]","['Burgos', 'González', 'Gustavo Díaz Ordaz', 'Matamoros', 'Nuevo Laredo', 'Río Bravo', 'Victoria']"
0,85,15.808368538913548,72.007396,10,"[2, 7, 21, 24, 26, 27, 32, 34, 40, 41]","['Altamira', 'Casas', 'Matamoros', 'Miguel Alemán', 'Nuevo Laredo', 'Nuevo Morelos', 'Río Bravo', 'San Fernando', 'Victoria', 'Villagrán']"
0,86,15.977559267282226,69.788658,10,"[2, 5, 7, 21, 24, 26, 27, 32, 34, 41]","['Altamira', 'Bustamante', 'Casas', 'Matamoros', 'Miguel Alemán', 'Nuevo Laredo', 'Nuevo Morelos', 'Río Bravo', 'San Fernando', 'Villagrán']"
0,87,27.50163116635733,69.722158,9,"[2, 5, 7, 24, 26, 32, 34, 41, 42]","['Altamira', 'Bustamante', 'Casas', 'Miguel Alemán', 'Nuevo Laredo', 'Río Bravo', 'San Fernando', 'Villagrán', 'Xicoténcatl']"
0,88,15.260465403002506,99.762503,8,"[4, 6, 11, 21, 26, 32, 34, 40]","['Burgos', 'Camargo', 'González', 'Matamoros', 'Nuevo Laredo', 'Río Bravo', 'San Fernando', 'Victoria']"
0,89,15.911553579123666,129.804564,6,"[7, 11, 21, 24, 32, 34]","['Casas', 'González', 'Matamoros', 'Miguel Alemán', 'Río Bravo', 'San Fernando']"
0,90,4.080671554817162,129.804564,10,"[2, 7, 11, 21, 22, 24, 31, 32, 34, 39]","['Altamira', 'Casas', 'González', 'Matamoros', 'Méndez', 'Miguel Alemán', 'Reynosa', 'Río Bravo', 'San Fernando', 'Valle Hermoso']"
0,91,12.045891782517742,129.804564,7,"[7, 11, 21, 24, 32, 34, 39]","['Casas', 'González', 'Matamoros', 'Miguel Alemán', 'Río Bravo', 'San Fernando', 'Valle Hermoso']"
0,92,8.905325283932356,129.804564,8,"[7, 11, 21, 22, 24, 32, 34, 39]","['Casas', 'González', 'Matamoros', 'Méndez', 'Miguel Alemán', 'Río Bravo', 'San Fernando', 'Valle Hermoso']"
0,93,6.0436551302018975,129.804564,9,"[7, 11, 21, 22, 24, 31, 32, 34, 39]","['Casas', 'González', 'Matamoros', 'Méndez', 'Miguel Alemán', 'Reynosa', 'Río Bravo', 'San Fernando', 'Valle Hermoso']"
0,94,15.63553551131836,73.454405,10,"[2, 7, 14, 21, 26, 27, 32, 34, 40, 41]","['Altamira', 'Casas', 'Gustavo Díaz Ordaz', 'Matamoros', 'Nuevo Laredo', 'Nuevo Morelos', 'Río Bravo', 'San Fernando', 'Victoria', 'Villagrán']"
0,95,38.665712558533095,87.858692,8,"[1, 5, 7, 11, 14, 26, 32, 35]","['Aldama', 'Bustamante', 'Casas', 'González', 'Gustavo Díaz Ordaz', 'Nuevo Laredo', 'Río Bravo', 'San Nicolás']"
0,96,8.614259057454806,99.762503,10,"[4, 6, 11, 21, 26, 31, 32, 34, 39, 40]","['Burgos', 'Camargo', 'González', 'Matamoros', 'Nuevo Laredo', 'Reynosa', 'Río Bravo', 'San Fernando', 'Valle Hermoso', 'Victoria']"
0,97,54.98160757845466,127.953689,4,"[11, 23, 39, 40]","['González', 'Mier', 'Valle Hermoso', 'Victoria']"
1,1,13.762580065320183,106.008269,7,"[11, 13, 21, 32, 34, 39, 40]","['González', 'Guerrero', 'Matamoros', 'Río Bravo', 'San Fernando', 'Valle Hermoso', 'Victoria']"
1,2,57.53560466761939,176.097157,3,"[14, 36, 39]","['Gustavo Díaz Ordaz', 'Soto la Marina', 'Valle Hermoso']"
1,3,59.77113611663137,166.394431,3,"[11, 14, 34]","['González', 'Gustavo Díaz Ordaz', 'San Fernando']"
1,4,29.702325248994832,106.008269,5,"[11, 13, 32, 34, 40]","['González', 'Guerrero', 'Río Bravo', 'San Fernando', 'Victoria']"
1,5,32.56141237266288,218.757001,3,"[11, 32, 34]","['González', 'Río Bravo', 'San Fernando']"
1,6,17.352438277929657,197.327862,5,"[11, 21, 31, 32, 34]","['González', 'Matamoros', 'Reynosa', 'Río Bravo', 'San Fernando']"
1,7,39.789813631059396,197.327862,3,"[11, 31, 34]","['González', 'Reynosa', 'San Fernando']"
1,8,16.62166718898823,218.757001,5,"[11, 21, 32, 34, 39]","['González', 'Matamoros', 'Río Bravo', 'San Fernando', 'Valle Hermoso']"
1,9,29.569392829720854,122.698237,5,"[11, 23, 32, 34, 40]","['González', 'Mier', 'Río Bravo', 'San Fernando', 'Victoria']"
1,10,13.486776481323737,197.327862,6,"[11, 21, 31, 32, 34, 39]","['González', 'Matamoros', 'Reynosa', 'Río Bravo', 'San Fernando', 'Valle Hermoso']"
1,11,20.487328985594157,218.757001,4,"[11, 21, 32, 34]","['González', 'Matamoros', 'Río Bravo', 'San Fernando']"
1,12,7.695430331374136,106.008269,9,"[11, 13, 21, 22, 31, 32, 34, 39, 40]","['González', 'Guerrero', 'Matamoros', 'Méndez', 'Reynosa', 'Río Bravo', 'San Fernando', 'Valle Hermoso', 'Victoria']"
1,13,17.49530944265213,122.698237,6,"[11, 21, 23, 32, 34, 40]","['González', 'Matamoros', 'Mier', 'Río Bravo', 'San Fernando', 'Victoria']"
1,14,17.628241861926107,106.008269,6,"[11, 13, 21, 32, 34, 40]","['González', 'Guerrero', 'Matamoros', 'Río Bravo', 'San Fernando', 'Victoria']"
1,15,31.4838538804033,166.394431,4,"[11, 14, 21, 34]","['González', 'Gustavo Díaz Ordaz', 'Matamoros', 'San Fernando']"
1,16,21.42255192661401,197.327862,4,"[11, 21, 31, 34]","['González', 'Matamoros', 'Reynosa', 'San Fernando']"
1,17,10.623338635054765,106.008269,8,"[11, 13, 21, 22, 32, 34, 39, 40]","['González', 'Guerrero', 'Matamoros', 'Méndez', 'Río Bravo', 'San Fernando', 'Valle Hermoso', 'Victoria']"
1,18,29.04380812108907,103.28924,6,"[11, 14, 21, 26, 34, 40]","['González', 'Gustavo Díaz Ordaz', 'Matamoros', 'Nuevo Laredo', 'San Fernando', 'Victoria']"
1,19,70.87439659669022,159.121441,3,"[6, 11, 34]","['Camargo', 'González', 'San Fernando']"
1,20,9.639804742129789,218.757001,7,"[7, 11, 21, 22, 32, 34, 39]","['Casas', 'González', 'Matamoros', 'Méndez', 'Río Bravo', 'San Fernando', 'Valle Hermoso']"
1,21,49.67153925110127,100.360123,6,"[11, 14, 26, 29, 39, 40]","['González', 'Gustavo Díaz Ordaz', 'Nuevo Laredo', 'Padilla', 'Valle Hermoso', 'Victoria']"
1,22,12.780371240715173,218.757001,6,"[7, 11, 21, 32, 34, 39]","['Casas', 'González', 'Matamoros', 'Río Bravo', 'San Fernando', 'Valle Hermoso']"
1,23,13.629647646046207,122.698237,7,"[11, 21, 23, 32, 34, 39, 40]","['González', 'Matamoros', 'Mier', 'Río Bravo', 'San Fernando', 'Valle Hermoso', 'Victoria']"
1,24,9.64548053305068,197.327862,7,"[7, 11, 21, 31, 32, 34, 39]","['Casas', 'González', 'Matamoros', 'Reynosa', 'Río Bravo', 'San Fernando', 'Valle Hermoso']"
1,25,12.045891782517742,129.804564,7,"[7, 11, 21, 24, 32, 34, 39]","['Casas', 'González', 'Matamoros', 'Miguel Alemán', 'Río Bravo', 'San Fernando', 'Valle Hermoso']"
1,26,13.0821650572063,125.23272,7,"[11, 12, 21, 23, 32, 34, 39]","['González', 'Güémez', 'Matamoros', 'Mier', 'Río Bravo', 'San Fernando', 'Valle Hermoso']"
1,27,31.583347927618853,159.121441,4,"[6, 11, 32, 34]","['Camargo', 'González', 'Río Bravo', 'San Fernando']"
1,28,7.101902079928514,125.23272,9,"[11, 12, 21, 22, 23, 31, 32, 34, 39]","['González', 'Güémez', 'Matamoros', 'Méndez', 'Mier', 'Reynosa', 'Río Bravo', 'San Fernando', 'Valle Hermoso']"
1,29,6.504914034465295,197.327862,8,"[7, 11, 21, 22, 31, 32, 34, 39]","['Casas', 'González', 'Matamoros', 'Méndez', 'Reynosa', 'Río Bravo', 'San Fernando', 'Valle Hermoso']"
1,30,27.985636966192395,129.804564,5,"[7, 11, 24, 32, 34]","['Casas', 'González', 'Miguel Alemán', 'Río Bravo', 'San Fernando']"
1,31,29.02191024088095,125.23272,5,"[11, 12, 23, 32, 34]","['González', 'Güémez', 'Mier', 'Río Bravo', 'San Fernando']"
1,32,28.120122189460446,99.762503,7,"[11, 14, 21, 26, 29, 34, 40]","['González', 'Gustavo Díaz Ordaz', 'Matamoros', 'Nuevo Laredo', 'Padilla', 'San Fernando', 'Victoria']"
1,33,19.509264540550127,159.121441,5,"[6, 11, 21, 32, 34]","['Camargo', 'González', 'Matamoros', 'Río Bravo', 'San Fernando']"
1,34,10.490406215780789,122.698237,8,"[11, 21, 22, 23, 32, 34, 39, 40]","['González', 'Matamoros', 'Méndez', 'Mier', 'Río Bravo', 'San Fernando', 'Valle Hermoso', 'Victoria']"
1,35,54.28411638334645,125.23272,4,"[11, 12, 23, 39]","['González', 'Güémez', 'Mier', 'Valle Hermoso']"
1,36,5.080113864379508,197.327862,9,"[7, 8, 11, 21, 22, 31, 32, 34, 39]","['Casas', 'Ciudad Madero', 'González', 'Matamoros', 'Méndez', 'Reynosa', 'Río Bravo', 'San Fernando', 'Valle Hermoso']"
1,37,15.911553579123666,129.804564,6,"[7, 11, 21, 24, 32, 34]","['Casas', 'González', 'Matamoros', 'Miguel Alemán', 'Río Bravo', 'San Fernando']"
1,38,7.562497912100159,122.698237,9,"[11, 21, 22, 23, 31, 32, 34, 39, 40]","['González', 'Matamoros', 'Méndez', 'Mier', 'Reynosa', 'Río Bravo', 'San Fernando', 'Valle Hermoso', 'Victoria']"
1,39,11.802306795671146,146.150389,7,"[6, 7, 11, 21, 32, 34, 39]","['Camargo', 'Casas', 'González', 'Matamoros', 'Río Bravo', 'San Fernando', 'Valle Hermoso']"
1,40,15.643602743944205,159.121441,6,"[6, 11, 21, 32, 34, 39]","['Camargo', 'González', 'Matamoros', 'Río Bravo', 'San Fernando', 'Valle Hermoso']"
1,41,12.228397457087373,128.460678,7,"[7, 11, 21, 23, 32, 34, 39]","['Casas', 'González', 'Matamoros', 'Mier', 'Río Bravo', 'San Fernando', 'Valle Hermoso']"
1,42,8.905325283932356,129.804564,8,"[7, 11, 21, 22, 24, 32, 34, 39]","['Casas', 'González', 'Matamoros', 'Méndez', 'Miguel Alemán', 'Río Bravo', 'San Fernando', 'Valle Hermoso']"
1,43,28.168142640762028,128.460678,5,"[7, 11, 23, 32, 34]","['Casas', 'González', 'Mier', 'Río Bravo', 'San Fernando']"
1,44,27.742051979345796,146.150389,5,"[6, 7, 11, 32, 34]","['Camargo', 'Casas', 'González', 'Río Bravo', 'San Fernando']"
1,45,17.069218781235904,103.28924,7,"[6, 11, 21, 26, 32, 34, 40]","['Camargo', 'González', 'Matamoros', 'Nuevo Laredo', 'Río Bravo', 'San Fernando', 'Victoria']"
1,46,15.66796859227707,146.150389,6,"[6, 7, 11, 21, 32, 34]","['Camargo', 'Casas', 'González', 'Matamoros', 'Río Bravo', 'San Fernando']"
1,47,10.064315554364562,103.28924,9,"[6, 11, 21, 22, 26, 32, 34, 39, 40]","['Camargo', 'González', 'Matamoros', 'Méndez', 'Nuevo Laredo', 'Río Bravo', 'San Fernando', 'Valle Hermoso', 'Victoria']"
1,48,74.24941736268339,150.277393,3,"[6, 34, 42]","['Camargo', 'San Fernando', 'Xicoténcatl']"
1,49,53.56391419730214,128.460678,4,"[7, 11, 23, 39]","['Casas', 'González', 'Mier', 'Valle Hermoso']"
1,50,16.0940592536933,128.460678,6,"[7, 11, 21, 23, 32, 34]","['Casas', 'González', 'Matamoros', 'Mier', 'Río Bravo', 'San Fernando']"
1,51,16.947826853812227,125.23272,6,"[11, 12, 21, 23, 32, 34]","['González', 'Güémez', 'Matamoros', 'Mier', 'Río Bravo', 'San Fernando']"
1,52,84.47657755858837,146.150389,3,"[6, 9, 42]","['Camargo', 'Cruillas', 'Xicoténcatl']"
1,53,6.159922654821361,128.460678,9,"[7, 11, 21, 22, 23, 31, 32, 34, 39]","['Casas', 'González', 'Matamoros', 'Méndez', 'Mier', 'Reynosa', 'Río Bravo', 'San Fernando', 'Valle Hermoso']"
1,54,41.130656912453624,141.396971,4,"[9, 23, 32, 42]","['Cruillas', 'Mier', 'Río Bravo', 'Xicoténcatl']"
1,55,9.087830958501987,128.460678,8,"[7, 11, 21, 22, 23, 32, 34, 39]","['Casas', 'González', 'Matamoros', 'Méndez', 'Mier', 'Río Bravo', 'San Fernando', 'Valle Hermoso']"
1,56,40.70456625103741,146.150389,4,"[6, 9, 32, 42]","['Camargo', 'Cruillas', 'Río Bravo', 'Xicoténcatl']"
1,57,4.3302517498523025,197.327862,10,"[0, 7, 8, 11, 21, 22, 31, 32, 34, 39]","['Abasolo', 'Casas', 'Ciudad Madero', 'González', 'Matamoros', 'Méndez', 'Reynosa', 'Río Bravo', 'San Fernando', 'Valle Hermoso']"
1,58,4.456395578058203,146.150389,10,"[6, 7, 8, 11, 21, 22, 31, 32, 34, 39]","['Camargo', 'Casas', 'Ciudad Madero', 'González', 'Matamoros', 'Méndez', 'Reynosa', 'Río Bravo', 'San Fernando', 'Valle Hermoso']"
1,59,4.735122484735575,128.460678,10,"[7, 8, 11, 21, 22, 23, 31, 32, 34, 39]","['Casas', 'Ciudad Madero', 'González', 'Matamoros', 'Méndez', 'Mier', 'Reynosa', 'Río Bravo', 'San Fernando', 'Valle Hermoso']"
1,60,5.8811957481439885,146.150389,9,"[6, 7, 11, 21, 22, 31, 32, 34, 39]","['Camargo', 'Casas', 'González', 'Matamoros', 'Méndez', 'Reynosa', 'Río Bravo', 'San Fernando', 'Valle Hermoso']"
1,61,22.884285306543312,150.277393,5,"[6, 21, 32, 34, 42]","['Camargo', 'Matamoros', 'Río Bravo', 'San Fernando', 'Xicoténcatl']"
1,62,9.385853665419749,91.820321,10,"[11, 14, 16, 21, 22, 26, 29, 32, 34, 39]","['González', 'Gustavo Díaz Ordaz', 'Jaumave', 'Matamoros', 'Méndez', 'Nuevo Laredo', 'Padilla', 'Río Bravo', 'San Fernando', 'Valle Hermoso']"
1,63,34.95836869361204,150.277393,4,"[6, 32, 34, 42]","['Camargo', 'Río Bravo', 'San Fernando', 'Xicoténcatl']"
1,64,12.195680331399027,101.65538,9,"[6, 11, 21, 26, 29, 32, 34, 39, 42]","['Camargo', 'González', 'Matamoros', 'Nuevo Laredo', 'Padilla', 'Río Bravo', 'San Fernando', 'Valle Hermoso', 'Xicoténcatl']"
1,65,53.36517065740027,129.804564,4,"[7, 11, 24, 39]","['Casas', 'González', 'Miguel Alemán', 'Valle Hermoso']"
1,66,13.20355698462998,103.28924,8,"[6, 11, 21, 26, 32, 34, 39, 40]","['Camargo', 'González', 'Matamoros', 'Nuevo Laredo', 'Río Bravo', 'San Fernando', 'Valle Hermoso', 'Victoria']"
1,67,8.66174029708576,146.150389,8,"[6, 7, 11, 21, 22, 32, 34, 39]","['Camargo', 'Casas', 'González', 'Matamoros', 'Méndez', 'Río Bravo', 'San Fernando', 'Valle Hermoso']"
1,68,12.331159390144041,91.820321,9,"[6, 11, 16, 21, 26, 29, 32, 34, 39]","['Camargo', 'González', 'Jaumave', 'Matamoros', 'Nuevo Laredo', 'Padilla', 'Río Bravo', 'San Fernando', 'Valle Hermoso']"
1,69,10.029810383609144,125.23272,8,"[11, 12, 21, 22, 23, 32, 34, 39]","['González', 'Güémez', 'Matamoros', 'Méndez', 'Mier', 'Río Bravo', 'San Fernando', 'Valle Hermoso']"
1,70,5.879552621662669,122.698237,10,"[11, 21, 22, 23, 31, 32, 34, 36, 39, 40]","['González', 'Matamoros', 'Méndez', 'Mier', 'Reynosa', 'Río Bravo', 'San Fernando', 'Soto la Marina', 'Valle Hermoso', 'Victoria']"
1,71,57.082257357436454,190.624696,3,"[7, 14, 39]","['Casas', 'Gustavo Díaz Ordaz', 'Valle Hermoso']"
1,72,5.791502537730062,125.23272,10,"[11, 12, 21, 22, 23, 31, 32, 34, 36, 39]","['González', 'Güémez', 'Matamoros', 'Méndez', 'Mier', 'Reynosa', 'Río Bravo', 'San Fernando', 'Soto la Marina', 'Valle Hermoso']"
1,73,6.0436551302018975,129.804564,9,"[7, 11, 21, 22, 24, 31, 32, 34, 39]","['Casas', 'González', 'Matamoros', 'Méndez', 'Miguel Alemán', 'Reynosa', 'Río Bravo', 'San Fernando', 'Valle Hermoso']"
1,74,53.114491960536824,133.161241,4,"[11, 23, 29, 32]","['González', 'Mier', 'Padilla', 'Río Bravo']"
1,75,12.27987105300135,99.762503,9,"[6, 11, 21, 26, 29, 32, 34, 39, 40]","['Camargo', 'González', 'Matamoros', 'Nuevo Laredo', 'Padilla', 'Río Bravo', 'San Fernando', 'Valle Hermoso', 'Victoria']"
1,76,15.123240747494295,89.54682,9,"[7, 11, 14, 18, 19, 21, 26, 32, 34]","['Casas', 'González', 'Gustavo Díaz Ordaz', 'Llera', 'Mainero', 'Matamoros', 'Nuevo Laredo', 'Río Bravo', 'San Fernando']"
1,77,7.283771005422787,103.28924,10,"[6, 11, 21, 22, 26, 31, 32, 34, 39, 40]","['Camargo', 'González', 'Matamoros', 'Méndez', 'Nuevo Laredo', 'Reynosa', 'Río Bravo', 'San Fernando', 'Valle Hermoso', 'Victoria']"
1,78,28.171410526603136,91.820321,7,"[11, 14, 16, 21, 26, 29, 34]","['González', 'Gustavo Díaz Ordaz', 'Jaumave', 'Matamoros', 'Nuevo Laredo', 'Padilla', 'San Fernando']"
1,79,16.06134212800495,101.65538,8,"[6, 11, 21, 26, 29, 32, 34, 42]","['Camargo', 'González', 'Matamoros', 'Nuevo Laredo', 'Padilla', 'Río Bravo', 'San Fernando', 'Xicoténcatl']"
1,80,9.263813369025653,99.762503,10,"[6, 11, 21, 22, 26, 29, 32, 34, 39, 40]","['Camargo', 'González', 'Matamoros', 'Méndez', 'Nuevo Laredo', 'Padilla', 'Río Bravo', 'San Fernando', 'Valle Hermoso', 'Victoria']"
1,81,16.145532849607278,99.762503,8,"[6, 11, 21, 26, 29, 32, 34, 40]","['Camargo', 'González', 'Matamoros', 'Nuevo Laredo', 'Padilla', 'Río Bravo', 'San Fernando', 'Victoria']"
1,82,4.618854960116113,129.804564,10,"[7, 8, 11, 21, 22, 24, 31, 32, 34, 39]","['Casas', 'Ciudad Madero', 'González', 'Matamoros', 'Méndez', 'Miguel Alemán', 'Reynosa', 'Río Bravo', 'San Fernando', 'Valle Hermoso']"
1,83,27.027078128096058,89.54682,8,"[7, 11, 14, 18, 19, 21, 26, 34]","['Casas', 'González', 'Gustavo Díaz Ordaz', 'Llera', 'Mainero', 'Matamoros', 'Nuevo Laredo', 'San Fernando']"
1,84,28.03593146785812,101.65538,7,"[11, 14, 21, 26, 29, 34, 42]","['González', 'Gustavo Díaz Ordaz', 'Matamoros', 'Nuevo Laredo', 'Padilla', 'San Fernando', 'Xicoténcatl']"
1,85,26.013115761806652,87.858692,9,"[1, 7, 11, 14, 18, 19, 21, 26, 34]","['Aldama', 'Casas', 'González', 'Gustavo Díaz Ordaz', 'Llera', 'Mainero', 'Matamoros', 'Nuevo Laredo', 'San Fernando']"
1,86,6.012485040936646,106.008269,10,"[11, 13, 21, 22, 31, 32, 34, 36, 39, 40]","['González', 'Guerrero', 'Matamoros', 'Méndez', 'Reynosa', 'Río Bravo', 'San Fernando', 'Soto la Marina', 'Valle Hermoso', 'Victoria']"
1,87,16.196821186749965,91.820321,8,"[6, 11, 16, 21, 26, 29, 32, 34]","['Camargo', 'González', 'Jaumave', 'Matamoros', 'Nuevo Laredo', 'Padilla', 'Río Bravo', 'San Fernando']"
1,88,11.186826991636964,89.54682,10,"[6, 7, 11, 18, 19, 21, 26, 32, 34, 39]","['Camargo', 'Casas', 'González', 'Llera', 'Mainero', 'Matamoros', 'Nuevo Laredo', 'Río Bravo', 'San Fernando', 'Valle Hermoso']"
2,1,16.226991672967277,128.460678,6,"[7, 11, 13, 21, 32, 34]","['Casas', 'González', 'Guerrero', 'Matamoros', 'Río Bravo', 'San Fernando']"
2,2,20.487328985594157,218.757001,4,"[11, 21, 32, 34]","['González', 'Matamoros', 'Río Bravo', 'San Fernando']"
2,3,15.911553579123666,129.804564,6,"[7, 11, 21, 24, 32, 34]","['Casas', 'González', 'Matamoros', 'Miguel Alemán', 'Río Bravo', 'San Fernando']"
2,4,9.639804742129789,218.757001,7,"[7, 11, 21, 22, 32, 34, 39]","['Casas', 'González', 'Matamoros', 'Méndez', 'Río Bravo', 'San Fernando', 'Valle Hermoso']"
2,5,9.220763377775967,128.460678,8,"[7, 11, 13, 21, 22, 32, 34, 39]","['Casas', 'González', 'Guerrero', 'Matamoros', 'Méndez', 'Río Bravo', 'San Fernando', 'Valle Hermoso']"
2,6,17.352438277929657,197.327862,5,"[11, 21, 31, 32, 34]","['González', 'Matamoros', 'Reynosa', 'Río Bravo', 'San Fernando']"
2,7,32.56141237266288,218.757001,3,"[11, 32, 34]","['González', 'Río Bravo', 'San Fernando']"
2,8,28.301075060036,128.460678,5,"[7, 11, 13, 32, 34]","['Casas', 'González', 'Guerrero', 'Río Bravo', 'San Fernando']"
2,9,70.87439659669022,159.121441,3,"[6, 11, 34]","['Camargo', 'González', 'San Fernando']"
2,10,13.486776481323737,197.327862,6,"[11, 21, 31, 32, 34, 39]","['González', 'Matamoros', 'Reynosa', 'Río Bravo', 'San Fernando', 'Valle Hermoso']"
2,11,74.24941736268339,150.277393,3,"[6, 34, 42]","['Camargo', 'San Fernando', 'Xicoténcatl']"
2,12,12.361329876361348,128.460678,7,"[7, 11, 13, 21, 32, 34, 39]","['Casas', 'González', 'Guerrero', 'Matamoros', 'Río Bravo', 'San Fernando', 'Valle Hermoso']"
2,13,31.583347927618853,159.121441,4,"[6, 11, 32, 34]","['Camargo', 'González', 'Río Bravo', 'San Fernando']"
2,14,12.780371240715173,218.757001,6,"[7, 11, 21, 32, 34, 39]","['Casas', 'González', 'Matamoros', 'Río Bravo', 'San Fernando', 'Valle Hermoso']"
2,15,17.628241861926107,106.008269,6,"[11, 13, 21, 32, 34, 40]","['González', 'Guerrero', 'Matamoros', 'Río Bravo', 'San Fernando', 'Victoria']"
2,16,9.64548053305068,197.327862,7,"[7, 11, 21, 31, 32, 34, 39]","['Casas', 'González', 'Matamoros', 'Reynosa', 'Río Bravo', 'San Fernando', 'Valle Hermoso']"
2,17,16.62166718898823,218.757001,5,"[11, 21, 32, 34, 39]","['González', 'Matamoros', 'Río Bravo', 'San Fernando', 'Valle Hermoso']"
2,18,29.702325248994832,106.008269,5,"[11, 13, 32, 34, 40]","['González', 'Guerrero', 'Río Bravo', 'San Fernando', 'Victoria']"
2,19,8.905325283932356,129.804564,8,"[7, 11, 21, 22, 24, 32, 34, 39]","['Casas', 'González', 'Matamoros', 'Méndez', 'Miguel Alemán', 'Río Bravo', 'San Fernando', 'Valle Hermoso']"
2,20,27.985636966192395,129.804564,5,"[7, 11, 24, 32, 34]","['Casas', 'González', 'Miguel Alemán', 'Río Bravo', 'San Fernando']"
2,21,6.504914034465295,197.327862,8,"[7, 11, 21, 22, 31, 32, 34, 39]","['Casas', 'González', 'Matamoros', 'Méndez', 'Reynosa', 'Río Bravo', 'San Fernando', 'Valle Hermoso']"
2,22,13.762580065320183,106.008269,7,"[11, 13, 21, 32, 34, 39, 40]","['González', 'Guerrero', 'Matamoros', 'Río Bravo', 'San Fernando', 'Valle Hermoso', 'Victoria']"
2,23,6.0436551302018975,129.804564,9,"[7, 11, 21, 22, 24, 31, 32, 34, 39]","['Casas', 'González', 'Matamoros', 'Méndez', 'Miguel Alemán', 'Reynosa', 'Río Bravo', 'San Fernando', 'Valle Hermoso']"
2,24,34.95836869361204,150.277393,4,"[6, 32, 34, 42]","['Camargo', 'Río Bravo', 'San Fernando', 'Xicoténcatl']"
2,25,19.509264540550127,159.121441,5,"[6, 11, 21, 32, 34]","['Camargo', 'González', 'Matamoros', 'Río Bravo', 'San Fernando']"
2,26,12.045891782517742,129.804564,7,"[7, 11, 21, 24, 32, 34, 39]","['Casas', 'González', 'Matamoros', 'Miguel Alemán', 'Río Bravo', 'San Fernando', 'Valle Hermoso']"
2,27,15.643602743944205,159.121441,6,"[6, 11, 21, 32, 34, 39]","['Camargo', 'González', 'Matamoros', 'Río Bravo', 'San Fernando', 'Valle Hermoso']"
2,28,7.695430331374136,106.008269,9,"[11, 13, 21, 22, 31, 32, 34, 39, 40]","['González', 'Guerrero', 'Matamoros', 'Méndez', 'Reynosa', 'Río Bravo', 'San Fernando', 'Valle Hermoso', 'Victoria']"
2,29,21.42255192661401,197.327862,4,"[11, 21, 31, 34]","['González', 'Matamoros', 'Reynosa', 'San Fernando']"
2,30,57.082257357436454,190.624696,3,"[7, 14, 39]","['Casas', 'Gustavo Díaz Ordaz', 'Valle Hermoso']"
2,31,27.742051979345796,146.150389,5,"[6, 7, 11, 32, 34]","['Camargo', 'Casas', 'González', 'Río Bravo', 'San Fernando']"
2,32,10.623338635054765,106.008269,8,"[11, 13, 21, 22, 32, 34, 39, 40]","['González', 'Guerrero', 'Matamoros', 'Méndez', 'Río Bravo', 'San Fernando', 'Valle Hermoso', 'Victoria']"
2,33,29.04380812108907,103.28924,6,"[11, 14, 21, 26, 34, 40]","['González', 'Gustavo Díaz Ordaz', 'Matamoros', 'Nuevo Laredo', 'San Fernando', 'Victoria']"
2,34,6.292855074095337,128.460678,9,"[7, 11, 13, 21, 22, 31, 32, 34, 39]","['Casas', 'González', 'Guerrero', 'Matamoros', 'Méndez', 'Reynosa', 'Río Bravo', 'San Fernando', 'Valle Hermoso']"
2,35,8.66174029708576,146.150389,8,"[6, 7, 11, 21, 22, 32, 34, 39]","['Camargo', 'Casas', 'González', 'Matamoros', 'Méndez', 'Río Bravo', 'San Fernando', 'Valle Hermoso']"
2,36,39.789813631059396,197.327862,3,"[11, 31, 34]","['González', 'Reynosa', 'San Fernando']"
2,37,22.884285306543312,150.277393,5,"[6, 21, 32, 34, 42]","['Camargo', 'Matamoros', 'Río Bravo', 'San Fernando', 'Xicoténcatl']"
2,38,6.012485040936646,106.008269,10,"[11, 13, 21, 22, 31, 32, 34, 36, 39, 40]","['González', 'Guerrero', 'Matamoros', 'Méndez', 'Reynosa', 'Río Bravo', 'San Fernando', 'Soto la Marina', 'Valle Hermoso', 'Victoria']"
2,39,53.78673318970865,128.460678,4,"[7, 11, 13, 39]","['Casas', 'González', 'Guerrero', 'Valle Hermoso']"
2,40,11.802306795671146,146.150389,7,"[6, 7, 11, 21, 32, 34, 39]","['Camargo', 'Casas', 'González', 'Matamoros', 'Río Bravo', 'San Fernando', 'Valle Hermoso']"
2,41,15.66796859227707,146.150389,6,"[6, 7, 11, 21, 32, 34]","['Camargo', 'Casas', 'González', 'Matamoros', 'Río Bravo', 'San Fernando']"
2,42,31.4838538804033,166.394431,4,"[11, 14, 21, 34]","['González', 'Gustavo Díaz Ordaz', 'Matamoros', 'San Fernando']"
2,43,59.77113611663137,166.394431,3,"[11, 14, 34]","['González', 'Gustavo Díaz Ordaz', 'San Fernando']"
2,44,29.154842660154923,125.23272,5,"[11, 12, 13, 32, 34]","['González', 'Güémez', 'Guerrero', 'Río Bravo', 'San Fernando']"
2,45,17.080759273086198,125.23272,6,"[11, 12, 13, 21, 32, 34]","['González', 'Güémez', 'Guerrero', 'Matamoros', 'Río Bravo', 'San Fernando']"
2,46,54.21148280587767,101.36811,6,"[11, 24, 26, 39, 40, 41]","['González', 'Miguel Alemán', 'Nuevo Laredo', 'Valle Hermoso', 'Victoria', 'Villagrán']"
2,47,28.247906884362887,78.684483,9,"[0, 6, 8, 10, 26, 32, 34, 40, 41]","['Abasolo', 'Camargo', 'Ciudad Madero', 'Gómez Farías', 'Nuevo Laredo', 'Río Bravo', 'San Fernando', 'Victoria', 'Villagrán']"
2,48,5.8811957481439885,146.150389,9,"[6, 7, 11, 21, 22, 31, 32, 34, 39]","['Camargo', 'Casas', 'González', 'Matamoros', 'Méndez', 'Reynosa', 'Río Bravo', 'San Fernando', 'Valle Hermoso']"
2,49,17.069218781235904,103.28924,7,"[6, 11, 21, 26, 32, 34, 40]","['Camargo', 'González', 'Matamoros', 'Nuevo Laredo', 'Río Bravo', 'San Fernando', 'Victoria']"
2,50,55.12697115103506,126.101423,4,"[11, 12, 13, 32]","['González', 'Güémez', 'Guerrero', 'Río Bravo']"
2,51,10.064315554364562,103.28924,9,"[6, 11, 21, 22, 26, 32, 34, 39, 40]","['Camargo', 'González', 'Matamoros', 'Méndez', 'Nuevo Laredo', 'Río Bravo', 'San Fernando', 'Valle Hermoso', 'Victoria']"
2,52,57.96026278850363,171.210441,3,"[14, 18, 39]","['Gustavo Díaz Ordaz', 'Llera', 'Valle Hermoso']"
2,53,7.446230387480697,103.28924,10,"[11, 21, 22, 24, 26, 31, 32, 34, 39, 40]","['González', 'Matamoros', 'Méndez', 'Miguel Alemán', 'Nuevo Laredo', 'Reynosa', 'Río Bravo', 'San Fernando', 'Valle Hermoso', 'Victoria']"
2,54,10.16274280288312,125.23272,8,"[11, 12, 13, 21, 22, 32, 34, 39]","['González', 'Güémez', 'Guerrero', 'Matamoros', 'Méndez', 'Río Bravo', 'San Fernando', 'Valle Hermoso']"
2,55,13.20355698462998,103.28924,8,"[6, 11, 21, 26, 32, 34, 39, 40]","['Camargo', 'González', 'Matamoros', 'Nuevo Laredo', 'Río Bravo', 'San Fernando', 'Valle Hermoso', 'Victoria']"
2,56,41.72256357381549,141.396971,4,"[22, 24, 32, 42]","['Méndez', 'Miguel Alemán', 'Río Bravo', 'Xicoténcatl']"
2,57,29.73396740151747,71.232803,10,"[0, 6, 8, 10, 11, 26, 34, 39, 40, 41]","['Abasolo', 'Camargo', 'Ciudad Madero', 'Gómez Farías', 'González', 'Nuevo Laredo', 'San Fernando', 'Valle Hermoso', 'Victoria', 'Villagrán']"
2,58,41.47897858696889,146.150389,4,"[6, 22, 32, 42]","['Camargo', 'Méndez', 'Río Bravo', 'Xicoténcatl']"
2,59,27.235054742855674,99.762503,7,"[4, 11, 14, 21, 26, 34, 40]","['Burgos', 'González', 'Gustavo Díaz Ordaz', 'Matamoros', 'Nuevo Laredo', 'San Fernando', 'Victoria']"
2,60,8.97079739603194,101.132136,10,"[4, 6, 11, 18, 21, 26, 31, 32, 34, 39]","['Burgos', 'Camargo', 'González', 'Llera', 'Matamoros', 'Nuevo Laredo', 'Reynosa', 'Río Bravo', 'San Fernando', 'Valle Hermoso']"
2,61,5.080113864379508,197.327862,9,"[7, 8, 11, 21, 22, 31, 32, 34, 39]","['Casas', 'Ciudad Madero', 'González', 'Matamoros', 'Méndez', 'Reynosa', 'Río Bravo', 'San Fernando', 'Valle Hermoso']"
2,62,28.084624843001357,91.820321,7,"[6, 11, 18, 26, 29, 32, 34]","['Camargo', 'González', 'Llera', 'Nuevo Laredo', 'Padilla', 'Río Bravo', 'San Fernando']"
2,63,88.64983778054405,141.396971,3,"[22, 24, 42]","['Méndez', 'Miguel Alemán', 'Xicoténcatl']"
2,64,13.215097476480278,125.23272,7,"[11, 12, 13, 21, 32, 34, 39]","['González', 'Güémez', 'Guerrero', 'Matamoros', 'Río Bravo', 'San Fernando', 'Valle Hermoso']"
2,65,53.36517065740027,129.804564,4,"[7, 11, 24, 39]","['Casas', 'González', 'Miguel Alemán', 'Valle Hermoso']"
2,66,4.2599922116216336,197.327862,10,"[7, 8, 11, 21, 22, 31, 32, 34, 36, 39]","['Casas', 'Ciudad Madero', 'González', 'Matamoros', 'Méndez', 'Reynosa', 'Río Bravo', 'San Fernando', 'Soto la Marina', 'Valle Hermoso']"
2,67,89.5044624580781,138.045942,3,"[20, 22, 24]","['El Mante', 'Méndez', 'Miguel Alemán']"
2,68,12.144879659326712,91.820321,9,"[6, 11, 18, 21, 26, 29, 32, 34, 39]","['Camargo', 'González', 'Llera', 'Matamoros', 'Nuevo Laredo', 'Padilla', 'Río Bravo', 'San Fernando', 'Valle Hermoso']"
2,69,13.559453154556229,87.858692,10,"[6, 7, 11, 18, 21, 26, 32, 34, 37, 41]","['Camargo', 'Casas', 'González', 'Llera', 'Matamoros', 'Nuevo Laredo', 'Río Bravo', 'San Fernando', 'Tampico', 'Villagrán']"
2,70,81.97187386326387,146.150389,3,"[6, 22, 42]","['Camargo', 'Méndez', 'Xicoténcatl']"
2,71,9.025918383406156,99.762503,10,"[4, 11, 13, 21, 26, 31, 32, 34, 39, 40]","['Burgos', 'González', 'Guerrero', 'Matamoros', 'Nuevo Laredo', 'Reynosa', 'Río Bravo', 'San Fernando', 'Valle Hermoso', 'Victoria']"
2,72,11.394803606396582,99.762503,9,"[4, 6, 11, 21, 26, 32, 34, 39, 40]","['Burgos', 'Camargo', 'González', 'Matamoros', 'Nuevo Laredo', 'Río Bravo', 'San Fernando', 'Valle Hermoso', 'Victoria']"
2,73,16.173823497294165,78.684483,10,"[0, 6, 8, 10, 21, 26, 32, 34, 40, 41]","['Abasolo', 'Camargo', 'Ciudad Madero', 'Gómez Farías', 'Matamoros', 'Nuevo Laredo', 'Río Bravo', 'San Fernando', 'Victoria', 'Villagrán']"
2,74,7.234834499202491,125.23272,9,"[11, 12, 13, 21, 22, 31, 32, 34, 39]","['González', 'Güémez', 'Guerrero', 'Matamoros', 'Méndez', 'Reynosa', 'Río Bravo', 'San Fernando', 'Valle Hermoso']"
2,75,4.618854960116113,129.804564,10,"[7, 8, 11, 21, 22, 24, 31, 32, 34, 39]","['Casas', 'Ciudad Madero', 'González', 'Matamoros', 'Méndez', 'Miguel Alemán', 'Reynosa', 'Río Bravo', 'San Fernando', 'Valle Hermoso']"
2,76,5.924434957004037,125.23272,10,"[11, 12, 13, 21, 22, 31, 32, 34, 36, 39]","['González', 'Güémez', 'Guerrero', 'Matamoros', 'Méndez', 'Reynosa', 'Río Bravo', 'San Fernando', 'Soto la Marina', 'Valle Hermoso']"
2,77,15.260465403002506,99.762503,8,"[4, 6, 11, 21, 26, 32, 34, 40]","['Burgos', 'Camargo', 'González', 'Matamoros', 'Nuevo Laredo', 'Río Bravo', 'San Fernando', 'Victoria']"
2,78,4.8680549040095515,128.460678,10,"[7, 8, 11, 13, 21, 22, 31, 32, 34, 39]","['Casas', 'Ciudad Madero', 'González', 'Guerrero', 'Matamoros', 'Méndez', 'Reynosa', 'Río Bravo', 'San Fernando', 'Valle Hermoso']"
2,79,26.580647231844186,73.454405,10,"[0, 8, 10, 11, 14, 26, 34, 39, 40, 41]","['Abasolo', 'Ciudad Madero', 'Gómez Farías', 'González', 'Gustavo Díaz Ordaz', 'Nuevo Laredo', 'San Fernando', 'Valle Hermoso', 'Victoria', 'Villagrán']"
2,80,42.577188251349526,138.045942,4,"[20, 22, 24, 32]","['El Mante', 'Méndez', 'Miguel Alemán', 'Río Bravo']"
2,81,16.010541455932636,91.820321,8,"[6, 11, 18, 21, 26, 29, 32, 34]","['Camargo', 'González', 'Llera', 'Matamoros', 'Nuevo Laredo', 'Padilla', 'Río Bravo', 'San Fernando']"
2,82,14.92863200570436,89.54682,9,"[6, 7, 11, 18, 21, 26, 32, 34, 41]","['Camargo', 'Casas', 'González', 'Llera', 'Matamoros', 'Nuevo Laredo', 'Río Bravo', 'San Fernando', 'Villagrán']"
2,83,5.998797199790613,120.713771,10,"[7, 11, 13, 18, 21, 22, 31, 32, 34, 39]","['Casas', 'González', 'Guerrero', 'Llera', 'Matamoros', 'Méndez', 'Reynosa', 'Río Bravo', 'San Fernando', 'Valle Hermoso']"
2,84,28.050103047881677,80.985011,9,"[0, 6, 8, 20, 26, 32, 34, 40, 41]","['Abasolo', 'Camargo', 'Ciudad Madero', 'El Mante', 'Nuevo Laredo', 'Río Bravo', 'San Fernando', 'Victoria', 'Villagrán']"
2,85,9.248905332630365,93.902475,10,"[6, 11, 12, 18, 21, 22, 26, 32, 34, 39]","['Camargo', 'González', 'Güémez', 'Llera', 'Matamoros', 'Méndez', 'Nuevo Laredo', 'Río Bravo', 'San Fernando', 'Valle Hermoso']"
2,86,27.00271539277308,89.54682,8,"[6, 7, 11, 18, 26, 32, 34, 41]","['Camargo', 'Casas', 'González', 'Llera', 'Nuevo Laredo', 'Río Bravo', 'San Fernando', 'Villagrán']"
2,87,57.67453030661876,186.503869,3,"[14, 39, 42]","['Gustavo Díaz Ordaz', 'Valle Hermoso', 'Xicoténcatl']"
2,88,11.062970209098436,89.54682,10,"[6, 7, 11, 18, 21, 26, 32, 34, 39, 41]","['Camargo', 'Casas', 'González', 'Llera', 'Matamoros', 'Nuevo Laredo', 'Río Bravo', 'San Fernando', 'Valle Hermoso', 'Villagrán']"
3,1,32.56141237266288,218.757001,3,"[11, 32, 34]","['González', 'Río Bravo', 'San Fernando']"
3,2,16.62166718898823,218.757001,5,"[11, 21, 32, 34, 39]","['González', 'Matamoros', 'Río Bravo', 'San Fernando', 'Valle Hermoso']"
3,3,20.487328985594157,218.757001,4,"[11, 21, 32, 34]","['González', 'Matamoros', 'Río Bravo', 'San Fernando']"
3,4,70.87439659669022,159.121441,3,"[6, 11, 34]","['Camargo', 'González', 'San Fernando']"
3,5,17.628241861926107,106.008269,6,"[11, 13, 21, 32, 34, 40]","['González', 'Guerrero', 'Matamoros', 'Río Bravo', 'San Fernando', 'Victoria']"
3,6,19.509264540550127,159.121441,5,"[6, 11, 21, 32, 34]","['Camargo', 'González', 'Matamoros', 'Río Bravo', 'San Fernando']"
3,7,21.42255192661401,197.327862,4,"[11, 21, 31, 34]","['González', 'Matamoros', 'Reynosa', 'San Fernando']"
3,8,53.78673318970865,128.460678,4,"[7, 11, 13, 39]","['Casas', 'González', 'Guerrero', 'Valle Hermoso']"
3,9,13.762580065320183,106.008269,7,"[11, 13, 21, 32, 34, 39, 40]","['González', 'Guerrero', 'Matamoros', 'Río Bravo', 'San Fernando', 'Valle Hermoso', 'Victoria']"
3,10,39.789813631059396,197.327862,3,"[11, 31, 34]","['González', 'Reynosa', 'San Fernando']"
3,11,29.702325248994832,106.008269,5,"[11, 13, 32, 34, 40]","['González', 'Guerrero', 'Río Bravo', 'San Fernando', 'Victoria']"
3,12,17.352438277929657,197.327862,5,"[11, 21, 31, 32, 34]","['González', 'Matamoros', 'Reynosa', 'Río Bravo', 'San Fernando']"
3,13,10.064315554364562,103.28924,9,"[6, 11, 21, 22, 26, 32, 34, 39, 40]","['Camargo', 'González', 'Matamoros', 'Méndez', 'Nuevo Laredo', 'Río Bravo', 'San Fernando', 'Valle Hermoso', 'Victoria']"
3,14,15.260465403002506,99.762503,8,"[4, 6, 11, 21, 26, 32, 34, 40]","['Burgos', 'Camargo', 'González', 'Matamoros', 'Nuevo Laredo', 'Río Bravo', 'San Fernando', 'Victoria']"
3,15,59.77113611663137,166.394431,3,"[11, 14, 34]","['González', 'Gustavo Díaz Ordaz', 'San Fernando']"
3,16,31.583347927618853,159.121441,4,"[6, 11, 32, 34]","['Camargo', 'González', 'Río Bravo', 'San Fernando']"
3,17,7.695430331374136,106.008269,9,"[11, 13, 21, 22, 31, 32, 34, 39, 40]","['González', 'Guerrero', 'Matamoros', 'Méndez', 'Reynosa', 'Río Bravo', 'San Fernando', 'Valle Hermoso', 'Victoria']"
3,18,12.780371240715173,218.757001,6,"[7, 11, 21, 32, 34, 39]","['Casas', 'González', 'Matamoros', 'Río Bravo', 'San Fernando', 'Valle Hermoso']"
3,19,13.486776481323737,197.327862,6,"[11, 21, 31, 32, 34, 39]","['González', 'Matamoros', 'Reynosa', 'Río Bravo', 'San Fernando', 'Valle Hermoso']"
3,20,12.045891782517742,129.804564,7,"[7, 11, 21, 24, 32, 34, 39]","['Casas', 'González', 'Matamoros', 'Miguel Alemán', 'Río Bravo', 'San Fernando', 'Valle Hermoso']"
3,21,34.95836869361204,150.277393,4,"[6, 32, 34, 42]","['Camargo', 'Río Bravo', 'San Fernando', 'Xicoténcatl']"
3,22,9.64548053305068,197.327862,7,"[7, 11, 21, 31, 32, 34, 39]","['Casas', 'González', 'Matamoros', 'Reynosa', 'Río Bravo', 'San Fernando', 'Valle Hermoso']"
3,23,6.504914034465295,197.327862,8,"[7, 11, 21, 22, 31, 32, 34, 39]","['Casas', 'González', 'Matamoros', 'Méndez', 'Reynosa', 'Río Bravo', 'San Fernando', 'Valle Hermoso']"
3,24,29.02191024088095,125.23272,5,"[11, 12, 23, 32, 34]","['González', 'Güémez', 'Mier', 'Río Bravo', 'San Fernando']"
3,25,22.884285306543312,150.277393,5,"[6, 21, 32, 34, 42]","['Camargo', 'Matamoros', 'Río Bravo', 'San Fernando', 'Xicoténcatl']"
3,26,15.643602743944205,159.121441,6,"[6, 11, 21, 32, 34, 39]","['Camargo', 'González', 'Matamoros', 'Río Bravo', 'San Fernando', 'Valle Hermoso']"
3,27,17.069218781235904,103.28924,7,"[6, 11, 21, 26, 32, 34, 40]","['Camargo', 'González', 'Matamoros', 'Nuevo Laredo', 'Río Bravo', 'San Fernando', 'Victoria']"
3,28,9.639804742129789,218.757001,7,"[7, 11, 21, 22, 32, 34, 39]","['Casas', 'González', 'Matamoros', 'Méndez', 'Río Bravo', 'San Fernando', 'Valle Hermoso']"
3,29,5.8811957481439885,146.150389,9,"[6, 7, 11, 21, 22, 31, 32, 34, 39]","['Camargo', 'Casas', 'González', 'Matamoros', 'Méndez', 'Reynosa', 'Río Bravo', 'San Fernando', 'Valle Hermoso']"
3,30,8.905325283932356,129.804564,8,"[7, 11, 21, 22, 24, 32, 34, 39]","['Casas', 'González', 'Matamoros', 'Méndez', 'Miguel Alemán', 'Río Bravo', 'San Fernando', 'Valle Hermoso']"
3,31,6.0436551302018975,129.804564,9,"[7, 11, 21, 22, 24, 31, 32, 34, 39]","['Casas', 'González', 'Matamoros', 'Méndez', 'Miguel Alemán', 'Reynosa', 'Río Bravo', 'San Fernando', 'Valle Hermoso']"
3,32,27.985636966192395,129.804564,5,"[7, 11, 24, 32, 34]","['Casas', 'González', 'Miguel Alemán', 'Río Bravo', 'San Fernando']"
3,33,74.24941736268339,150.277393,3,"[6, 34, 42]","['Camargo', 'San Fernando', 'Xicoténcatl']"
3,34,7.283771005422787,103.28924,10,"[6, 11, 21, 22, 26, 31, 32, 34, 39, 40]","['Camargo', 'González', 'Matamoros', 'Méndez', 'Nuevo Laredo', 'Reynosa', 'Río Bravo', 'San Fernando', 'Valle Hermoso', 'Victoria']"
3,35,15.911553579123666,129.804564,6,"[7, 11, 21, 24, 32, 34]","['Casas', 'González', 'Matamoros', 'Miguel Alemán', 'Río Bravo', 'San Fernando']"
3,36,11.394803606396582,99.762503,9,"[4, 6, 11, 21, 26, 32, 34, 39, 40]","['Burgos', 'Camargo', 'González', 'Matamoros', 'Nuevo Laredo', 'Río Bravo', 'San Fernando', 'Valle Hermoso', 'Victoria']"
3,37,8.66174029708576,146.150389,8,"[6, 7, 11, 21, 22, 32, 34, 39]","['Camargo', 'Casas', 'González', 'Matamoros', 'Méndez', 'Río Bravo', 'San Fernando', 'Valle Hermoso']"
3,38,13.20355698462998,103.28924,8,"[6, 11, 21, 26, 32, 34, 39, 40]","['Camargo', 'González', 'Matamoros', 'Nuevo Laredo', 'Río Bravo', 'San Fernando', 'Valle Hermoso', 'Victoria']"
3,39,27.742051979345796,146.150389,5,"[6, 7, 11, 32, 34]","['Camargo', 'Casas', 'González', 'Río Bravo', 'San Fernando']"
3,40,31.4838538804033,166.394431,4,"[11, 14, 21, 34]","['González', 'Gustavo Díaz Ordaz', 'Matamoros', 'San Fernando']"
3,41,15.66796859227707,146.150389,6,"[6, 7, 11, 21, 32, 34]","['Camargo', 'Casas', 'González', 'Matamoros', 'Río Bravo', 'San Fernando']"
3,42,6.042178128375481,106.008269,10,"[7, 11, 13, 21, 22, 31, 32, 34, 39, 40]","['Casas', 'González', 'Guerrero', 'Matamoros', 'Méndez', 'Reynosa', 'Río Bravo', 'San Fernando', 'Valle Hermoso', 'Victoria']"
3,43,11.802306795671146,146.150389,7,"[6, 7, 11, 21, 32, 34, 39]","['Camargo', 'Casas', 'González', 'Matamoros', 'Río Bravo', 'San Fernando', 'Valle Hermoso']"
3,44,8.614259057454806,99.762503,10,"[4, 6, 11, 21, 26, 31, 32, 34, 39, 40]","['Burgos', 'Camargo', 'González', 'Matamoros', 'Nuevo Laredo', 'Reynosa', 'Río Bravo', 'San Fernando', 'Valle Hermoso', 'Victoria']"
3,45,27.043796983190045,99.762503,7,"[4, 6, 11, 21, 26, 32, 40]","['Burgos', 'Camargo', 'González', 'Matamoros', 'Nuevo Laredo', 'Río Bravo', 'Victoria']"
3,46,16.947826853812227,125.23272,6,"[11, 12, 21, 23, 32, 34]","['González', 'Güémez', 'Matamoros', 'Mier', 'Río Bravo', 'San Fernando']"
3,47,6.159922654821361,128.460678,9,"[7, 11, 21, 22, 23, 31, 32, 34, 39]","['Casas', 'González', 'Matamoros', 'Méndez', 'Mier', 'Reynosa', 'Río Bravo', 'San Fernando', 'Valle Hermoso']"
3,48,10.623338635054765,106.008269,8,"[11, 13, 21, 22, 32, 34, 39, 40]","['González', 'Guerrero', 'Matamoros', 'Méndez', 'Río Bravo', 'San Fernando', 'Valle Hermoso', 'Victoria']"
3,49,13.0821650572063,125.23272,7,"[11, 12, 21, 23, 32, 34, 39]","['González', 'Güémez', 'Matamoros', 'Mier', 'Río Bravo', 'San Fernando', 'Valle Hermoso']"
3,50,10.029810383609144,125.23272,8,"[11, 12, 21, 22, 23, 32, 34, 39]","['González', 'Güémez', 'Matamoros', 'Méndez', 'Mier', 'Río Bravo', 'San Fernando', 'Valle Hermoso']"
3,51,13.629647646046207,122.698237,7,"[11, 21, 23, 32, 34, 39, 40]","['González', 'Matamoros', 'Mier', 'Río Bravo', 'San Fernando', 'Valle Hermoso', 'Victoria']"
3,52,5.898218473733538,125.23272,10,"[7, 11, 12, 21, 22, 23, 31, 32, 34, 39]","['Casas', 'González', 'Güémez', 'Matamoros', 'Méndez', 'Mier', 'Reynosa', 'Río Bravo', 'San Fernando', 'Valle Hermoso']"
3,53,5.49095166817589,197.327862,9,"[1, 7, 11, 21, 22, 31, 32, 34, 39]","['Aldama', 'Casas', 'González', 'Matamoros', 'Méndez', 'Reynosa', 'Río Bravo', 'San Fernando', 'Valle Hermoso']"
3,54,4.867233381854583,146.150389,10,"[1, 6, 7, 11, 21, 22, 31, 32, 34, 39]","['Aldama', 'Camargo', 'Casas', 'González', 'Matamoros', 'Méndez', 'Reynosa', 'Río Bravo', 'San Fernando', 'Valle Hermoso']"
3,55,39.11788037025877,99.762503,6,"[4, 6, 11, 26, 32, 40]","['Burgos', 'Camargo', 'González', 'Nuevo Laredo', 'Río Bravo', 'Victoria']"
3,56,84.47657755858837,146.150389,3,"[6, 9, 42]","['Camargo', 'Cruillas', 'Xicoténcatl']"
3,57,12.228397457087373,128.460678,7,"[7, 11, 21, 23, 32, 34, 39]","['Casas', 'González', 'Matamoros', 'Mier', 'Río Bravo', 'San Fernando', 'Valle Hermoso']"
3,58,29.04380812108907,103.28924,6,"[11, 14, 21, 26, 34, 40]","['González', 'Gustavo Díaz Ordaz', 'Matamoros', 'Nuevo Laredo', 'San Fernando', 'Victoria']"
3,59,5.909245709101505,122.698237,10,"[7, 11, 21, 22, 23, 31, 32, 34, 39, 40]","['Casas', 'González', 'Matamoros', 'Méndez', 'Mier', 'Reynosa', 'Río Bravo', 'San Fernando', 'Valle Hermoso', 'Victoria']"
3,60,9.087830958501987,128.460678,8,"[7, 11, 21, 22, 23, 32, 34, 39]","['Casas', 'González', 'Matamoros', 'Méndez', 'Mier', 'Río Bravo', 'San Fernando', 'Valle Hermoso']"
3,61,40.70456625103741,146.150389,4,"[6, 9, 32, 42]","['Camargo', 'Cruillas', 'Río Bravo', 'Xicoténcatl']"
3,62,16.0940592536933,128.460678,6,"[7, 11, 21, 23, 32, 34]","['Casas', 'González', 'Matamoros', 'Mier', 'Río Bravo', 'San Fernando']"
3,63,29.569392829720854,122.698237,5,"[11, 23, 32, 34, 40]","['González', 'Mier', 'Río Bravo', 'San Fernando', 'Victoria']"
3,64,10.490406215780789,122.698237,8,"[11, 21, 22, 23, 32, 34, 39, 40]","['González', 'Matamoros', 'Méndez', 'Mier', 'Río Bravo', 'San Fernando', 'Valle Hermoso', 'Victoria']"
3,65,17.49530944265213,122.698237,6,"[11, 21, 23, 32, 34, 40]","['González', 'Matamoros', 'Mier', 'Río Bravo', 'San Fernando', 'Victoria']"
3,66,28.168142640762028,128.460678,5,"[7, 11, 23, 32, 34]","['Casas', 'González', 'Mier', 'Río Bravo', 'San Fernando']"
3,67,7.562497912100159,122.698237,9,"[11, 21, 22, 23, 31, 32, 34, 39, 40]","['González', 'Matamoros', 'Méndez', 'Mier', 'Reynosa', 'Río Bravo', 'San Fernando', 'Valle Hermoso', 'Victoria']"
3,68,28.192311814758934,93.902475,7,"[11, 12, 14, 21, 26, 34, 42]","['González', 'Güémez', 'Gustavo Díaz Ordaz', 'Matamoros', 'Nuevo Laredo', 'San Fernando', 'Xicoténcatl']"
3,69,41.60693085662751,129.044191,4,"[9, 20, 23, 32]","['Cruillas', 'El Mante', 'Mier', 'Río Bravo']"
3,70,16.21772247490576,93.902475,8,"[6, 11, 12, 21, 26, 32, 34, 42]","['Camargo', 'González', 'Güémez', 'Matamoros', 'Nuevo Laredo', 'Río Bravo', 'San Fernando', 'Xicoténcatl']"
3,71,7.101902079928514,125.23272,9,"[11, 12, 21, 22, 23, 31, 32, 34, 39]","['González', 'Güémez', 'Matamoros', 'Méndez', 'Mier', 'Reynosa', 'Río Bravo', 'San Fernando', 'Valle Hermoso']"
3,72,5.145960288531956,128.460678,10,"[1, 7, 11, 21, 22, 23, 31, 32, 34, 39]","['Aldama', 'Casas', 'González', 'Matamoros', 'Méndez', 'Mier', 'Reynosa', 'Río Bravo', 'San Fernando', 'Valle Hermoso']"
3,73,12.352060678299836,93.902475,9,"[6, 11, 12, 21, 26, 32, 34, 39, 42]","['Camargo', 'González', 'Güémez', 'Matamoros', 'Nuevo Laredo', 'Río Bravo', 'San Fernando', 'Valle Hermoso', 'Xicoténcatl']"
3,74,5.029692763912493,129.804564,10,"[1, 7, 11, 21, 22, 24, 31, 32, 34, 39]","['Aldama', 'Casas', 'González', 'Matamoros', 'Méndez', 'Miguel Alemán', 'Reynosa', 'Río Bravo', 'San Fernando', 'Valle Hermoso']"
3,75,15.240763076177773,89.54682,9,"[6, 7, 11, 16, 19, 21, 26, 32, 34]","['Camargo', 'Casas', 'González', 'Jaumave', 'Mainero', 'Matamoros', 'Nuevo Laredo', 'Río Bravo', 'San Fernando']"
3,76,11.618686266418443,89.54682,10,"[7, 11, 16, 19, 21, 24, 26, 32, 34, 39]","['Casas', 'González', 'Jaumave', 'Mainero', 'Matamoros', 'Miguel Alemán', 'Nuevo Laredo', 'Río Bravo', 'San Fernando', 'Valle Hermoso']"
3,77,9.29970600470268,93.902475,10,"[6, 11, 12, 21, 22, 26, 32, 34, 39, 42]","['Camargo', 'González', 'Güémez', 'Matamoros', 'Méndez', 'Nuevo Laredo', 'Río Bravo', 'San Fernando', 'Valle Hermoso', 'Xicoténcatl']"
3,78,9.86549013721708,92.781591,10,"[4, 6, 7, 11, 16, 21, 26, 32, 34, 39]","['Burgos', 'Camargo', 'Casas', 'González', 'Jaumave', 'Matamoros', 'Nuevo Laredo', 'Río Bravo', 'San Fernando', 'Valle Hermoso']"
3,79,27.314846463246496,89.54682,8,"[6, 7, 11, 16, 19, 26, 32, 34]","['Camargo', 'Casas', 'González', 'Jaumave', 'Mainero', 'Nuevo Laredo', 'Río Bravo', 'San Fernando']"
3,80,25.80523532089173,92.781591,8,"[4, 6, 7, 11, 16, 26, 32, 34]","['Burgos', 'Camargo', 'Casas', 'González', 'Jaumave', 'Nuevo Laredo', 'Río Bravo', 'San Fernando']"
3,81,41.130656912453624,141.396971,4,"[9, 23, 32, 42]","['Cruillas', 'Mier', 'Río Bravo', 'Xicoténcatl']"
3,82,37.57388729480225,92.781591,7,"[4, 6, 7, 11, 16, 26, 32]","['Burgos', 'Camargo', 'Casas', 'González', 'Jaumave', 'Nuevo Laredo', 'Río Bravo']"
3,83,13.731151933823002,92.781591,9,"[4, 6, 7, 11, 16, 21, 26, 32, 34]","['Burgos', 'Camargo', 'Casas', 'González', 'Jaumave', 'Matamoros', 'Nuevo Laredo', 'Río Bravo', 'San Fernando']"
3,84,54.99403873176108,126.101423,4,"[11, 12, 23, 32]","['González', 'Güémez', 'Mier', 'Río Bravo']"
4,1,40.70456625103741,146.150389,4,"[6, 9, 32, 42]","['Camargo', 'Cruillas', 'Río Bravo', 'Xicoténcatl']"
4,2,39.789813631059396,197.327862,3,"[11, 31, 34]","['González', 'Reynosa', 'San Fernando']"
4,3,13.486776481323737,197.327862,6,"[11, 21, 31, 32, 34, 39]","['González', 'Matamoros', 'Reynosa', 'Río Bravo', 'San Fernando', 'Valle Hermoso']"
4,4,17.352438277929657,197.327862,5,"[11, 21, 31, 32, 34]","['González', 'Matamoros', 'Reynosa', 'Río Bravo', 'San Fernando']"
4,5,21.42255192661401,197.327862,4,"[11, 21, 31, 34]","['González', 'Matamoros', 'Reynosa', 'San Fernando']"
4,6,20.487328985594157,218.757001,4,"[11, 21, 32, 34]","['González', 'Matamoros', 'Río Bravo', 'San Fernando']"
4,7,31.4838538804033,166.394431,4,"[11, 14, 21, 34]","['González', 'Gustavo Díaz Ordaz', 'Matamoros', 'San Fernando']"
4,8,32.56141237266288,218.757001,3,"[11, 32, 34]","['González', 'Río Bravo', 'San Fernando']"
4,9,13.0821650572063,125.23272,7,"[11, 12, 21, 23, 32, 34, 39]","['González', 'Güémez', 'Matamoros', 'Mier', 'Río Bravo', 'San Fernando', 'Valle Hermoso']"
4,10,19.509264540550127,159.121441,5,"[6, 11, 21, 32, 34]","['Camargo', 'González', 'Matamoros', 'Río Bravo', 'San Fernando']"
4,11,13.397849044528177,218.757001,6,"[0, 11, 21, 32, 34, 39]","['Abasolo', 'González', 'Matamoros', 'Río Bravo', 'San Fernando', 'Valle Hermoso']"
4,12,16.62166718898823,218.757001,5,"[11, 21, 32, 34, 39]","['González', 'Matamoros', 'Río Bravo', 'San Fernando', 'Valle Hermoso']"
4,13,16.947826853812227,125.23272,6,"[11, 12, 21, 23, 32, 34]","['González', 'Güémez', 'Matamoros', 'Mier', 'Río Bravo', 'San Fernando']"
4,14,59.77113611663137,166.394431,3,"[11, 14, 34]","['González', 'Gustavo Díaz Ordaz', 'San Fernando']"
4,15,31.583347927618853,159.121441,4,"[6, 11, 32, 34]","['Camargo', 'González', 'Río Bravo', 'San Fernando']"
4,16,6.985634555309051,129.804564,9,"[11, 12, 21, 22, 24, 31, 32, 34, 39]","['González', 'Güémez', 'Matamoros', 'Méndez', 'Miguel Alemán', 'Reynosa', 'Río Bravo', 'San Fernando', 'Valle Hermoso']"
4,17,10.262958336863683,197.327862,7,"[0, 11, 21, 31, 32, 34, 39]","['Abasolo', 'González', 'Matamoros', 'Reynosa', 'Río Bravo', 'San Fernando', 'Valle Hermoso']"
4,18,6.136493917373994,197.327862,9,"[11, 12, 21, 22, 31, 32, 34, 36, 39]","['González', 'Güémez', 'Matamoros', 'Méndez', 'Reynosa', 'Río Bravo', 'San Fernando', 'Soto la Marina', 'Valle Hermoso']"
4,19,16.76532117924259,129.804564,6,"[11, 12, 21, 24, 32, 34]","['González', 'Güémez', 'Matamoros', 'Miguel Alemán', 'Río Bravo', 'San Fernando']"
4,20,17.628241861926107,106.008269,6,"[11, 13, 21, 32, 34, 40]","['González', 'Guerrero', 'Matamoros', 'Río Bravo', 'San Fernando', 'Victoria']"
4,21,22.884285306543312,150.277393,5,"[6, 21, 32, 34, 42]","['Camargo', 'Matamoros', 'Río Bravo', 'San Fernando', 'Xicoténcatl']"
4,22,29.02191024088095,125.23272,5,"[11, 12, 23, 32, 34]","['González', 'Güémez', 'Mier', 'Río Bravo', 'San Fernando']"
4,23,6.012485040936646,106.008269,10,"[11, 13, 21, 22, 31, 32, 34, 36, 39, 40]","['González', 'Guerrero', 'Matamoros', 'Méndez', 'Reynosa', 'Río Bravo', 'San Fernando', 'Soto la Marina', 'Valle Hermoso', 'Victoria']"
4,24,34.95836869361204,150.277393,4,"[6, 32, 34, 42]","['Camargo', 'Río Bravo', 'San Fernando', 'Xicoténcatl']"
4,25,15.643602743944205,159.121441,6,"[6, 11, 21, 32, 34, 39]","['Camargo', 'González', 'Matamoros', 'Río Bravo', 'San Fernando', 'Valle Hermoso']"
4,26,17.49530944265213,122.698237,6,"[11, 21, 23, 32, 34, 40]","['González', 'Matamoros', 'Mier', 'Río Bravo', 'San Fernando', 'Victoria']"
4,27,7.695430331374136,106.008269,9,"[11, 13, 21, 22, 31, 32, 34, 39, 40]","['González', 'Guerrero', 'Matamoros', 'Méndez', 'Reynosa', 'Río Bravo', 'San Fernando', 'Valle Hermoso', 'Victoria']"
4,28,13.629647646046207,122.698237,7,"[11, 21, 23, 32, 34, 39, 40]","['González', 'Matamoros', 'Mier', 'Río Bravo', 'San Fernando', 'Valle Hermoso', 'Victoria']"
4,29,12.899659382636669,129.804564,7,"[11, 12, 21, 24, 32, 34, 39]","['González', 'Güémez', 'Matamoros', 'Miguel Alemán', 'Río Bravo', 'San Fernando', 'Valle Hermoso']"
4,30,70.87439659669022,159.121441,3,"[6, 11, 34]","['Camargo', 'González', 'San Fernando']"
4,31,54.99403873176108,126.101423,4,"[11, 12, 23, 32]","['González', 'Güémez', 'Mier', 'Río Bravo']"
4,32,7.101902079928514,125.23272,9,"[11, 12, 21, 22, 23, 31, 32, 34, 39]","['González', 'Güémez', 'Matamoros', 'Méndez', 'Mier', 'Reynosa', 'Río Bravo', 'San Fernando', 'Valle Hermoso']"
4,33,13.762580065320183,106.008269,7,"[11, 13, 21, 32, 34, 39, 40]","['González', 'Guerrero', 'Matamoros', 'Río Bravo', 'San Fernando', 'Valle Hermoso', 'Victoria']"
4,34,89.5044624580781,138.045942,3,"[20, 22, 24]","['El Mante', 'Méndez', 'Miguel Alemán']"
4,35,29.702325248994832,106.008269,5,"[11, 13, 32, 34, 40]","['González', 'Guerrero', 'Río Bravo', 'San Fernando', 'Victoria']"
4,36,10.623338635054765,106.008269,8,"[11, 13, 21, 22, 32, 34, 39, 40]","['González', 'Guerrero', 'Matamoros', 'Méndez', 'Río Bravo', 'San Fernando', 'Valle Hermoso', 'Victoria']"
4,37,7.562497912100159,122.698237,9,"[11, 21, 22, 23, 31, 32, 34, 39, 40]","['González', 'Matamoros', 'Méndez', 'Mier', 'Reynosa', 'Río Bravo', 'San Fernando', 'Valle Hermoso', 'Victoria']"
4,38,10.064315554364562,103.28924,9,"[6, 11, 21, 22, 26, 32, 34, 39, 40]","['Camargo', 'González', 'Matamoros', 'Méndez', 'Nuevo Laredo', 'Río Bravo', 'San Fernando', 'Valle Hermoso', 'Victoria']"
4,39,81.97187386326387,146.150389,3,"[6, 22, 42]","['Camargo', 'Méndez', 'Xicoténcatl']"
4,40,42.577188251349526,138.045942,4,"[20, 22, 24, 32]","['El Mante', 'Méndez', 'Miguel Alemán', 'Río Bravo']"
4,41,88.64983778054405,141.396971,3,"[22, 24, 42]","['Méndez', 'Miguel Alemán', 'Xicoténcatl']"
4,42,29.569392829720854,122.698237,5,"[11, 23, 32, 34, 40]","['González', 'Mier', 'Río Bravo', 'San Fernando', 'Victoria']"
4,43,54.81153305719145,129.804564,4,"[11, 12, 24, 32]","['González', 'Güémez', 'Miguel Alemán', 'Río Bravo']"
4,44,7.283771005422787,103.28924,10,"[6, 11, 21, 22, 26, 31, 32, 34, 39, 40]","['Camargo', 'González', 'Matamoros', 'Méndez', 'Nuevo Laredo', 'Reynosa', 'Río Bravo', 'San Fernando', 'Valle Hermoso', 'Victoria']"
4,45,74.24941736268339,150.277393,3,"[6, 34, 42]","['Camargo', 'San Fernando', 'Xicoténcatl']"
4,46,5.675235013110599,129.804564,10,"[11, 12, 21, 22, 24, 31, 32, 34, 36, 39]","['González', 'Güémez', 'Matamoros', 'Méndez', 'Miguel Alemán', 'Reynosa', 'Río Bravo', 'San Fernando', 'Soto la Marina', 'Valle Hermoso']"
4,47,13.20355698462998,103.28924,8,"[6, 11, 21, 26, 32, 34, 39, 40]","['Camargo', 'González', 'Matamoros', 'Nuevo Laredo', 'Río Bravo', 'San Fernando', 'Valle Hermoso', 'Victoria']"
4,48,10.029810383609144,125.23272,8,"[11, 12, 21, 22, 23, 32, 34, 39]","['González', 'Güémez', 'Matamoros', 'Méndez', 'Mier', 'Río Bravo', 'San Fernando', 'Valle Hermoso']"
4,49,9.847304709039511,129.804564,8,"[11, 12, 21, 22, 24, 32, 34, 39]","['González', 'Güémez', 'Matamoros', 'Méndez', 'Miguel Alemán', 'Río Bravo', 'San Fernando', 'Valle Hermoso']"
4,50,29.04380812108907,103.28924,6,"[11, 14, 21, 26, 34, 40]","['González', 'Gustavo Díaz Ordaz', 'Matamoros', 'Nuevo Laredo', 'San Fernando', 'Victoria']"
4,51,5.512775631052689,146.150389,10,"[6, 11, 12, 21, 22, 31, 32, 34, 36, 39]","['Camargo', 'González', 'Güémez', 'Matamoros', 'Méndez', 'Reynosa', 'Río Bravo', 'San Fernando', 'Soto la Marina', 'Valle Hermoso']"
4,52,12.575676675251358,146.150389,7,"[6, 11, 21, 29, 32, 34, 39]","['Camargo', 'González', 'Matamoros', 'Padilla', 'Río Bravo', 'San Fernando', 'Valle Hermoso']"
4,53,28.839404566311316,129.804564,5,"[11, 12, 24, 32, 34]","['González', 'Güémez', 'Miguel Alemán', 'Río Bravo', 'San Fernando']"
4,54,16.441338471857282,146.150389,6,"[6, 11, 21, 29, 32, 34]","['Camargo', 'González', 'Matamoros', 'Padilla', 'Río Bravo', 'San Fernando']"
4,55,17.069218781235904,103.28924,7,"[6, 11, 21, 26, 32, 34, 40]","['Camargo', 'González', 'Matamoros', 'Nuevo Laredo', 'Río Bravo', 'San Fernando', 'Victoria']"
4,56,15.011465483545113,89.54682,9,"[6, 11, 18, 21, 26, 32, 34, 35, 36]","['Camargo', 'González', 'Llera', 'Matamoros', 'Nuevo Laredo', 'Río Bravo', 'San Fernando', 'San Nicolás', 'Soto la Marina']"
4,57,28.759006845772596,133.161241,5,"[11, 24, 29, 32, 34]","['González', 'Miguel Alemán', 'Padilla', 'Río Bravo', 'San Fernando']"
4,58,9.55961899127566,146.150389,8,"[6, 11, 21, 22, 29, 32, 34, 39]","['Camargo', 'González', 'Matamoros', 'Méndez', 'Padilla', 'Río Bravo', 'San Fernando', 'Valle Hermoso']"
4,59,10.490406215780789,122.698237,8,"[11, 21, 22, 23, 32, 34, 39, 40]","['González', 'Matamoros', 'Méndez', 'Mier', 'Río Bravo', 'San Fernando', 'Valle Hermoso', 'Victoria']"
4,60,16.285446396090073,152.051734,6,"[0, 6, 11, 21, 32, 34]","['Abasolo', 'Camargo', 'González', 'Matamoros', 'Río Bravo', 'San Fernando']"
4,61,9.296067886771791,152.051734,8,"[0, 6, 11, 21, 22, 32, 34, 39]","['Abasolo', 'Camargo', 'González', 'Matamoros', 'Méndez', 'Río Bravo', 'San Fernando', 'Valle Hermoso']"
4,62,15.260465403002506,99.762503,8,"[4, 6, 11, 21, 26, 32, 34, 40]","['Burgos', 'Camargo', 'González', 'Matamoros', 'Nuevo Laredo', 'Río Bravo', 'San Fernando', 'Victoria']"
4,63,40.948151237884005,141.396971,4,"[9, 24, 32, 42]","['Cruillas', 'Miguel Alemán', 'Río Bravo', 'Xicoténcatl']"
4,64,52.9319862859672,133.161241,4,"[11, 24, 29, 32]","['González', 'Miguel Alemán', 'Padilla', 'Río Bravo']"
4,65,9.803203978122255,133.161241,8,"[11, 21, 22, 24, 29, 32, 34, 39]","['González', 'Matamoros', 'Méndez', 'Miguel Alemán', 'Padilla', 'Río Bravo', 'San Fernando', 'Valle Hermoso']"
4,66,28.084624843001357,91.820321,7,"[6, 11, 18, 26, 29, 32, 34]","['Camargo', 'González', 'Llera', 'Nuevo Laredo', 'Padilla', 'Río Bravo', 'San Fernando']"
4,67,7.1392416241513255,197.327862,8,"[0, 11, 21, 22, 31, 32, 34, 39]","['Abasolo', 'González', 'Matamoros', 'Méndez', 'Reynosa', 'Río Bravo', 'San Fernando', 'Valle Hermoso']"
4,68,6.515523337830019,152.051734,9,"[0, 6, 11, 21, 22, 31, 32, 34, 39]","['Abasolo', 'Camargo', 'González', 'Matamoros', 'Méndez', 'Reynosa', 'Río Bravo', 'San Fernando', 'Valle Hermoso']"
4,69,16.684923458703878,133.161241,6,"[11, 21, 24, 29, 32, 34]","['González', 'Matamoros', 'Miguel Alemán', 'Padilla', 'Río Bravo', 'San Fernando']"
4,70,12.81926166209795,133.161241,7,"[11, 21, 24, 29, 32, 34, 39]","['González', 'Matamoros', 'Miguel Alemán', 'Padilla', 'Río Bravo', 'San Fernando', 'Valle Hermoso']"
4,71,12.419784599484151,152.051734,7,"[0, 6, 11, 21, 32, 34, 39]","['Abasolo', 'Camargo', 'González', 'Matamoros', 'Río Bravo', 'San Fernando', 'Valle Hermoso']"
4,72,28.515421858926004,146.150389,5,"[6, 11, 29, 32, 34]","['Camargo', 'González', 'Padilla', 'Río Bravo', 'San Fernando']"
4,73,16.010541455932636,91.820321,8,"[6, 11, 18, 21, 26, 29, 32, 34]","['Camargo', 'González', 'Llera', 'Matamoros', 'Nuevo Laredo', 'Padilla', 'Río Bravo', 'San Fernando']"
4,74,11.145803686939187,89.54682,10,"[6, 11, 18, 21, 26, 32, 34, 35, 36, 39]","['Camargo', 'González', 'Llera', 'Matamoros', 'Nuevo Laredo', 'Río Bravo', 'San Fernando', 'San Nicolás', 'Soto la Marina', 'Valle Hermoso']"
4,75,9.128821975351014,91.820321,10,"[6, 11, 18, 21, 22, 26, 29, 32, 34, 39]","['Camargo', 'González', 'Llera', 'Matamoros', 'Méndez', 'Nuevo Laredo', 'Padilla', 'Río Bravo', 'San Fernando', 'Valle Hermoso']"
4,76,11.394803606396582,99.762503,9,"[4, 6, 11, 21, 26, 32, 34, 39, 40]","['Burgos', 'Camargo', 'González', 'Matamoros', 'Nuevo Laredo', 'Río Bravo', 'San Fernando', 'Valle Hermoso', 'Victoria']"
4,77,12.144879659326712,91.820321,9,"[6, 11, 18, 21, 26, 29, 32, 34, 39]","['Camargo', 'González', 'Llera', 'Matamoros', 'Nuevo Laredo', 'Padilla', 'Río Bravo', 'San Fernando', 'Valle Hermoso']"
4,78,39.741626459796336,89.54682,7,"[11, 14, 18, 26, 32, 35, 36]","['González', 'Gustavo Díaz Ordaz', 'Llera', 'Nuevo Laredo', 'Río Bravo', 'San Nicolás', 'Soto la Marina']"
4,79,8.614259057454806,99.762503,10,"[4, 6, 11, 21, 26, 31, 32, 34, 39, 40]","['Burgos', 'Camargo', 'González', 'Matamoros', 'Nuevo Laredo', 'Reynosa', 'Río Bravo', 'San Fernando', 'Valle Hermoso', 'Victoria']"
4,80,5.791502537730062,125.23272,10,"[11, 12, 21, 22, 23, 31, 32, 34, 36, 39]","['González', 'Güémez', 'Matamoros', 'Méndez', 'Mier', 'Reynosa', 'Río Bravo', 'San Fernando', 'Soto la Marina', 'Valle Hermoso']"
4,81,6.941533824391795,133.161241,9,"[11, 21, 22, 24, 29, 31, 32, 34, 39]","['González', 'Matamoros', 'Méndez', 'Miguel Alemán', 'Padilla', 'Reynosa', 'Río Bravo', 'San Fernando', 'Valle Hermoso']"
4,82,6.7790744423338865,146.150389,9,"[6, 11, 21, 22, 29, 31, 32, 34, 39]","['Camargo', 'González', 'Matamoros', 'Méndez', 'Padilla', 'Reynosa', 'Río Bravo', 'San Fernando', 'Valle Hermoso']"
4,83,27.085548870613835,89.54682,8,"[6, 11, 18, 26, 32, 34, 35, 36]","['Camargo', 'González', 'Llera', 'Nuevo Laredo', 'Río Bravo', 'San Fernando', 'San Nicolás', 'Soto la Marina']"
4,84,41.09821990081241,99.762503,6,"[11, 14, 26, 32, 35, 40]","['González', 'Gustavo Díaz Ordaz', 'Nuevo Laredo', 'Río Bravo', 'San Nicolás', 'Victoria']"
4,85,41.31287465770246,97.088288,6,"[6, 11, 18, 26, 32, 35]","['Camargo', 'González', 'Llera', 'Nuevo Laredo', 'Río Bravo', 'San Nicolás']"
4,86,27.235054742855674,99.762503,7,"[4, 11, 14, 21, 26, 34, 40]","['Burgos', 'González', 'Gustavo Díaz Ordaz', 'Matamoros', 'Nuevo Laredo', 'San Fernando', 'Victoria']"
4,87,13.048481908160372,87.858692,10,"[2, 6, 11, 18, 21, 26, 32, 34, 35, 36]","['Altamira', 'Camargo', 'González', 'Llera', 'Matamoros', 'Nuevo Laredo', 'Río Bravo', 'San Fernando', 'San Nicolás', 'Soto la Marina']"
5,1,16.62166718898823,218.757001,5,"[11, 21, 32, 34, 39]","['González', 'Matamoros', 'Río Bravo', 'San Fernando', 'Valle Hermoso']"
5,2,39.789813631059396,197.327862,3,"[11, 31, 34]","['González', 'Reynosa', 'San Fernando']"
5,3,20.487328985594157,218.757001,4,"[11, 21, 32, 34]","['González', 'Matamoros', 'Río Bravo', 'San Fernando']"
5,4,7.234834499202491,125.23272,9,"[11, 12, 13, 21, 22, 31, 32, 34, 39]","['González', 'Güémez', 'Guerrero', 'Matamoros', 'Méndez', 'Reynosa', 'Río Bravo', 'San Fernando', 'Valle Hermoso']"
5,5,57.96026278850363,171.210441,3,"[14, 18, 39]","['Gustavo Díaz Ordaz', 'Llera', 'Valle Hermoso']"
5,6,59.77113611663137,166.394431,3,"[11, 14, 34]","['González', 'Gustavo Díaz Ordaz', 'San Fernando']"
5,7,32.56141237266288,218.757001,3,"[11, 32, 34]","['González', 'Río Bravo', 'San Fernando']"
5,8,21.42255192661401,197.327862,4,"[11, 21, 31, 34]","['González', 'Matamoros', 'Reynosa', 'San Fernando']"
5,9,17.352438277929657,197.327862,5,"[11, 21, 31, 32, 34]","['González', 'Matamoros', 'Reynosa', 'Río Bravo', 'San Fernando']"
5,10,5.7324467559894,106.008269,10,"[2, 11, 13, 21, 22, 31, 32, 34, 39, 40]","['Altamira', 'González', 'Guerrero', 'Matamoros', 'Méndez', 'Reynosa', 'Río Bravo', 'San Fernando', 'Valle Hermoso', 'Victoria']"
5,11,13.486776481323737,197.327862,6,"[11, 21, 31, 32, 34, 39]","['González', 'Matamoros', 'Reynosa', 'Río Bravo', 'San Fernando', 'Valle Hermoso']"
5,12,10.029810383609144,125.23272,8,"[11, 12, 21, 22, 23, 32, 34, 39]","['González', 'Güémez', 'Matamoros', 'Méndez', 'Mier', 'Río Bravo', 'San Fernando', 'Valle Hermoso']"
5,13,31.4838538804033,166.394431,4,"[11, 14, 21, 34]","['González', 'Gustavo Díaz Ordaz', 'Matamoros', 'San Fernando']"
5,14,70.87439659669022,159.121441,3,"[6, 11, 34]","['Camargo', 'González', 'San Fernando']"
5,15,31.583347927618853,159.121441,4,"[6, 11, 32, 34]","['Camargo', 'González', 'Río Bravo', 'San Fernando']"
5,16,13.762580065320183,106.008269,7,"[11, 13, 21, 32, 34, 39, 40]","['González', 'Guerrero', 'Matamoros', 'Río Bravo', 'San Fernando', 'Valle Hermoso', 'Victoria']"
5,17,17.628241861926107,106.008269,6,"[11, 13, 21, 32, 34, 40]","['González', 'Guerrero', 'Matamoros', 'Río Bravo', 'San Fernando', 'Victoria']"
5,18,29.702325248994832,106.008269,5,"[11, 13, 32, 34, 40]","['González', 'Guerrero', 'Río Bravo', 'San Fernando', 'Victoria']"
5,19,15.643602743944205,159.121441,6,"[6, 11, 21, 32, 34, 39]","['Camargo', 'González', 'Matamoros', 'Río Bravo', 'San Fernando', 'Valle Hermoso']"
5,20,19.509264540550127,159.121441,5,"[6, 11, 21, 32, 34]","['Camargo', 'González', 'Matamoros', 'Río Bravo', 'San Fernando']"
5,21,10.623338635054765,106.008269,8,"[11, 13, 21, 22, 32, 34, 39, 40]","['González', 'Guerrero', 'Matamoros', 'Méndez', 'Río Bravo', 'San Fernando', 'Valle Hermoso', 'Victoria']"
5,22,7.695430331374136,106.008269,9,"[11, 13, 21, 22, 31, 32, 34, 39, 40]","['González', 'Guerrero', 'Matamoros', 'Méndez', 'Reynosa', 'Río Bravo', 'San Fernando', 'Valle Hermoso', 'Victoria']"
5,23,41.21338061048691,97.088288,6,"[11, 14, 18, 21, 26, 35]","['González', 'Gustavo Díaz Ordaz', 'Llera', 'Matamoros', 'Nuevo Laredo', 'San Nicolás']"
5,24,13.20355698462998,103.28924,8,"[6, 11, 21, 26, 32, 34, 39, 40]","['Camargo', 'González', 'Matamoros', 'Nuevo Laredo', 'Río Bravo', 'San Fernando', 'Valle Hermoso', 'Victoria']"
5,25,17.069218781235904,103.28924,7,"[6, 11, 21, 26, 32, 34, 40]","['Camargo', 'González', 'Matamoros', 'Nuevo Laredo', 'Río Bravo', 'San Fernando', 'Victoria']"
5,26,16.166921802833443,93.902475,8,"[6, 11, 12, 18, 21, 26, 32, 34]","['Camargo', 'González', 'Güémez', 'Llera', 'Matamoros', 'Nuevo Laredo', 'Río Bravo', 'San Fernando']"
5,27,29.14330216830463,103.28924,6,"[6, 11, 26, 32, 34, 40]","['Camargo', 'González', 'Nuevo Laredo', 'Río Bravo', 'San Fernando', 'Victoria']"
5,28,22.884285306543312,150.277393,5,"[6, 21, 32, 34, 42]","['Camargo', 'Matamoros', 'Río Bravo', 'San Fernando', 'Xicoténcatl']"
5,29,9.248905332630365,93.902475,10,"[6, 11, 12, 18, 21, 22, 26, 32, 34, 39]","['Camargo', 'González', 'Güémez', 'Llera', 'Matamoros', 'Méndez', 'Nuevo Laredo', 'Río Bravo', 'San Fernando', 'Valle Hermoso']"
5,30,17.49530944265213,122.698237,6,"[11, 21, 23, 32, 34, 40]","['González', 'Matamoros', 'Mier', 'Río Bravo', 'San Fernando', 'Victoria']"
5,31,12.301260006227523,93.902475,9,"[6, 11, 12, 18, 21, 26, 32, 34, 39]","['Camargo', 'González', 'Güémez', 'Llera', 'Matamoros', 'Nuevo Laredo', 'Río Bravo', 'San Fernando', 'Valle Hermoso']"
5,32,7.283771005422787,103.28924,10,"[6, 11, 21, 22, 26, 31, 32, 34, 39, 40]","['Camargo', 'González', 'Matamoros', 'Méndez', 'Nuevo Laredo', 'Reynosa', 'Río Bravo', 'San Fernando', 'Valle Hermoso', 'Victoria']"
5,33,42.67191841096076,88.50602,7,"[8, 12, 14, 21, 26, 35, 38]","['Ciudad Madero', 'Güémez', 'Gustavo Díaz Ordaz', 'Matamoros', 'Nuevo Laredo', 'San Nicolás', 'Tula']"
5,34,16.947826853812227,125.23272,6,"[11, 12, 21, 23, 32, 34]","['González', 'Güémez', 'Matamoros', 'Mier', 'Río Bravo', 'San Fernando']"
5,35,13.629647646046207,122.698237,7,"[11, 21, 23, 32, 34, 39, 40]","['González', 'Matamoros', 'Mier', 'Río Bravo', 'San Fernando', 'Valle Hermoso', 'Victoria']"
5,36,41.343363354687035,95.229076,6,"[1, 14, 18, 21, 26, 35]","['Aldama', 'Gustavo Díaz Ordaz', 'Llera', 'Matamoros', 'Nuevo Laredo', 'San Nicolás']"
5,37,13.0821650572063,125.23272,7,"[11, 12, 21, 23, 32, 34, 39]","['González', 'Güémez', 'Matamoros', 'Mier', 'Río Bravo', 'San Fernando', 'Valle Hermoso']"
5,38,74.24941736268339,150.277393,3,"[6, 34, 42]","['Camargo', 'San Fernando', 'Xicoténcatl']"
5,39,10.064315554364562,103.28924,9,"[6, 11, 21, 22, 26, 32, 34, 39, 40]","['Camargo', 'González', 'Matamoros', 'Méndez', 'Nuevo Laredo', 'Río Bravo', 'San Fernando', 'Valle Hermoso', 'Victoria']"
5,40,57.082257357436454,190.624696,3,"[7, 14, 39]","['Casas', 'Gustavo Díaz Ordaz', 'Valle Hermoso']"
5,41,29.02191024088095,125.23272,5,"[11, 12, 23, 32, 34]","['González', 'Güémez', 'Mier', 'Río Bravo', 'San Fernando']"
5,42,53.78673318970865,128.460678,4,"[7, 11, 13, 39]","['Casas', 'González', 'Guerrero', 'Valle Hermoso']"
5,43,29.569392829720854,122.698237,5,"[11, 23, 32, 34, 40]","['González', 'Mier', 'Río Bravo', 'San Fernando', 'Victoria']"
5,44,45.19908356988156,141.396971,4,"[4, 24, 32, 42]","['Burgos', 'Miguel Alemán', 'Río Bravo', 'Xicoténcatl']"
5,45,12.780371240715173,218.757001,6,"[7, 11, 21, 32, 34, 39]","['Casas', 'González', 'Matamoros', 'Río Bravo', 'San Fernando', 'Valle Hermoso']"
5,46,34.95836869361204,150.277393,4,"[6, 32, 34, 42]","['Camargo', 'Río Bravo', 'San Fernando', 'Xicoténcatl']"
5,47,11.802306795671146,146.150389,7,"[6, 7, 11, 21, 32, 34, 39]","['Camargo', 'Casas', 'González', 'Matamoros', 'Río Bravo', 'San Fernando', 'Valle Hermoso']"
5,48,9.639804742129789,218.757001,7,"[7, 11, 21, 22, 32, 34, 39]","['Casas', 'González', 'Matamoros', 'Méndez', 'Río Bravo', 'San Fernando', 'Valle Hermoso']"
5,49,6.504914034465295,197.327862,8,"[7, 11, 21, 22, 31, 32, 34, 39]","['Casas', 'González', 'Matamoros', 'Méndez', 'Reynosa', 'Río Bravo', 'San Fernando', 'Valle Hermoso']"
5,50,9.64548053305068,197.327862,7,"[7, 11, 21, 31, 32, 34, 39]","['Casas', 'González', 'Matamoros', 'Reynosa', 'Río Bravo', 'San Fernando', 'Valle Hermoso']"
5,51,16.0940592536933,128.460678,6,"[7, 11, 21, 23, 32, 34]","['Casas', 'González', 'Matamoros', 'Mier', 'Río Bravo', 'San Fernando']"
5,52,27.742051979345796,146.150389,5,"[6, 7, 11, 32, 34]","['Camargo', 'Casas', 'González', 'Río Bravo', 'San Fernando']"
5,53,8.66174029708576,146.150389,8,"[6, 7, 11, 21, 22, 32, 34, 39]","['Camargo', 'Casas', 'González', 'Matamoros', 'Méndez', 'Río Bravo', 'San Fernando', 'Valle Hermoso']"
5,54,10.490406215780789,122.698237,8,"[11, 21, 22, 23, 32, 34, 39, 40]","['González', 'Matamoros', 'Méndez', 'Mier', 'Río Bravo', 'San Fernando', 'Valle Hermoso', 'Victoria']"
5,55,12.045891782517742,129.804564,7,"[7, 11, 21, 24, 32, 34, 39]","['Casas', 'González', 'Matamoros', 'Miguel Alemán', 'Río Bravo', 'San Fernando', 'Valle Hermoso']"
5,56,57.53560466761939,176.097157,3,"[14, 36, 39]","['Gustavo Díaz Ordaz', 'Soto la Marina', 'Valle Hermoso']"
5,57,6.292855074095337,128.460678,9,"[7, 11, 13, 21, 22, 31, 32, 34, 39]","['Casas', 'González', 'Guerrero', 'Matamoros', 'Méndez', 'Reynosa', 'Río Bravo', 'San Fernando', 'Valle Hermoso']"
5,58,15.66796859227707,146.150389,6,"[6, 7, 11, 21, 32, 34]","['Camargo', 'Casas', 'González', 'Matamoros', 'Río Bravo', 'San Fernando']"
5,59,15.911553579123666,129.804564,6,"[7, 11, 21, 24, 32, 34]","['Casas', 'González', 'Matamoros', 'Miguel Alemán', 'Río Bravo', 'San Fernando']"
5,60,3.792068344553351,197.327862,10,"[0, 2, 7, 11, 21, 22, 31, 32, 34, 39]","['Abasolo', 'Altamira', 'Casas', 'González', 'Matamoros', 'Méndez', 'Reynosa', 'Río Bravo', 'San Fernando', 'Valle Hermoso']"
5,61,3.9182121727592514,146.150389,10,"[2, 6, 7, 11, 21, 22, 31, 32, 34, 39]","['Altamira', 'Camargo', 'Casas', 'González', 'Matamoros', 'Méndez', 'Reynosa', 'Río Bravo', 'San Fernando', 'Valle Hermoso']"
5,62,84.47657755858837,146.150389,3,"[6, 9, 42]","['Camargo', 'Cruillas', 'Xicoténcatl']"
5,63,9.087830958501987,128.460678,8,"[7, 11, 21, 22, 23, 32, 34, 39]","['Casas', 'González', 'Matamoros', 'Méndez', 'Mier', 'Río Bravo', 'San Fernando', 'Valle Hermoso']"
5,64,4.541930459080558,197.327862,9,"[2, 7, 11, 21, 22, 31, 32, 34, 39]","['Altamira', 'Casas', 'González', 'Matamoros', 'Méndez', 'Reynosa', 'Río Bravo', 'San Fernando', 'Valle Hermoso']"
5,65,27.985636966192395,129.804564,5,"[7, 11, 24, 32, 34]","['Casas', 'González', 'Miguel Alemán', 'Río Bravo', 'San Fernando']"
5,66,26.655824053854097,89.54682,8,"[7, 11, 14, 18, 21, 26, 34, 35]","['Casas', 'González', 'Gustavo Díaz Ordaz', 'Llera', 'Matamoros', 'Nuevo Laredo', 'San Fernando', 'San Nicolás']"
5,67,5.138918504543778,125.23272,10,"[2, 11, 12, 21, 22, 23, 31, 32, 34, 39]","['Altamira', 'González', 'Güémez', 'Matamoros', 'Méndez', 'Mier', 'Reynosa', 'Río Bravo', 'San Fernando', 'Valle Hermoso']"
5,68,12.228397457087373,128.460678,7,"[7, 11, 21, 23, 32, 34, 39]","['Casas', 'González', 'Matamoros', 'Mier', 'Río Bravo', 'San Fernando', 'Valle Hermoso']"
5,69,39.24114968378519,89.54682,7,"[7, 11, 14, 18, 21, 26, 35]","['Casas', 'González', 'Gustavo Díaz Ordaz', 'Llera', 'Matamoros', 'Nuevo Laredo', 'San Nicolás']"
5,70,14.68123471400093,89.54682,9,"[6, 7, 11, 18, 21, 26, 32, 34, 35]","['Camargo', 'Casas', 'González', 'Llera', 'Matamoros', 'Nuevo Laredo', 'Río Bravo', 'San Fernando', 'San Nicolás']"
5,71,10.815572917395006,89.54682,10,"[6, 7, 11, 18, 21, 26, 32, 34, 35, 39]","['Camargo', 'Casas', 'González', 'Llera', 'Matamoros', 'Nuevo Laredo', 'Río Bravo', 'San Fernando', 'San Nicolás', 'Valle Hermoso']"
5,72,13.256434543915143,87.858692,10,"[6, 7, 8, 11, 18, 21, 26, 32, 34, 35]","['Camargo', 'Casas', 'Ciudad Madero', 'González', 'Llera', 'Matamoros', 'Nuevo Laredo', 'Río Bravo', 'San Fernando', 'San Nicolás']"
5,73,25.23102388376831,87.858692,9,"[7, 8, 11, 14, 18, 21, 26, 34, 35]","['Casas', 'Ciudad Madero', 'González', 'Gustavo Díaz Ordaz', 'Llera', 'Matamoros', 'Nuevo Laredo', 'San Fernando', 'San Nicolás']"
5,74,37.81634951369941,87.858692,8,"[7, 8, 11, 14, 18, 21, 26, 35]","['Casas', 'Ciudad Madero', 'González', 'Gustavo Díaz Ordaz', 'Llera', 'Matamoros', 'Nuevo Laredo', 'San Nicolás']"
5,75,5.5995143367154245,122.698237,10,"[2, 11, 21, 22, 23, 31, 32, 34, 39, 40]","['Altamira', 'González', 'Matamoros', 'Méndez', 'Mier', 'Reynosa', 'Río Bravo', 'San Fernando', 'Valle Hermoso', 'Victoria']"
5,76,54.50693537575296,125.23272,4,"[11, 12, 13, 39]","['González', 'Güémez', 'Guerrero', 'Valle Hermoso']"
5,77,25.48074170014456,80.642886,9,"[7, 8, 11, 14, 21, 26, 34, 35, 38]","['Casas', 'Ciudad Madero', 'González', 'Gustavo Díaz Ordaz', 'Matamoros', 'Nuevo Laredo', 'San Fernando', 'San Nicolás', 'Tula']"
5,78,4.196939079436624,128.460678,10,"[2, 7, 11, 21, 22, 23, 31, 32, 34, 39]","['Altamira', 'Casas', 'González', 'Matamoros', 'Méndez', 'Mier', 'Reynosa', 'Río Bravo', 'San Fernando', 'Valle Hermoso']"
5,79,38.06606733007565,80.642886,8,"[7, 8, 11, 14, 21, 26, 35, 38]","['Casas', 'Ciudad Madero', 'González', 'Gustavo Díaz Ordaz', 'Matamoros', 'Nuevo Laredo', 'San Nicolás', 'Tula']"
5,80,5.8811957481439885,146.150389,9,"[6, 7, 11, 21, 22, 31, 32, 34, 39]","['Camargo', 'Casas', 'González', 'Matamoros', 'Méndez', 'Reynosa', 'Río Bravo', 'San Fernando', 'Valle Hermoso']"
5,81,7.562497912100159,122.698237,9,"[11, 21, 22, 23, 31, 32, 34, 39, 40]","['González', 'Matamoros', 'Méndez', 'Mier', 'Reynosa', 'Río Bravo', 'San Fernando', 'Valle Hermoso', 'Victoria']"
5,82,26.435719302490696,79.055282,10,"[2, 6, 11, 21, 22, 26, 29, 33, 34, 38]","['Altamira', 'Camargo', 'González', 'Matamoros', 'Méndez', 'Nuevo Laredo', 'Padilla', 'San Carlos', 'San Fernando', 'Tula']"
5,83,13.365214021654571,91.820321,9,"[6, 11, 21, 22, 26, 29, 32, 34, 38]","['Camargo', 'González', 'Matamoros', 'Méndez', 'Nuevo Laredo', 'Padilla', 'Río Bravo', 'San Fernando', 'Tula']"
5,84,9.499552225048648,91.820321,10,"[6, 11, 21, 22, 26, 29, 32, 34, 38, 39]","['Camargo', 'González', 'Matamoros', 'Méndez', 'Nuevo Laredo', 'Padilla', 'Río Bravo', 'San Fernando', 'Tula', 'Valle Hermoso']"
5,85,8.905325283932356,129.804564,8,"[7, 11, 21, 22, 24, 32, 34, 39]","['Casas', 'González', 'Matamoros', 'Méndez', 'Miguel Alemán', 'Río Bravo', 'San Fernando', 'Valle Hermoso']"
5,86,40.70456625103741,146.150389,4,"[6, 9, 32, 42]","['Camargo', 'Cruillas', 'Río Bravo', 'Xicoténcatl']"
5,87,17.188455881984513,88.50602,9,"[7, 8, 14, 21, 26, 32, 34, 35, 38]","['Casas', 'Ciudad Madero', 'Gustavo Díaz Ordaz', 'Matamoros', 'Nuevo Laredo', 'Río Bravo', 'San Fernando', 'San Nicolás', 'Tula']"
5,88,13.50615236029139,80.642886,10,"[6, 7, 8, 11, 21, 26, 32, 34, 35, 38]","['Camargo', 'Casas', 'Ciudad Madero', 'González', 'Matamoros', 'Nuevo Laredo', 'Río Bravo', 'San Fernando', 'San Nicolás', 'Tula']"
5,89,28.168142640762028,128.460678,5,"[7, 11, 23, 32, 34]","['Casas', 'González', 'Mier', 'Río Bravo', 'San Fernando']"
5,90,29.09229326258628,88.50602,8,"[7, 8, 14, 21, 26, 34, 35, 38]","['Casas', 'Ciudad Madero', 'Gustavo Díaz Ordaz', 'Matamoros', 'Nuevo Laredo', 'San Fernando', 'San Nicolás', 'Tula']"
5,91,13.252042126127192,88.50602,10,"[6, 7, 8, 21, 26, 32, 34, 35, 38, 39]","['Camargo', 'Casas', 'Ciudad Madero', 'Matamoros', 'Nuevo Laredo', 'Río Bravo', 'San Fernando', 'San Nicolás', 'Tula', 'Valle Hermoso']"
5,92,28.141511142686618,93.902475,7,"[11, 12, 14, 18, 21, 26, 34]","['González', 'Güémez', 'Gustavo Díaz Ordaz', 'Llera', 'Matamoros', 'Nuevo Laredo', 'San Fernando']"
5,93,34.80227395433009,74.208543,10,"[2, 6, 7, 8, 11, 21, 22, 26, 33, 38]","['Altamira', 'Camargo', 'Casas', 'Ciudad Madero', 'González', 'Matamoros', 'Méndez', 'Nuevo Laredo', 'San Carlos', 'Tula']"
6,1,89.5044624580781,138.045942,3,"[20, 22, 24]","['El Mante', 'Méndez', 'Miguel Alemán']"
6,2,13.397849044528177,218.757001,6,"[0, 11, 21, 32, 34, 39]","['Abasolo', 'González', 'Matamoros', 'Río Bravo', 'San Fernando', 'Valle Hermoso']"
6,3,4.243769880219927,197.327862,10,"[0, 2, 11, 12, 21, 22, 31, 32, 34, 39]","['Abasolo', 'Altamira', 'González', 'Güémez', 'Matamoros', 'Méndez', 'Reynosa', 'Río Bravo', 'San Fernando', 'Valle Hermoso']"
6,4,16.26802915384207,67.706109,10,"[2, 13, 17, 21, 26, 30, 32, 33, 34, 42]","['Altamira', 'Guerrero', 'Jiménez', 'Matamoros', 'Nuevo Laredo', 'Palmillas', 'Río Bravo', 'San Carlos', 'San Fernando', 'Xicoténcatl']"
6,5,59.77113611663137,166.394431,3,"[11, 14, 34]","['González', 'Gustavo Díaz Ordaz', 'San Fernando']"
6,6,20.487328985594157,218.757001,4,"[11, 21, 32, 34]","['González', 'Matamoros', 'Río Bravo', 'San Fernando']"
6,7,58.76168770819823,195.281391,3,"[10, 14, 39]","['Gómez Farías', 'Gustavo Díaz Ordaz', 'Valle Hermoso']"
6,8,81.97187386326387,146.150389,3,"[6, 22, 42]","['Camargo', 'Méndez', 'Xicoténcatl']"
6,9,15.643602743944205,159.121441,6,"[6, 11, 21, 32, 34, 39]","['Camargo', 'González', 'Matamoros', 'Río Bravo', 'San Fernando', 'Valle Hermoso']"
6,10,40.905867009752136,69.722158,9,"[2, 13, 17, 20, 26, 30, 32, 33, 35]","['Altamira', 'Guerrero', 'Jiménez', 'El Mante', 'Nuevo Laredo', 'Palmillas', 'Río Bravo', 'San Carlos', 'San Nicolás']"
6,11,39.789813631059396,197.327862,3,"[11, 31, 34]","['González', 'Reynosa', 'San Fernando']"
6,12,14.75290200696681,122.698237,7,"[11, 18, 21, 22, 23, 32, 34]","['González', 'Llera', 'Matamoros', 'Méndez', 'Mier', 'Río Bravo', 'San Fernando']"
6,13,70.87439659669022,159.121441,3,"[6, 11, 34]","['Camargo', 'González', 'San Fernando']"
6,14,54.79154178538814,125.238462,4,"[1, 12, 13, 39]","['Aldama', 'Güémez', 'Guerrero', 'Valle Hermoso']"
6,15,74.24941736268339,150.277393,3,"[6, 34, 42]","['Camargo', 'San Fernando', 'Xicoténcatl']"
6,16,16.285446396090073,152.051734,6,"[0, 6, 11, 21, 32, 34]","['Abasolo', 'Camargo', 'González', 'Matamoros', 'Río Bravo', 'San Fernando']"
6,17,10.262958336863683,197.327862,7,"[0, 11, 21, 31, 32, 34, 39]","['Abasolo', 'González', 'Matamoros', 'Reynosa', 'Río Bravo', 'San Fernando', 'Valle Hermoso']"
6,18,9.687845056041217,106.008269,9,"[11, 13, 18, 21, 22, 29, 32, 34, 39]","['González', 'Guerrero', 'Llera', 'Matamoros', 'Méndez', 'Padilla', 'Río Bravo', 'San Fernando', 'Valle Hermoso']"
6,19,40.70456625103741,146.150389,4,"[6, 9, 32, 42]","['Camargo', 'Cruillas', 'Río Bravo', 'Xicoténcatl']"
6,20,16.62166718898823,218.757001,5,"[11, 21, 32, 34, 39]","['González', 'Matamoros', 'Río Bravo', 'San Fernando', 'Valle Hermoso']"
6,21,88.64983778054405,141.396971,3,"[22, 24, 42]","['Méndez', 'Miguel Alemán', 'Xicoténcatl']"
6,22,36.90084873904662,111.114446,5,"[9, 11, 13, 32, 42]","['Cruillas', 'González', 'Guerrero', 'Río Bravo', 'Xicoténcatl']"
6,23,31.583347927618853,159.121441,4,"[6, 11, 32, 34]","['Camargo', 'González', 'Río Bravo', 'San Fernando']"
6,24,15.779758032403267,73.454405,10,"[2, 14, 17, 21, 26, 30, 32, 33, 34, 42]","['Altamira', 'Gustavo Díaz Ordaz', 'Jiménez', 'Matamoros', 'Nuevo Laredo', 'Palmillas', 'Río Bravo', 'San Carlos', 'San Fernando', 'Xicoténcatl']"
6,25,34.95836869361204,150.277393,4,"[6, 32, 34, 42]","['Camargo', 'Río Bravo', 'San Fernando', 'Xicoténcatl']"
6,26,31.4838538804033,166.394431,4,"[11, 14, 21, 34]","['González', 'Gustavo Díaz Ordaz', 'Matamoros', 'San Fernando']"
6,27,9.296067886771791,152.051734,8,"[0, 6, 11, 21, 22, 32, 34, 39]","['Abasolo', 'Camargo', 'González', 'Matamoros', 'Méndez', 'Río Bravo', 'San Fernando', 'Valle Hermoso']"
6,28,41.739863275901484,129.044191,4,"[9, 13, 20, 32]","['Cruillas', 'Guerrero', 'El Mante', 'Río Bravo']"
6,29,41.26358933172761,141.396971,4,"[9, 13, 32, 42]","['Cruillas', 'Guerrero', 'Río Bravo', 'Xicoténcatl']"
6,30,29.02191024088095,125.23272,5,"[11, 12, 23, 32, 34]","['González', 'Güémez', 'Mier', 'Río Bravo', 'San Fernando']"
6,31,32.56141237266288,218.757001,3,"[11, 32, 34]","['González', 'Río Bravo', 'San Fernando']"
6,32,19.509264540550127,159.121441,5,"[6, 11, 21, 32, 34]","['Camargo', 'González', 'Matamoros', 'Río Bravo', 'San Fernando']"
6,33,22.884285306543312,150.277393,5,"[6, 21, 32, 34, 42]","['Camargo', 'Matamoros', 'Río Bravo', 'San Fernando', 'Xicoténcatl']"
6,34,28.759006845772596,133.161241,5,"[11, 24, 29, 32, 34]","['González', 'Miguel Alemán', 'Padilla', 'Río Bravo', 'San Fernando']"
6,35,6.7790744423338865,146.150389,9,"[6, 11, 21, 22, 29, 31, 32, 34, 39]","['Camargo', 'González', 'Matamoros', 'Méndez', 'Padilla', 'Reynosa', 'Río Bravo', 'San Fernando', 'Valle Hermoso']"
6,36,28.150677628098915,101.65538,7,"[6, 10, 11, 26, 29, 32, 34]","['Camargo', 'Gómez Farías', 'González', 'Nuevo Laredo', 'Padilla', 'Río Bravo', 'San Fernando']"
6,37,21.42255192661401,197.327862,4,"[11, 21, 31, 34]","['González', 'Matamoros', 'Reynosa', 'San Fernando']"
6,38,17.352438277929657,197.327862,5,"[11, 21, 31, 32, 34]","['González', 'Matamoros', 'Reynosa', 'Río Bravo', 'San Fernando']"
6,39,12.651041585218989,120.39235,8,"[11, 13, 17, 18, 21, 32, 34, 39]","['González', 'Guerrero', 'Jiménez', 'Llera', 'Matamoros', 'Río Bravo', 'San Fernando', 'Valle Hermoso']"
6,40,7.959331906680258,122.698237,9,"[11, 18, 21, 22, 23, 31, 32, 34, 39]","['González', 'Llera', 'Matamoros', 'Méndez', 'Mier', 'Reynosa', 'Río Bravo', 'San Fernando', 'Valle Hermoso']"
6,41,16.76532117924259,129.804564,6,"[11, 12, 21, 24, 32, 34]","['González', 'Güémez', 'Matamoros', 'Miguel Alemán', 'Río Bravo', 'San Fernando']"
6,42,15.461991200528793,79.739177,10,"[2, 14, 17, 18, 21, 26, 32, 33, 34, 42]","['Altamira', 'Gustavo Díaz Ordaz', 'Jiménez', 'Llera', 'Matamoros', 'Nuevo Laredo', 'Río Bravo', 'San Carlos', 'San Fernando', 'Xicoténcatl']"
6,43,12.144879659326712,91.820321,9,"[6, 11, 18, 21, 26, 29, 32, 34, 39]","['Camargo', 'González', 'Llera', 'Matamoros', 'Nuevo Laredo', 'Padilla', 'Río Bravo', 'San Fernando', 'Valle Hermoso']"
6,44,36.54629476764596,122.698237,5,"[1, 18, 22, 23, 32]","['Aldama', 'Llera', 'Méndez', 'Mier', 'Río Bravo']"
6,45,6.129280750569497,120.713771,10,"[2, 11, 13, 18, 21, 22, 31, 32, 34, 39]","['Altamira', 'González', 'Guerrero', 'Llera', 'Matamoros', 'Méndez', 'Reynosa', 'Río Bravo', 'San Fernando', 'Valle Hermoso']"
6,46,11.020172629634862,120.713771,8,"[11, 13, 18, 21, 22, 32, 34, 39]","['González', 'Guerrero', 'Llera', 'Matamoros', 'Méndez', 'Río Bravo', 'San Fernando', 'Valle Hermoso']"
6,47,9.128821975351014,91.820321,10,"[6, 11, 18, 21, 22, 26, 29, 32, 34, 39]","['Camargo', 'González', 'Llera', 'Matamoros', 'Méndez', 'Nuevo Laredo', 'Padilla', 'Río Bravo', 'San Fernando', 'Valle Hermoso']"
6,48,5.176258048766589,197.327862,9,"[0, 2, 11, 21, 22, 31, 32, 34, 39]","['Abasolo', 'Altamira', 'González', 'Matamoros', 'Méndez', 'Reynosa', 'Río Bravo', 'San Fernando', 'Valle Hermoso']"
6,49,40.519273422737214,81.262904,8,"[1, 10, 14, 17, 26, 30, 32, 35]","['Aldama', 'Gómez Farías', 'Gustavo Díaz Ordaz', 'Jiménez', 'Nuevo Laredo', 'Palmillas', 'Río Bravo', 'San Nicolás']"
6,50,4.5525397624452815,152.051734,10,"[0, 2, 6, 11, 21, 22, 31, 32, 34, 39]","['Abasolo', 'Altamira', 'Camargo', 'González', 'Matamoros', 'Méndez', 'Reynosa', 'Río Bravo', 'San Fernando', 'Valle Hermoso']"
6,51,14.885834426240788,120.713771,7,"[11, 13, 18, 21, 22, 32, 34]","['González', 'Guerrero', 'Llera', 'Matamoros', 'Méndez', 'Río Bravo', 'San Fernando']"
6,52,10.887240210360888,122.698237,8,"[11, 18, 21, 22, 23, 32, 34, 39]","['González', 'Llera', 'Matamoros', 'Méndez', 'Mier', 'Río Bravo', 'San Fernando', 'Valle Hermoso']"
6,53,15.4142686361628,81.262904,10,"[1, 6, 10, 17, 18, 21, 26, 32, 34, 35]","['Aldama', 'Camargo', 'Gómez Farías', 'Jiménez', 'Llera', 'Matamoros', 'Nuevo Laredo', 'Río Bravo', 'San Fernando', 'San Nicolás']"
6,54,12.899659382636669,129.804564,7,"[11, 12, 21, 24, 32, 34, 39]","['González', 'Güémez', 'Matamoros', 'Miguel Alemán', 'Río Bravo', 'San Fernando', 'Valle Hermoso']"
6,55,6.515523337830019,152.051734,9,"[0, 6, 11, 21, 22, 31, 32, 34, 39]","['Abasolo', 'Camargo', 'González', 'Matamoros', 'Méndez', 'Reynosa', 'Río Bravo', 'San Fernando', 'Valle Hermoso']"
6,56,5.138918504543778,125.23272,10,"[2, 11, 12, 21, 22, 23, 31, 32, 34, 39]","['Altamira', 'González', 'Güémez', 'Matamoros', 'Méndez', 'Mier', 'Reynosa', 'Río Bravo', 'San Fernando', 'Valle Hermoso']"
6,57,10.029810383609144,125.23272,8,"[11, 12, 21, 22, 23, 32, 34, 39]","['González', 'Güémez', 'Matamoros', 'Méndez', 'Mier', 'Río Bravo', 'San Fernando', 'Valle Hermoso']"
6,58,12.419784599484151,152.051734,7,"[0, 6, 11, 21, 32, 34, 39]","['Abasolo', 'Camargo', 'González', 'Matamoros', 'Río Bravo', 'San Fernando', 'Valle Hermoso']"
6,59,28.515421858926004,146.150389,5,"[6, 11, 29, 32, 34]","['Camargo', 'González', 'Padilla', 'Río Bravo', 'San Fernando']"
6,60,13.0821650572063,125.23272,7,"[11, 12, 21, 23, 32, 34, 39]","['González', 'Güémez', 'Matamoros', 'Mier', 'Río Bravo', 'San Fernando', 'Valle Hermoso']"
6,61,9.603719722192917,146.150389,8,"[6, 11, 12, 21, 22, 32, 34, 39]","['Camargo', 'González', 'Güémez', 'Matamoros', 'Méndez', 'Río Bravo', 'San Fernando', 'Valle Hermoso']"
6,62,28.237827255069917,91.820321,7,"[1, 6, 18, 26, 29, 32, 34]","['Aldama', 'Camargo', 'Llera', 'Nuevo Laredo', 'Padilla', 'Río Bravo', 'San Fernando']"
6,63,16.441338471857282,146.150389,6,"[6, 11, 21, 29, 32, 34]","['Camargo', 'González', 'Matamoros', 'Padilla', 'Río Bravo', 'San Fernando']"
6,64,27.777128449577454,89.54682,8,"[11, 18, 24, 26, 29, 32, 33, 34]","['González', 'Llera', 'Miguel Alemán', 'Nuevo Laredo', 'Padilla', 'Río Bravo', 'San Carlos', 'San Fernando']"
6,65,13.486776481323737,197.327862,6,"[11, 21, 31, 32, 34, 39]","['González', 'Matamoros', 'Reynosa', 'Río Bravo', 'San Fernando', 'Valle Hermoso']"
6,66,7.1392416241513255,197.327862,8,"[0, 11, 21, 22, 31, 32, 34, 39]","['Abasolo', 'González', 'Matamoros', 'Méndez', 'Reynosa', 'Río Bravo', 'San Fernando', 'Valle Hermoso']"
6,67,28.694448595763873,106.008269,6,"[11, 13, 29, 32, 34, 42]","['González', 'Guerrero', 'Padilla', 'Río Bravo', 'San Fernando', 'Xicoténcatl']"
6,68,16.947826853812227,125.23272,6,"[11, 12, 21, 23, 32, 34]","['González', 'Güémez', 'Matamoros', 'Mier', 'Río Bravo', 'San Fernando']"
6,69,12.703902740016915,106.008269,8,"[11, 13, 18, 21, 29, 32, 34, 39]","['González', 'Guerrero', 'Llera', 'Matamoros', 'Padilla', 'Río Bravo', 'San Fernando', 'Valle Hermoso']"
6,70,16.052028252968775,81.482774,9,"[1, 6, 21, 26, 29, 32, 33, 34, 38]","['Aldama', 'Camargo', 'Matamoros', 'Nuevo Laredo', 'Padilla', 'Río Bravo', 'San Carlos', 'San Fernando', 'Tula']"
6,71,28.839404566311316,129.804564,5,"[11, 12, 24, 32, 34]","['González', 'Güémez', 'Miguel Alemán', 'Río Bravo', 'San Fernando']"
6,72,16.635617321720392,106.008269,7,"[10, 11, 13, 21, 29, 32, 34]","['Gómez Farías', 'González', 'Guerrero', 'Matamoros', 'Padilla', 'Río Bravo', 'San Fernando']"
6,73,27.68359541300503,73.454405,9,"[2, 14, 17, 21, 26, 30, 33, 34, 42]","['Altamira', 'Gustavo Díaz Ordaz', 'Jiménez', 'Matamoros', 'Nuevo Laredo', 'Palmillas', 'San Carlos', 'San Fernando', 'Xicoténcatl']"
6,74,8.092264325954234,120.713771,9,"[11, 13, 18, 21, 22, 31, 32, 34, 39]","['González', 'Guerrero', 'Llera', 'Matamoros', 'Méndez', 'Reynosa', 'Río Bravo', 'San Fernando', 'Valle Hermoso']"
6,75,12.575676675251358,146.150389,7,"[6, 11, 21, 29, 32, 34, 39]","['Camargo', 'González', 'Matamoros', 'Padilla', 'Río Bravo', 'San Fernando', 'Valle Hermoso']"
6,76,9.635200063593828,120.39235,9,"[11, 13, 17, 18, 21, 22, 32, 34, 39]","['González', 'Guerrero', 'Jiménez', 'Llera', 'Matamoros', 'Méndez', 'Río Bravo', 'San Fernando', 'Valle Hermoso']"
6,77,7.101902079928514,125.23272,9,"[11, 12, 21, 22, 23, 31, 32, 34, 39]","['González', 'Güémez', 'Matamoros', 'Méndez', 'Mier', 'Reynosa', 'Río Bravo', 'San Fernando', 'Valle Hermoso']"
6,78,27.677920155593426,89.550148,8,"[1, 6, 17, 18, 26, 32, 34, 35]","['Aldama', 'Camargo', 'Jiménez', 'Llera', 'Nuevo Laredo', 'Río Bravo', 'San Fernando', 'San Nicolás']"
6,79,6.759936752360588,106.008269,10,"[11, 13, 18, 21, 22, 29, 31, 32, 34, 39]","['González', 'Guerrero', 'Llera', 'Matamoros', 'Méndez', 'Padilla', 'Reynosa', 'Río Bravo', 'San Fernando', 'Valle Hermoso']"
6,80,42.0018804825928,106.008269,5,"[1, 13, 18, 32, 35]","['Aldama', 'Guerrero', 'Llera', 'Río Bravo', 'San Nicolás']"
6,81,28.24558264953364,81.482774,8,"[1, 6, 26, 29, 32, 34, 35, 38]","['Aldama', 'Camargo', 'Nuevo Laredo', 'Padilla', 'Río Bravo', 'San Fernando', 'San Nicolás', 'Tula']"
6,82,14.890957907153647,89.54682,9,"[0, 6, 11, 18, 21, 26, 32, 33, 34]","['Abasolo', 'Camargo', 'González', 'Llera', 'Matamoros', 'Nuevo Laredo', 'Río Bravo', 'San Carlos', 'San Fernando']"
6,83,12.81926166209795,133.161241,7,"[11, 21, 24, 29, 32, 34, 39]","['González', 'Matamoros', 'Miguel Alemán', 'Padilla', 'Río Bravo', 'San Fernando', 'Valle Hermoso']"
6,84,7.0578013490112586,133.161241,9,"[11, 21, 22, 23, 29, 31, 32, 34, 39]","['González', 'Matamoros', 'Méndez', 'Mier', 'Padilla', 'Reynosa', 'Río Bravo', 'San Fernando', 'Valle Hermoso']"
6,85,16.684923458703878,133.161241,6,"[11, 21, 24, 29, 32, 34]","['González', 'Matamoros', 'Miguel Alemán', 'Padilla', 'Río Bravo', 'San Fernando']"
6,86,16.010541455932636,91.820321,8,"[6, 11, 18, 21, 26, 29, 32, 34]","['Camargo', 'González', 'Llera', 'Matamoros', 'Nuevo Laredo', 'Padilla', 'Río Bravo', 'San Fernando']"
6,87,4.816090866949149,146.150389,10,"[2, 6, 11, 21, 22, 29, 31, 32, 34, 39]","['Altamira', 'Camargo', 'González', 'Matamoros', 'Méndez', 'Padilla', 'Reynosa', 'Río Bravo', 'San Fernando', 'Valle Hermoso']"
6,88,16.516703381824914,120.39235,7,"[11, 13, 17, 18, 21, 32, 34]","['González', 'Guerrero', 'Jiménez', 'Llera', 'Matamoros', 'Río Bravo', 'San Fernando']"
6,89,23.8722219552389,111.114446,6,"[9, 11, 13, 18, 21, 32]","['Cruillas', 'González', 'Guerrero', 'Llera', 'Matamoros', 'Río Bravo']"
6,90,11.593798279056212,89.54682,10,"[6, 11, 18, 21, 26, 29, 32, 33, 34, 39]","['Camargo', 'González', 'Llera', 'Matamoros', 'Nuevo Laredo', 'Padilla', 'Río Bravo', 'San Carlos', 'San Fernando', 'Valle Hermoso']"
6,91,42.0018804825928,95.229076,6,"[1, 13, 18, 26, 32, 35]","['Aldama', 'Guerrero', 'Llera', 'Nuevo Laredo', 'Río Bravo', 'San Nicolás']"
6,92,40.23834010215809,89.54682,7,"[6, 11, 18, 26, 29, 32, 35]","['Camargo', 'González', 'Llera', 'Nuevo Laredo', 'Padilla', 'Río Bravo', 'San Nicolás']"
6,93,9.985709652691886,133.161241,8,"[11, 21, 22, 23, 29, 32, 34, 39]","['González', 'Matamoros', 'Méndez', 'Mier', 'Padilla', 'Río Bravo', 'San Fernando', 'Valle Hermoso']"
6,94,36.5492444427198,120.713771,5,"[11, 13, 18, 22, 32]","['González', 'Guerrero', 'Llera', 'Méndez', 'Río Bravo']"
6,95,5.996348331295522,122.698237,10,"[2, 11, 18, 21, 22, 23, 31, 32, 34, 39]","['Altamira', 'González', 'Llera', 'Matamoros', 'Méndez', 'Mier', 'Reynosa', 'Río Bravo', 'San Fernando', 'Valle Hermoso']"
6,96,13.142554939666232,86.385003,10,"[1, 6, 17, 21, 22, 26, 32, 33, 34, 38]","['Aldama', 'Camargo', 'Jiménez', 'Matamoros', 'Méndez', 'Nuevo Laredo', 'Río Bravo', 'San Carlos', 'San Fernando', 'Tula']"
6,97,12.927974331768908,87.858692,10,"[0, 2, 6, 11, 18, 21, 26, 32, 33, 34]","['Abasolo', 'Altamira', 'Camargo', 'González', 'Llera', 'Matamoros', 'Nuevo Laredo', 'Río Bravo', 'San Carlos', 'San Fernando']"
6,98,27.009782355635235,81.262904,9,"[1, 6, 11, 26, 29, 32, 34, 35, 38]","['Aldama', 'Camargo', 'González', 'Nuevo Laredo', 'Padilla', 'Río Bravo', 'San Fernando', 'San Nicolás', 'Tula']"
7,1,57.53560466761939,176.097157,3,"[14, 36, 39]","['Gustavo Díaz Ordaz', 'Soto la Marina', 'Valle Hermoso']"
7,2,16.62166718898823,218.757001,5,"[11, 21, 32, 34, 39]","['González', 'Matamoros', 'Río Bravo', 'San Fernando', 'Valle Hermoso']"
7,3,24.8246187747788,67.706109,10,"[2, 6, 7, 11, 26, 27, 30, 32, 33, 34]","['Altamira', 'Camargo', 'Casas', 'González', 'Nuevo Laredo', 'Nuevo Morelos', 'Palmillas', 'Río Bravo', 'San Carlos', 'San Fernando']"
7,4,3.792068344553351,197.327862,10,"[0, 2, 7, 11, 21, 22, 31, 32, 34, 39]","['Abasolo', 'Altamira', 'Casas', 'González', 'Matamoros', 'Méndez', 'Reynosa', 'Río Bravo', 'San Fernando', 'Valle Hermoso']"
7,5,8.685011016706213,99.762503,10,"[4, 11, 14, 21, 26, 31, 32, 34, 39, 40]","['Burgos', 'González', 'Gustavo Díaz Ordaz', 'Matamoros', 'Nuevo Laredo', 'Reynosa', 'Río Bravo', 'San Fernando', 'Valle Hermoso', 'Victoria']"
7,6,93.00190496237765,141.396971,3,"[13, 22, 42]","['Guerrero', 'Méndez', 'Xicoténcatl']"
7,7,12.780371240715173,218.757001,6,"[7, 11, 21, 32, 34, 39]","['Casas', 'González', 'Matamoros', 'Río Bravo', 'San Fernando', 'Valle Hermoso']"
7,8,10.623338635054765,106.008269,8,"[11, 13, 21, 22, 32, 34, 39, 40]","['González', 'Guerrero', 'Matamoros', 'Méndez', 'Río Bravo', 'San Fernando', 'Valle Hermoso', 'Victoria']"
7,9,81.97187386326387,146.150389,3,"[6, 22, 42]","['Camargo', 'Méndez', 'Xicoténcatl']"
7,10,27.985636966192395,129.804564,5,"[7, 11, 24, 32, 34]","['Casas', 'González', 'Miguel Alemán', 'Río Bravo', 'San Fernando']"
7,11,70.87439659669022,159.121441,3,"[6, 11, 34]","['Camargo', 'González', 'San Fernando']"
7,12,15.076396027058218,79.739177,10,"[2, 6, 7, 18, 21, 26, 27, 32, 33, 34]","['Altamira', 'Camargo', 'Casas', 'Llera', 'Matamoros', 'Nuevo Laredo', 'Nuevo Morelos', 'Río Bravo', 'San Carlos', 'San Fernando']"
7,13,22.884285306543312,150.277393,5,"[6, 21, 32, 34, 42]","['Camargo', 'Matamoros', 'Río Bravo', 'San Fernando', 'Xicoténcatl']"
7,14,59.77113611663137,166.394431,3,"[11, 14, 34]","['González', 'Gustavo Díaz Ordaz', 'San Fernando']"
7,15,44.73965700354259,97.088288,6,"[6, 11, 18, 26, 32, 33]","['Camargo', 'González', 'Llera', 'Nuevo Laredo', 'Río Bravo', 'San Carlos']"
7,16,32.56141237266288,218.757001,3,"[11, 32, 34]","['González', 'Río Bravo', 'San Fernando']"
7,17,57.082257357436454,190.624696,3,"[7, 14, 39]","['Casas', 'Gustavo Díaz Ordaz', 'Valle Hermoso']"
7,18,17.49530944265213,122.698237,6,"[11, 21, 23, 32, 34, 40]","['González', 'Matamoros', 'Mier', 'Río Bravo', 'San Fernando', 'Victoria']"
7,19,41.39421080762435,146.150389,4,"[6, 9, 10, 32]","['Camargo', 'Cruillas', 'Gómez Farías', 'Río Bravo']"
7,20,42.15147737352894,78.541369,8,"[2, 6, 17, 26, 32, 33, 40, 42]","['Altamira', 'Camargo', 'Jiménez', 'Nuevo Laredo', 'Río Bravo', 'San Carlos', 'Victoria', 'Xicoténcatl']"
7,21,6.0436551302018975,129.804564,9,"[7, 11, 21, 22, 24, 31, 32, 34, 39]","['Casas', 'González', 'Matamoros', 'Méndez', 'Miguel Alemán', 'Reynosa', 'Río Bravo', 'San Fernando', 'Valle Hermoso']"
7,22,5.8811957481439885,146.150389,9,"[6, 7, 11, 21, 22, 31, 32, 34, 39]","['Camargo', 'Casas', 'González', 'Matamoros', 'Méndez', 'Reynosa', 'Río Bravo', 'San Fernando', 'Valle Hermoso']"
7,23,9.639804742129789,218.757001,7,"[7, 11, 21, 22, 32, 34, 39]","['Casas', 'González', 'Matamoros', 'Méndez', 'Río Bravo', 'San Fernando', 'Valle Hermoso']"
7,24,74.24941736268339,150.277393,3,"[6, 34, 42]","['Camargo', 'San Fernando', 'Xicoténcatl']"
7,25,13.629647646046207,122.698237,7,"[11, 21, 23, 32, 34, 39, 40]","['González', 'Matamoros', 'Mier', 'Río Bravo', 'San Fernando', 'Valle Hermoso', 'Victoria']"
7,26,34.95836869361204,150.277393,4,"[6, 32, 34, 42]","['Camargo', 'Río Bravo', 'San Fernando', 'Xicoténcatl']"
7,27,57.96026278850363,171.210441,3,"[14, 18, 39]","['Gustavo Díaz Ordaz', 'Llera', 'Valle Hermoso']"
7,28,24.64540191080648,87.858692,9,"[2, 6, 7, 11, 18, 26, 32, 33, 34]","['Altamira', 'Camargo', 'Casas', 'González', 'Llera', 'Nuevo Laredo', 'Río Bravo', 'San Carlos', 'San Fernando']"
7,29,42.7399266969639,77.851593,8,"[2, 14, 17, 26, 27, 32, 33, 40]","['Altamira', 'Gustavo Díaz Ordaz', 'Jiménez', 'Nuevo Laredo', 'Nuevo Morelos', 'Río Bravo', 'San Carlos', 'Victoria']"
7,30,31.4838538804033,166.394431,4,"[11, 14, 21, 34]","['González', 'Gustavo Díaz Ordaz', 'Matamoros', 'San Fernando']"
7,31,15.643602743944205,159.121441,6,"[6, 11, 21, 32, 34, 39]","['Camargo', 'González', 'Matamoros', 'Río Bravo', 'San Fernando', 'Valle Hermoso']"
7,32,37.38561300686736,92.781591,7,"[4, 6, 7, 11, 18, 26, 32]","['Burgos', 'Camargo', 'Casas', 'González', 'Llera', 'Nuevo Laredo', 'Río Bravo']"
7,33,27.355855442597047,73.454405,9,"[0, 2, 14, 26, 27, 32, 33, 34, 40]","['Abasolo', 'Altamira', 'Gustavo Díaz Ordaz', 'Nuevo Laredo', 'Nuevo Morelos', 'Río Bravo', 'San Carlos', 'San Fernando', 'Victoria']"
7,34,18.757349627575408,72.007396,10,"[0, 2, 6, 26, 27, 32, 33, 34, 39, 40]","['Abasolo', 'Altamira', 'Camargo', 'Nuevo Laredo', 'Nuevo Morelos', 'Río Bravo', 'San Carlos', 'San Fernando', 'Valle Hermoso', 'Victoria']"
7,35,39.11788037025877,99.762503,6,"[4, 6, 11, 26, 32, 40]","['Burgos', 'Camargo', 'González', 'Nuevo Laredo', 'Río Bravo', 'Victoria']"
7,36,3.9182121727592514,146.150389,10,"[2, 6, 7, 11, 21, 22, 31, 32, 34, 39]","['Altamira', 'Camargo', 'Casas', 'González', 'Matamoros', 'Méndez', 'Reynosa', 'Río Bravo', 'San Fernando', 'Valle Hermoso']"
7,37,42.360423608022934,89.54682,7,"[6, 11, 17, 18, 26, 32, 33]","['Camargo', 'González', 'Jiménez', 'Llera', 'Nuevo Laredo', 'Río Bravo', 'San Carlos']"
7,38,17.069218781235904,103.28924,7,"[6, 11, 21, 26, 32, 34, 40]","['Camargo', 'González', 'Matamoros', 'Nuevo Laredo', 'Río Bravo', 'San Fernando', 'Victoria']"
7,39,26.26051332096348,92.781591,8,"[2, 4, 6, 7, 18, 26, 32, 34]","['Altamira', 'Burgos', 'Camargo', 'Casas', 'Llera', 'Nuevo Laredo', 'Río Bravo', 'San Fernando']"
7,40,16.166921802833443,93.902475,8,"[6, 11, 12, 18, 21, 26, 32, 34]","['Camargo', 'González', 'Güémez', 'Llera', 'Matamoros', 'Nuevo Laredo', 'Río Bravo', 'San Fernando']"
7,41,21.42255192661401,197.327862,4,"[11, 21, 31, 34]","['González', 'Matamoros', 'Reynosa', 'San Fernando']"
7,42,9.677215849282195,92.781591,10,"[4, 6, 7, 11, 18, 21, 26, 32, 34, 39]","['Burgos', 'Camargo', 'Casas', 'González', 'Llera', 'Matamoros', 'Nuevo Laredo', 'Río Bravo', 'San Fernando', 'Valle Hermoso']"
7,43,19.803421728948777,69.788658,10,"[2, 6, 17, 26, 27, 30, 32, 33, 34, 39]","['Altamira', 'Camargo', 'Jiménez', 'Nuevo Laredo', 'Nuevo Morelos', 'Palmillas', 'Río Bravo', 'San Carlos', 'San Fernando', 'Valle Hermoso']"
7,44,7.283771005422787,103.28924,10,"[6, 11, 21, 22, 26, 31, 32, 34, 39, 40]","['Camargo', 'González', 'Matamoros', 'Méndez', 'Nuevo Laredo', 'Reynosa', 'Río Bravo', 'San Fernando', 'Valle Hermoso', 'Victoria']"
7,45,16.947826853812227,125.23272,6,"[11, 12, 21, 23, 32, 34]","['González', 'Güémez', 'Matamoros', 'Mier', 'Río Bravo', 'San Fernando']"
7,46,29.702325248994832,106.008269,5,"[11, 13, 32, 34, 40]","['González', 'Guerrero', 'Río Bravo', 'San Fernando', 'Victoria']"
7,47,5.7324467559894,106.008269,10,"[2, 11, 13, 21, 22, 31, 32, 34, 39, 40]","['Altamira', 'González', 'Guerrero', 'Matamoros', 'Méndez', 'Reynosa', 'Río Bravo', 'San Fernando', 'Valle Hermoso', 'Victoria']"
7,48,28.168142640762028,128.460678,5,"[7, 11, 23, 32, 34]","['Casas', 'González', 'Mier', 'Río Bravo', 'San Fernando']"
7,49,20.487328985594157,218.757001,4,"[11, 21, 32, 34]","['González', 'Matamoros', 'Río Bravo', 'San Fernando']"
7,50,40.3974400326382,87.858692,8,"[2, 6, 11, 17, 18, 26, 32, 33]","['Altamira', 'Camargo', 'González', 'Jiménez', 'Llera', 'Nuevo Laredo', 'Río Bravo', 'San Carlos']"
7,51,26.608385486191217,89.54682,8,"[6, 7, 11, 18, 26, 32, 33, 34]","['Camargo', 'Casas', 'González', 'Llera', 'Nuevo Laredo', 'Río Bravo', 'San Carlos', 'San Fernando']"
7,52,27.80602358087322,69.788658,9,"[0, 2, 6, 26, 27, 30, 32, 33, 34]","['Abasolo', 'Altamira', 'Camargo', 'Nuevo Laredo', 'Nuevo Morelos', 'Palmillas', 'Río Bravo', 'San Carlos', 'San Fernando']"
7,53,41.739863275901484,129.044191,4,"[9, 13, 20, 32]","['Cruillas', 'Guerrero', 'El Mante', 'Río Bravo']"
7,54,12.571318523737755,87.858692,10,"[2, 6, 7, 11, 18, 21, 26, 32, 33, 34]","['Altamira', 'Camargo', 'Casas', 'González', 'Llera', 'Matamoros', 'Nuevo Laredo', 'Río Bravo', 'San Carlos', 'San Fernando']"
7,55,14.534302099122492,89.54682,9,"[6, 7, 11, 18, 21, 26, 32, 33, 34]","['Camargo', 'Casas', 'González', 'Llera', 'Matamoros', 'Nuevo Laredo', 'Río Bravo', 'San Carlos', 'San Fernando']"
7,56,39.789813631059396,197.327862,3,"[11, 31, 34]","['González', 'Reynosa', 'San Fernando']"
7,57,17.628241861926107,106.008269,6,"[11, 13, 21, 32, 34, 40]","['González', 'Guerrero', 'Matamoros', 'Río Bravo', 'San Fernando', 'Victoria']"
7,58,26.838158078413503,78.541369,9,"[0, 2, 14, 26, 32, 33, 34, 40, 42]","['Abasolo', 'Altamira', 'Gustavo Díaz Ordaz', 'Nuevo Laredo', 'Río Bravo', 'San Carlos', 'San Fernando', 'Victoria', 'Xicoténcatl']"
7,59,11.465555565647986,99.762503,9,"[4, 11, 14, 21, 26, 32, 34, 39, 40]","['Burgos', 'González', 'Gustavo Díaz Ordaz', 'Matamoros', 'Nuevo Laredo', 'Río Bravo', 'San Fernando', 'Valle Hermoso', 'Victoria']"
7,60,7.695430331374136,106.008269,9,"[11, 13, 21, 22, 31, 32, 34, 39, 40]","['González', 'Guerrero', 'Matamoros', 'Méndez', 'Reynosa', 'Río Bravo', 'San Fernando', 'Valle Hermoso', 'Victoria']"
7,61,31.583347927618853,159.121441,4,"[6, 11, 32, 34]","['Camargo', 'González', 'Río Bravo', 'San Fernando']"
7,62,5.138918504543778,125.23272,10,"[2, 11, 12, 21, 22, 23, 31, 32, 34, 39]","['Altamira', 'González', 'Güémez', 'Matamoros', 'Méndez', 'Mier', 'Reynosa', 'Río Bravo', 'San Fernando', 'Valle Hermoso']"
7,63,19.509264540550127,159.121441,5,"[6, 11, 21, 32, 34]","['Camargo', 'González', 'Matamoros', 'Río Bravo', 'San Fernando']"
7,64,12.301260006227523,93.902475,9,"[6, 11, 12, 18, 21, 26, 32, 34, 39]","['Camargo', 'González', 'Güémez', 'Llera', 'Matamoros', 'Nuevo Laredo', 'Río Bravo', 'San Fernando', 'Valle Hermoso']"
7,65,8.66174029708576,146.150389,8,"[6, 7, 11, 21, 22, 32, 34, 39]","['Camargo', 'Casas', 'González', 'Matamoros', 'Méndez', 'Río Bravo', 'San Fernando', 'Valle Hermoso']"
7,66,4.541930459080558,197.327862,9,"[2, 7, 11, 21, 22, 31, 32, 34, 39]","['Altamira', 'Casas', 'González', 'Matamoros', 'Méndez', 'Reynosa', 'Río Bravo', 'San Fernando', 'Valle Hermoso']"
7,67,6.504914034465295,197.327862,8,"[7, 11, 21, 22, 31, 32, 34, 39]","['Casas', 'González', 'Matamoros', 'Méndez', 'Reynosa', 'Río Bravo', 'San Fernando', 'Valle Hermoso']"
7,68,13.0821650572063,125.23272,7,"[11, 12, 21, 23, 32, 34, 39]","['González', 'Güémez', 'Matamoros', 'Mier', 'Río Bravo', 'San Fernando', 'Valle Hermoso']"
7,69,13.762580065320183,106.008269,7,"[11, 13, 21, 32, 34, 39, 40]","['González', 'Guerrero', 'Matamoros', 'Río Bravo', 'San Fernando', 'Valle Hermoso', 'Victoria']"
7,70,28.241005189902168,93.902475,7,"[6, 11, 12, 18, 26, 32, 34]","['Camargo', 'González', 'Güémez', 'Llera', 'Nuevo Laredo', 'Río Bravo', 'San Fernando']"
7,71,10.668640302516568,89.54682,10,"[6, 7, 11, 18, 21, 26, 32, 33, 34, 39]","['Camargo', 'Casas', 'González', 'Llera', 'Matamoros', 'Nuevo Laredo', 'Río Bravo', 'San Carlos', 'San Fernando', 'Valle Hermoso']"
7,72,29.02191024088095,125.23272,5,"[11, 12, 23, 32, 34]","['González', 'Güémez', 'Mier', 'Río Bravo', 'San Fernando']"
7,73,7.101902079928514,125.23272,9,"[11, 12, 21, 22, 23, 31, 32, 34, 39]","['González', 'Güémez', 'Matamoros', 'Méndez', 'Mier', 'Reynosa', 'Río Bravo', 'San Fernando', 'Valle Hermoso']"
7,74,29.569392829720854,122.698237,5,"[11, 23, 32, 34, 40]","['González', 'Mier', 'Río Bravo', 'San Fernando', 'Victoria']"
7,75,9.087830958501987,128.460678,8,"[7, 11, 21, 22, 23, 32, 34, 39]","['Casas', 'González', 'Matamoros', 'Méndez', 'Mier', 'Río Bravo', 'San Fernando', 'Valle Hermoso']"
7,76,12.228397457087373,128.460678,7,"[7, 11, 21, 23, 32, 34, 39]","['Casas', 'González', 'Matamoros', 'Mier', 'Río Bravo', 'San Fernando', 'Valle Hermoso']"
7,77,5.5995143367154245,122.698237,10,"[2, 11, 21, 22, 23, 31, 32, 34, 39, 40]","['Altamira', 'González', 'Matamoros', 'Méndez', 'Mier', 'Reynosa', 'Río Bravo', 'San Fernando', 'Valle Hermoso', 'Victoria']"
7,78,11.802306795671146,146.150389,7,"[6, 7, 11, 21, 32, 34, 39]","['Camargo', 'Casas', 'González', 'Matamoros', 'Río Bravo', 'San Fernando', 'Valle Hermoso']"
7,79,9.520715457285748,93.902475,10,"[6, 11, 12, 18, 21, 26, 31, 32, 34, 39]","['Camargo', 'González', 'Güémez', 'Llera', 'Matamoros', 'Nuevo Laredo', 'Reynosa', 'Río Bravo', 'San Fernando', 'Valle Hermoso']"
7,80,15.260465403002506,99.762503,8,"[4, 6, 11, 21, 26, 32, 34, 40]","['Burgos', 'Camargo', 'González', 'Matamoros', 'Nuevo Laredo', 'Río Bravo', 'San Fernando', 'Victoria']"
7,81,29.04380812108907,103.28924,6,"[11, 14, 21, 26, 34, 40]","['González', 'Gustavo Díaz Ordaz', 'Matamoros', 'Nuevo Laredo', 'San Fernando', 'Victoria']"
7,82,27.043796983190045,99.762503,7,"[4, 6, 11, 21, 26, 32, 40]","['Burgos', 'Camargo', 'González', 'Matamoros', 'Nuevo Laredo', 'Río Bravo', 'Victoria']"
7,83,6.159922654821361,128.460678,9,"[7, 11, 21, 22, 23, 31, 32, 34, 39]","['Casas', 'González', 'Matamoros', 'Méndez', 'Mier', 'Reynosa', 'Río Bravo', 'San Fernando', 'Valle Hermoso']"
7,84,4.196939079436624,128.460678,10,"[2, 7, 11, 21, 22, 23, 31, 32, 34, 39]","['Altamira', 'Casas', 'González', 'Matamoros', 'Méndez', 'Mier', 'Reynosa', 'Río Bravo', 'San Fernando', 'Valle Hermoso']"
7,85,27.742051979345796,146.150389,5,"[6, 7, 11, 32, 34]","['Camargo', 'Casas', 'González', 'Río Bravo', 'San Fernando']"
7,86,15.911553579123666,129.804564,6,"[7, 11, 21, 24, 32, 34]","['Casas', 'González', 'Matamoros', 'Miguel Alemán', 'Río Bravo', 'San Fernando']"
7,87,13.486776481323737,197.327862,6,"[11, 21, 31, 32, 34, 39]","['González', 'Matamoros', 'Reynosa', 'Río Bravo', 'San Fernando', 'Valle Hermoso']"
7,88,12.045891782517742,129.804564,7,"[7, 11, 21, 24, 32, 34, 39]","['Casas', 'González', 'Matamoros', 'Miguel Alemán', 'Río Bravo', 'San Fernando', 'Valle Hermoso']"
7,89,17.352438277929657,197.327862,5,"[11, 21, 31, 32, 34]","['González', 'Matamoros', 'Reynosa', 'Río Bravo', 'San Fernando']"
7,90,7.562497912100159,122.698237,9,"[11, 21, 22, 23, 31, 32, 34, 39, 40]","['González', 'Matamoros', 'Méndez', 'Mier', 'Reynosa', 'Río Bravo', 'San Fernando', 'Valle Hermoso', 'Victoria']"
7,91,13.20355698462998,103.28924,8,"[6, 11, 21, 26, 32, 34, 39, 40]","['Camargo', 'González', 'Matamoros', 'Nuevo Laredo', 'Río Bravo', 'San Fernando', 'Valle Hermoso', 'Victoria']"
7,92,8.905325283932356,129.804564,8,"[7, 11, 21, 22, 24, 32, 34, 39]","['Casas', 'González', 'Matamoros', 'Méndez', 'Miguel Alemán', 'Río Bravo', 'San Fernando', 'Valle Hermoso']"
7,93,10.029810383609144,125.23272,8,"[11, 12, 21, 22, 23, 32, 34, 39]","['González', 'Güémez', 'Matamoros', 'Méndez', 'Mier', 'Río Bravo', 'San Fernando', 'Valle Hermoso']"
7,94,10.490406215780789,122.698237,8,"[11, 21, 22, 23, 32, 34, 39, 40]","['González', 'Matamoros', 'Méndez', 'Mier', 'Río Bravo', 'San Fernando', 'Valle Hermoso', 'Victoria']"
7,95,4.080671554817162,129.804564,10,"[2, 7, 11, 21, 22, 24, 31, 32, 34, 39]","['Altamira', 'Casas', 'González', 'Matamoros', 'Méndez', 'Miguel Alemán', 'Reynosa', 'Río Bravo', 'San Fernando', 'Valle Hermoso']"
7,96,15.66796859227707,146.150389,6,"[6, 7, 11, 21, 32, 34]","['Camargo', 'Casas', 'González', 'Matamoros', 'Río Bravo', 'San Fernando']"
7,97,10.064315554364562,103.28924,9,"[6, 11, 21, 22, 26, 32, 34, 39, 40]","['Camargo', 'González', 'Matamoros', 'Méndez', 'Nuevo Laredo', 'Río Bravo', 'San Fernando', 'Valle Hermoso', 'Victoria']"
7,98,16.0940592536933,128.460678,6,"[7, 11, 21, 23, 32, 34]","['Casas', 'González', 'Matamoros', 'Mier', 'Río Bravo', 'San Fernando']"
7,99,55.12697115103506,126.101423,4,"[11, 12, 13, 32]","['González', 'Güémez', 'Guerrero', 'Río Bravo']"
7,100,9.64548053305068,197.327862,7,"[7, 11, 21, 31, 32, 34, 39]","['Casas', 'González', 'Matamoros', 'Reynosa', 'Río Bravo', 'San Fernando', 'Valle Hermoso']"
8,1,39.789813631059396,197.327862,3,"[11, 31, 34]","['González', 'Reynosa', 'San Fernando']"
8,2,20.487328985594157,218.757001,4,"[11, 21, 32, 34]","['González', 'Matamoros', 'Río Bravo', 'San Fernando']"
8,3,21.42255192661401,197.327862,4,"[11, 21, 31, 34]","['González', 'Matamoros', 'Reynosa', 'San Fernando']"
8,4,17.352438277929657,197.327862,5,"[11, 21, 31, 32, 34]","['González', 'Matamoros', 'Reynosa', 'Río Bravo', 'San Fernando']"
8,5,16.62166718898823,218.757001,5,"[11, 21, 32, 34, 39]","['González', 'Matamoros', 'Río Bravo', 'San Fernando', 'Valle Hermoso']"
8,6,13.486776481323737,197.327862,6,"[11, 21, 31, 32, 34, 39]","['González', 'Matamoros', 'Reynosa', 'Río Bravo', 'San Fernando', 'Valle Hermoso']"
8,7,59.77113611663137,166.394431,3,"[11, 14, 34]","['González', 'Gustavo Díaz Ordaz', 'San Fernando']"
8,8,13.762580065320183,106.008269,7,"[11, 13, 21, 32, 34, 39, 40]","['González', 'Guerrero', 'Matamoros', 'Río Bravo', 'San Fernando', 'Valle Hermoso', 'Victoria']"
8,9,29.702325248994832,106.008269,5,"[11, 13, 32, 34, 40]","['González', 'Guerrero', 'Río Bravo', 'San Fernando', 'Victoria']"
8,10,17.628241861926107,106.008269,6,"[11, 13, 21, 32, 34, 40]","['González', 'Guerrero', 'Matamoros', 'Río Bravo', 'San Fernando', 'Victoria']"
8,11,32.56141237266288,218.757001,3,"[11, 32, 34]","['González', 'Río Bravo', 'San Fernando']"
8,12,16.010541455932636,91.820321,8,"[6, 11, 18, 21, 26, 29, 32, 34]","['Camargo', 'González', 'Llera', 'Matamoros', 'Nuevo Laredo', 'Padilla', 'Río Bravo', 'San Fernando']"
8,13,19.509264540550127,159.121441,5,"[6, 11, 21, 32, 34]","['Camargo', 'González', 'Matamoros', 'Río Bravo', 'San Fernando']"
8,14,11.394803606396582,99.762503,9,"[4, 6, 11, 21, 26, 32, 34, 39, 40]","['Burgos', 'Camargo', 'González', 'Matamoros', 'Nuevo Laredo', 'Río Bravo', 'San Fernando', 'Valle Hermoso', 'Victoria']"
8,15,10.623338635054765,106.008269,8,"[11, 13, 21, 22, 32, 34, 39, 40]","['González', 'Guerrero', 'Matamoros', 'Méndez', 'Río Bravo', 'San Fernando', 'Valle Hermoso', 'Victoria']"
8,16,31.4838538804033,166.394431,4,"[11, 14, 21, 34]","['González', 'Gustavo Díaz Ordaz', 'Matamoros', 'San Fernando']"
8,17,10.064315554364562,103.28924,9,"[6, 11, 21, 22, 26, 32, 34, 39, 40]","['Camargo', 'González', 'Matamoros', 'Méndez', 'Nuevo Laredo', 'Río Bravo', 'San Fernando', 'Valle Hermoso', 'Victoria']"
8,18,17.069218781235904,103.28924,7,"[6, 11, 21, 26, 32, 34, 40]","['Camargo', 'González', 'Matamoros', 'Nuevo Laredo', 'Río Bravo', 'San Fernando', 'Victoria']"
8,19,13.20355698462998,103.28924,8,"[6, 11, 21, 26, 32, 34, 39, 40]","['Camargo', 'González', 'Matamoros', 'Nuevo Laredo', 'Río Bravo', 'San Fernando', 'Valle Hermoso', 'Victoria']"
8,20,52.9319862859672,133.161241,4,"[11, 24, 29, 32]","['González', 'Miguel Alemán', 'Padilla', 'Río Bravo']"
8,21,15.643602743944205,159.121441,6,"[6, 11, 21, 32, 34, 39]","['Camargo', 'González', 'Matamoros', 'Río Bravo', 'San Fernando', 'Valle Hermoso']"
8,22,12.215631618578117,91.820321,9,"[11, 14, 18, 21, 26, 29, 32, 34, 39]","['González', 'Gustavo Díaz Ordaz', 'Llera', 'Matamoros', 'Nuevo Laredo', 'Padilla', 'Río Bravo', 'San Fernando', 'Valle Hermoso']"
8,23,29.04380812108907,103.28924,6,"[11, 14, 21, 26, 34, 40]","['González', 'Gustavo Díaz Ordaz', 'Matamoros', 'Nuevo Laredo', 'San Fernando', 'Victoria']"
8,24,7.695430331374136,106.008269,9,"[11, 13, 21, 22, 31, 32, 34, 39, 40]","['González', 'Guerrero', 'Matamoros', 'Méndez', 'Reynosa', 'Río Bravo', 'San Fernando', 'Valle Hermoso', 'Victoria']"
8,25,31.583347927618853,159.121441,4,"[6, 11, 32, 34]","['Camargo', 'González', 'Río Bravo', 'San Fernando']"
8,26,15.260465403002506,99.762503,8,"[4, 6, 11, 21, 26, 32, 34, 40]","['Burgos', 'Camargo', 'González', 'Matamoros', 'Nuevo Laredo', 'Río Bravo', 'San Fernando', 'Victoria']"
8,27,35.58805318175641,150.277393,4,"[6, 20, 32, 34]","['Camargo', 'El Mante', 'Río Bravo', 'San Fernando']"
8,28,74.87910185082778,150.277393,3,"[6, 20, 34]","['Camargo', 'El Mante', 'San Fernando']"
8,29,70.87439659669022,159.121441,3,"[6, 11, 34]","['Camargo', 'González', 'San Fernando']"
8,30,5.2718509238177536,125.23272,10,"[2, 11, 12, 13, 21, 22, 31, 32, 34, 39]","['Altamira', 'González', 'Güémez', 'Guerrero', 'Matamoros', 'Méndez', 'Reynosa', 'Río Bravo', 'San Fernando', 'Valle Hermoso']"
8,31,9.128821975351014,91.820321,10,"[6, 11, 18, 21, 22, 26, 29, 32, 34, 39]","['Camargo', 'González', 'Llera', 'Matamoros', 'Méndez', 'Nuevo Laredo', 'Padilla', 'Río Bravo', 'San Fernando', 'Valle Hermoso']"
8,32,7.283771005422787,103.28924,10,"[6, 11, 21, 22, 26, 31, 32, 34, 39, 40]","['Camargo', 'González', 'Matamoros', 'Méndez', 'Nuevo Laredo', 'Reynosa', 'Río Bravo', 'San Fernando', 'Valle Hermoso', 'Victoria']"
8,33,15.66796859227707,146.150389,6,"[6, 7, 11, 21, 32, 34]","['Camargo', 'Casas', 'González', 'Matamoros', 'Río Bravo', 'San Fernando']"
8,34,27.985130795785803,91.820321,7,"[11, 14, 18, 21, 26, 29, 34]","['González', 'Gustavo Díaz Ordaz', 'Llera', 'Matamoros', 'Nuevo Laredo', 'Padilla', 'San Fernando']"
8,35,9.639804742129789,218.757001,7,"[7, 11, 21, 22, 32, 34, 39]","['Casas', 'González', 'Matamoros', 'Méndez', 'Río Bravo', 'San Fernando', 'Valle Hermoso']"
8,36,11.802306795671146,146.150389,7,"[6, 7, 11, 21, 32, 34, 39]","['Camargo', 'Casas', 'González', 'Matamoros', 'Río Bravo', 'San Fernando', 'Valle Hermoso']"
8,37,15.911553579123666,129.804564,6,"[7, 11, 21, 24, 32, 34]","['Casas', 'González', 'Matamoros', 'Miguel Alemán', 'Río Bravo', 'San Fernando']"
8,38,6.0436551302018975,129.804564,9,"[7, 11, 21, 22, 24, 31, 32, 34, 39]","['Casas', 'González', 'Matamoros', 'Méndez', 'Miguel Alemán', 'Reynosa', 'Río Bravo', 'San Fernando', 'Valle Hermoso']"
8,39,12.045891782517742,129.804564,7,"[7, 11, 21, 24, 32, 34, 39]","['Casas', 'González', 'Matamoros', 'Miguel Alemán', 'Río Bravo', 'San Fernando', 'Valle Hermoso']"
8,40,27.742051979345796,146.150389,5,"[6, 7, 11, 32, 34]","['Camargo', 'Casas', 'González', 'Río Bravo', 'San Fernando']"
8,41,4.541930459080558,197.327862,9,"[2, 7, 11, 21, 22, 31, 32, 34, 39]","['Altamira', 'Casas', 'González', 'Matamoros', 'Méndez', 'Reynosa', 'Río Bravo', 'San Fernando', 'Valle Hermoso']"
8,42,5.8811957481439885,146.150389,9,"[6, 7, 11, 21, 22, 31, 32, 34, 39]","['Camargo', 'Casas', 'González', 'Matamoros', 'Méndez', 'Reynosa', 'Río Bravo', 'San Fernando', 'Valle Hermoso']"
8,43,17.49530944265213,122.698237,6,"[11, 21, 23, 32, 34, 40]","['González', 'Matamoros', 'Mier', 'Río Bravo', 'San Fernando', 'Victoria']"
8,44,6.504914034465295,197.327862,8,"[7, 11, 21, 22, 31, 32, 34, 39]","['Casas', 'González', 'Matamoros', 'Méndez', 'Reynosa', 'Río Bravo', 'San Fernando', 'Valle Hermoso']"
8,45,29.569392829720854,122.698237,5,"[11, 23, 32, 34, 40]","['González', 'Mier', 'Río Bravo', 'San Fernando', 'Victoria']"
8,46,29.02191024088095,125.23272,5,"[11, 12, 23, 32, 34]","['González', 'Güémez', 'Mier', 'Río Bravo', 'San Fernando']"
8,47,9.64548053305068,197.327862,7,"[7, 11, 21, 31, 32, 34, 39]","['Casas', 'González', 'Matamoros', 'Reynosa', 'Río Bravo', 'San Fernando', 'Valle Hermoso']"
8,48,27.985636966192395,129.804564,5,"[7, 11, 24, 32, 34]","['Casas', 'González', 'Miguel Alemán', 'Río Bravo', 'San Fernando']"
8,49,12.780371240715173,218.757001,6,"[7, 11, 21, 32, 34, 39]","['Casas', 'González', 'Matamoros', 'Río Bravo', 'San Fernando', 'Valle Hermoso']"
8,50,8.66174029708576,146.150389,8,"[6, 7, 11, 21, 22, 32, 34, 39]","['Camargo', 'Casas', 'González', 'Matamoros', 'Méndez', 'Río Bravo', 'San Fernando', 'Valle Hermoso']"
8,51,5.7324467559894,106.008269,10,"[2, 11, 13, 21, 22, 31, 32, 34, 39, 40]","['Altamira', 'González', 'Guerrero', 'Matamoros', 'Méndez', 'Reynosa', 'Río Bravo', 'San Fernando', 'Valle Hermoso', 'Victoria']"
8,52,13.629647646046207,122.698237,7,"[11, 21, 23, 32, 34, 39, 40]","['González', 'Matamoros', 'Mier', 'Río Bravo', 'San Fernando', 'Valle Hermoso', 'Victoria']"
8,53,8.614259057454806,99.762503,10,"[4, 6, 11, 21, 26, 31, 32, 34, 39, 40]","['Burgos', 'Camargo', 'González', 'Matamoros', 'Nuevo Laredo', 'Reynosa', 'Río Bravo', 'San Fernando', 'Valle Hermoso', 'Victoria']"
8,54,4.080671554817162,129.804564,10,"[2, 7, 11, 21, 22, 24, 31, 32, 34, 39]","['Altamira', 'Casas', 'González', 'Matamoros', 'Méndez', 'Miguel Alemán', 'Reynosa', 'Río Bravo', 'San Fernando', 'Valle Hermoso']"
8,55,3.9182121727592514,146.150389,10,"[2, 6, 7, 11, 21, 22, 31, 32, 34, 39]","['Altamira', 'Camargo', 'Casas', 'González', 'Matamoros', 'Méndez', 'Reynosa', 'Río Bravo', 'San Fernando', 'Valle Hermoso']"
8,56,8.905325283932356,129.804564,8,"[7, 11, 21, 22, 24, 32, 34, 39]","['Casas', 'González', 'Matamoros', 'Méndez', 'Miguel Alemán', 'Río Bravo', 'San Fernando', 'Valle Hermoso']"
8,57,54.08537284344458,129.804564,4,"[11, 12, 24, 39]","['González', 'Güémez', 'Miguel Alemán', 'Valle Hermoso']"
8,58,54.99403873176108,126.101423,4,"[11, 12, 23, 32]","['González', 'Güémez', 'Mier', 'Río Bravo']"
8,59,5.5995143367154245,122.698237,10,"[2, 11, 21, 22, 23, 31, 32, 34, 39, 40]","['Altamira', 'González', 'Matamoros', 'Méndez', 'Mier', 'Reynosa', 'Río Bravo', 'San Fernando', 'Valle Hermoso', 'Victoria']"
8,60,42.704815653725525,81.482774,8,"[2, 3, 14, 17, 26, 32, 33, 40]","['Altamira', 'Antiguo Morelos', 'Gustavo Díaz Ordaz', 'Jiménez', 'Nuevo Laredo', 'Río Bravo', 'San Carlos', 'Victoria']"
8,61,41.18084019521129,146.150389,4,"[6, 9, 20, 32]","['Camargo', 'Cruillas', 'El Mante', 'Río Bravo']"
8,62,16.0940592536933,128.460678,6,"[7, 11, 21, 23, 32, 34]","['Casas', 'González', 'Matamoros', 'Mier', 'Río Bravo', 'San Fernando']"
8,63,7.562497912100159,122.698237,9,"[11, 21, 22, 23, 31, 32, 34, 39, 40]","['González', 'Matamoros', 'Méndez', 'Mier', 'Reynosa', 'Río Bravo', 'San Fernando', 'Valle Hermoso', 'Victoria']"
8,64,10.490406215780789,122.698237,8,"[11, 21, 22, 23, 32, 34, 39, 40]","['González', 'Matamoros', 'Méndez', 'Mier', 'Río Bravo', 'San Fernando', 'Valle Hermoso', 'Victoria']"
8,65,27.043796983190045,99.762503,7,"[4, 6, 11, 21, 26, 32, 40]","['Burgos', 'Camargo', 'González', 'Matamoros', 'Nuevo Laredo', 'Río Bravo', 'Victoria']"
8,66,6.159922654821361,128.460678,9,"[7, 11, 21, 22, 23, 31, 32, 34, 39]","['Casas', 'González', 'Matamoros', 'Méndez', 'Mier', 'Reynosa', 'Río Bravo', 'San Fernando', 'Valle Hermoso']"
8,67,44.81040896279399,97.088288,6,"[11, 14, 18, 26, 32, 33]","['González', 'Gustavo Díaz Ordaz', 'Llera', 'Nuevo Laredo', 'Río Bravo', 'San Carlos']"
8,68,84.95285150276226,146.150389,3,"[6, 9, 20]","['Camargo', 'Cruillas', 'El Mante']"
8,69,4.196939079436624,128.460678,10,"[2, 7, 11, 21, 22, 23, 31, 32, 34, 39]","['Altamira', 'Casas', 'González', 'Matamoros', 'Méndez', 'Mier', 'Reynosa', 'Río Bravo', 'San Fernando', 'Valle Hermoso']"
8,70,7.101902079928514,125.23272,9,"[11, 12, 21, 22, 23, 31, 32, 34, 39]","['González', 'Güémez', 'Matamoros', 'Méndez', 'Mier', 'Reynosa', 'Río Bravo', 'San Fernando', 'Valle Hermoso']"
8,71,9.087830958501987,128.460678,8,"[7, 11, 21, 22, 23, 32, 34, 39]","['Casas', 'González', 'Matamoros', 'Méndez', 'Mier', 'Río Bravo', 'San Fernando', 'Valle Hermoso']"
8,72,10.912225289363164,89.54682,10,"[7, 11, 18, 21, 24, 26, 32, 33, 34, 39]","['Casas', 'González', 'Llera', 'Matamoros', 'Miguel Alemán', 'Nuevo Laredo', 'Río Bravo', 'San Carlos', 'San Fernando', 'Valle Hermoso']"
8,73,15.296304923601866,69.788658,10,"[2, 3, 6, 7, 21, 26, 30, 32, 33, 34]","['Altamira', 'Antiguo Morelos', 'Camargo', 'Casas', 'Matamoros', 'Nuevo Laredo', 'Palmillas', 'Río Bravo', 'San Carlos', 'San Fernando']"
8,74,16.947826853812227,125.23272,6,"[11, 12, 21, 23, 32, 34]","['González', 'Güémez', 'Matamoros', 'Mier', 'Río Bravo', 'San Fernando']"
8,75,12.228397457087373,128.460678,7,"[7, 11, 21, 23, 32, 34, 39]","['Casas', 'González', 'Matamoros', 'Mier', 'Río Bravo', 'San Fernando', 'Valle Hermoso']"
8,76,40.3974400326382,87.858692,8,"[2, 6, 11, 17, 18, 26, 32, 33]","['Altamira', 'Camargo', 'González', 'Jiménez', 'Llera', 'Nuevo Laredo', 'Río Bravo', 'San Carlos']"
8,77,43.34660919449777,77.851593,8,"[2, 3, 14, 17, 26, 30, 32, 33]","['Altamira', 'Antiguo Morelos', 'Gustavo Díaz Ordaz', 'Jiménez', 'Nuevo Laredo', 'Palmillas', 'Río Bravo', 'San Carlos']"
8,78,28.168142640762028,128.460678,5,"[7, 11, 23, 32, 34]","['Casas', 'González', 'Mier', 'Río Bravo', 'San Fernando']"
8,79,13.0821650572063,125.23272,7,"[11, 12, 21, 23, 32, 34, 39]","['González', 'Güémez', 'Matamoros', 'Mier', 'Río Bravo', 'San Fernando', 'Valle Hermoso']"
8,80,39.11788037025877,99.762503,6,"[4, 6, 11, 26, 32, 40]","['Burgos', 'Camargo', 'González', 'Nuevo Laredo', 'Río Bravo', 'Victoria']"
8,81,42.360423608022934,89.54682,7,"[6, 11, 17, 18, 26, 32, 33]","['Camargo', 'González', 'Jiménez', 'Llera', 'Nuevo Laredo', 'Río Bravo', 'San Carlos']"
8,82,27.270894263455034,73.454405,9,"[2, 3, 7, 14, 21, 26, 30, 33, 34]","['Altamira', 'Antiguo Morelos', 'Casas', 'Gustavo Díaz Ordaz', 'Matamoros', 'Nuevo Laredo', 'Palmillas', 'San Carlos', 'San Fernando']"
8,83,12.831710670235855,87.858692,10,"[2, 6, 7, 11, 21, 26, 30, 32, 33, 34]","['Altamira', 'Camargo', 'Casas', 'González', 'Matamoros', 'Nuevo Laredo', 'Palmillas', 'Río Bravo', 'San Carlos', 'San Fernando']"
8,84,10.154256753525672,125.23272,8,"[11, 12, 21, 23, 31, 32, 34, 39]","['González', 'Güémez', 'Matamoros', 'Mier', 'Reynosa', 'Río Bravo', 'San Fernando', 'Valle Hermoso']"
8,85,24.905794057304583,87.858692,9,"[2, 6, 7, 11, 26, 30, 32, 33, 34]","['Altamira', 'Camargo', 'Casas', 'González', 'Nuevo Laredo', 'Palmillas', 'Río Bravo', 'San Carlos', 'San Fernando']"
8,86,27.03447614760744,89.54682,8,"[7, 11, 18, 23, 26, 32, 33, 34]","['Casas', 'González', 'Llera', 'Mier', 'Nuevo Laredo', 'Río Bravo', 'San Carlos', 'San Fernando']"
8,87,24.787709976831774,67.706109,10,"[2, 3, 6, 7, 11, 26, 30, 32, 33, 34]","['Altamira', 'Antiguo Morelos', 'Camargo', 'Casas', 'González', 'Nuevo Laredo', 'Palmillas', 'Río Bravo', 'San Carlos', 'San Fernando']"
8,88,14.777887085969086,89.54682,9,"[7, 11, 18, 21, 24, 26, 32, 33, 34]","['Casas', 'González', 'Llera', 'Matamoros', 'Miguel Alemán', 'Nuevo Laredo', 'Río Bravo', 'San Carlos', 'San Fernando']"
8,89,27.370388310670595,69.788658,9,"[2, 3, 6, 7, 26, 30, 32, 33, 34]","['Altamira', 'Antiguo Morelos', 'Camargo', 'Casas', 'Nuevo Laredo', 'Palmillas', 'Río Bravo', 'San Carlos', 'San Fernando']"
8,90,22.884285306543312,150.277393,5,"[6, 21, 32, 34, 42]","['Camargo', 'Matamoros', 'Río Bravo', 'San Fernando', 'Xicoténcatl']"
9,1,57.67453030661876,186.503869,3,"[14, 39, 42]","['Gustavo Díaz Ordaz', 'Valle Hermoso', 'Xicoténcatl']"
9,2,32.56141237266288,218.757001,3,"[11, 32, 34]","['González', 'Río Bravo', 'San Fernando']"
9,3,17.352438277929657,197.327862,5,"[11, 21, 31, 32, 34]","['González', 'Matamoros', 'Reynosa', 'Río Bravo', 'San Fernando']"
9,4,59.77113611663137,166.394431,3,"[11, 14, 34]","['González', 'Gustavo Díaz Ordaz', 'San Fernando']"
9,5,21.42255192661401,197.327862,4,"[11, 21, 31, 34]","['González', 'Matamoros', 'Reynosa', 'San Fernando']"
9,6,16.62166718898823,218.757001,5,"[11, 21, 32, 34, 39]","['González', 'Matamoros', 'Río Bravo', 'San Fernando', 'Valle Hermoso']"
9,7,53.56391419730214,128.460678,4,"[7, 11, 23, 39]","['Casas', 'González', 'Mier', 'Valle Hermoso']"
9,8,13.486776481323737,197.327862,6,"[11, 21, 31, 32, 34, 39]","['González', 'Matamoros', 'Reynosa', 'Río Bravo', 'San Fernando', 'Valle Hermoso']"
9,9,20.487328985594157,218.757001,4,"[11, 21, 32, 34]","['González', 'Matamoros', 'Río Bravo', 'San Fernando']"
9,10,13.0821650572063,125.23272,7,"[11, 12, 21, 23, 32, 34, 39]","['González', 'Güémez', 'Matamoros', 'Mier', 'Río Bravo', 'San Fernando', 'Valle Hermoso']"
9,11,31.4838538804033,166.394431,4,"[11, 14, 21, 34]","['González', 'Gustavo Díaz Ordaz', 'Matamoros', 'San Fernando']"
9,12,39.789813631059396,197.327862,3,"[11, 31, 34]","['González', 'Reynosa', 'San Fernando']"
9,13,91.08426081306922,141.396971,3,"[22, 23, 42]","['Méndez', 'Mier', 'Xicoténcatl']"
9,14,6.504914034465295,197.327862,8,"[7, 11, 21, 22, 31, 32, 34, 39]","['Casas', 'González', 'Matamoros', 'Méndez', 'Reynosa', 'Río Bravo', 'San Fernando', 'Valle Hermoso']"
9,15,9.639804742129789,218.757001,7,"[7, 11, 21, 22, 32, 34, 39]","['Casas', 'González', 'Matamoros', 'Méndez', 'Río Bravo', 'San Fernando', 'Valle Hermoso']"
9,16,4.541930459080558,197.327862,9,"[2, 7, 11, 21, 22, 31, 32, 34, 39]","['Altamira', 'Casas', 'González', 'Matamoros', 'Méndez', 'Reynosa', 'Río Bravo', 'San Fernando', 'Valle Hermoso']"
9,17,6.159922654821361,128.460678,9,"[7, 11, 21, 22, 23, 31, 32, 34, 39]","['Casas', 'González', 'Matamoros', 'Méndez', 'Mier', 'Reynosa', 'Río Bravo', 'San Fernando', 'Valle Hermoso']"
9,18,9.64548053305068,197.327862,7,"[7, 11, 21, 31, 32, 34, 39]","['Casas', 'González', 'Matamoros', 'Reynosa', 'Río Bravo', 'San Fernando', 'Valle Hermoso']"
9,19,74.24941736268339,150.277393,3,"[6, 34, 42]","['Camargo', 'San Fernando', 'Xicoténcatl']"
9,20,7.562497912100159,122.698237,9,"[11, 21, 22, 23, 31, 32, 34, 39, 40]","['González', 'Matamoros', 'Méndez', 'Mier', 'Reynosa', 'Río Bravo', 'San Fernando', 'Valle Hermoso', 'Victoria']"
9,21,29.702325248994832,106.008269,5,"[11, 13, 32, 34, 40]","['González', 'Guerrero', 'Río Bravo', 'San Fernando', 'Victoria']"
9,22,13.629647646046207,122.698237,7,"[11, 21, 23, 32, 34, 39, 40]","['González', 'Matamoros', 'Mier', 'Río Bravo', 'San Fernando', 'Valle Hermoso', 'Victoria']"
9,23,12.780371240715173,218.757001,6,"[7, 11, 21, 32, 34, 39]","['Casas', 'González', 'Matamoros', 'Río Bravo', 'San Fernando', 'Valle Hermoso']"
9,24,17.628241861926107,106.008269,6,"[11, 13, 21, 32, 34, 40]","['González', 'Guerrero', 'Matamoros', 'Río Bravo', 'San Fernando', 'Victoria']"
9,25,13.762580065320183,106.008269,7,"[11, 13, 21, 32, 34, 39, 40]","['González', 'Guerrero', 'Matamoros', 'Río Bravo', 'San Fernando', 'Valle Hermoso', 'Victoria']"
9,26,12.228397457087373,128.460678,7,"[7, 11, 21, 23, 32, 34, 39]","['Casas', 'González', 'Matamoros', 'Mier', 'Río Bravo', 'San Fernando', 'Valle Hermoso']"
9,27,16.0940592536933,128.460678,6,"[7, 11, 21, 23, 32, 34]","['Casas', 'González', 'Matamoros', 'Mier', 'Río Bravo', 'San Fernando']"
9,28,28.168142640762028,128.460678,5,"[7, 11, 23, 32, 34]","['Casas', 'González', 'Mier', 'Río Bravo', 'San Fernando']"
9,29,34.95836869361204,150.277393,4,"[6, 32, 34, 42]","['Camargo', 'Río Bravo', 'San Fernando', 'Xicoténcatl']"
9,30,9.087830958501987,128.460678,8,"[7, 11, 21, 22, 23, 32, 34, 39]","['Casas', 'González', 'Matamoros', 'Méndez', 'Mier', 'Río Bravo', 'San Fernando', 'Valle Hermoso']"
9,31,70.87439659669022,159.121441,3,"[6, 11, 34]","['Camargo', 'González', 'San Fernando']"
9,32,29.02191024088095,125.23272,5,"[11, 12, 23, 32, 34]","['González', 'Güémez', 'Mier', 'Río Bravo', 'San Fernando']"
9,33,7.695430331374136,106.008269,9,"[11, 13, 21, 22, 31, 32, 34, 39, 40]","['González', 'Guerrero', 'Matamoros', 'Méndez', 'Reynosa', 'Río Bravo', 'San Fernando', 'Valle Hermoso', 'Victoria']"
9,34,31.583347927618853,159.121441,4,"[6, 11, 32, 34]","['Camargo', 'González', 'Río Bravo', 'San Fernando']"
9,35,27.985636966192395,129.804564,5,"[7, 11, 24, 32, 34]","['Casas', 'González', 'Miguel Alemán', 'Río Bravo', 'San Fernando']"
9,36,15.66796859227707,146.150389,6,"[6, 7, 11, 21, 32, 34]","['Camargo', 'Casas', 'González', 'Matamoros', 'Río Bravo', 'San Fernando']"
9,37,19.509264540550127,159.121441,5,"[6, 11, 21, 32, 34]","['Camargo', 'González', 'Matamoros', 'Río Bravo', 'San Fernando']"
9,38,17.069218781235904,103.28924,7,"[6, 11, 21, 26, 32, 34, 40]","['Camargo', 'González', 'Matamoros', 'Nuevo Laredo', 'Río Bravo', 'San Fernando', 'Victoria']"
9,39,17.49530944265213,122.698237,6,"[11, 21, 23, 32, 34, 40]","['González', 'Matamoros', 'Mier', 'Río Bravo', 'San Fernando', 'Victoria']"
9,40,5.8811957481439885,146.150389,9,"[6, 7, 11, 21, 22, 31, 32, 34, 39]","['Camargo', 'Casas', 'González', 'Matamoros', 'Méndez', 'Reynosa', 'Río Bravo', 'San Fernando', 'Valle Hermoso']"
9,41,15.260465403002506,99.762503,8,"[4, 6, 11, 21, 26, 32, 34, 40]","['Burgos', 'Camargo', 'González', 'Matamoros', 'Nuevo Laredo', 'Río Bravo', 'San Fernando', 'Victoria']"
9,42,12.045891782517742,129.804564,7,"[7, 11, 21, 24, 32, 34, 39]","['Casas', 'González', 'Matamoros', 'Miguel Alemán', 'Río Bravo', 'San Fernando', 'Valle Hermoso']"
9,43,8.66174029708576,146.150389,8,"[6, 7, 11, 21, 22, 32, 34, 39]","['Camargo', 'Casas', 'González', 'Matamoros', 'Méndez', 'Río Bravo', 'San Fernando', 'Valle Hermoso']"
9,44,10.029810383609144,125.23272,8,"[11, 12, 21, 22, 23, 32, 34, 39]","['González', 'Güémez', 'Matamoros', 'Méndez', 'Mier', 'Río Bravo', 'San Fernando', 'Valle Hermoso']"
9,45,11.802306795671146,146.150389,7,"[6, 7, 11, 21, 32, 34, 39]","['Camargo', 'Casas', 'González', 'Matamoros', 'Río Bravo', 'San Fernando', 'Valle Hermoso']"
9,46,13.20355698462998,103.28924,8,"[6, 11, 21, 26, 32, 34, 39, 40]","['Camargo', 'González', 'Matamoros', 'Nuevo Laredo', 'Río Bravo', 'San Fernando', 'Valle Hermoso', 'Victoria']"
9,47,5.5995143367154245,122.698237,10,"[2, 11, 21, 22, 23, 31, 32, 34, 39, 40]","['Altamira', 'González', 'Matamoros', 'Méndez', 'Mier', 'Reynosa', 'Río Bravo', 'San Fernando', 'Valle Hermoso', 'Victoria']"
9,48,15.911553579123666,129.804564,6,"[7, 11, 21, 24, 32, 34]","['Casas', 'González', 'Matamoros', 'Miguel Alemán', 'Río Bravo', 'San Fernando']"
9,49,15.643602743944205,159.121441,6,"[6, 11, 21, 32, 34, 39]","['Camargo', 'González', 'Matamoros', 'Río Bravo', 'San Fernando', 'Valle Hermoso']"
9,50,27.742051979345796,146.150389,5,"[6, 7, 11, 32, 34]","['Camargo', 'Casas', 'González', 'Río Bravo', 'San Fernando']"
9,51,81.97187386326387,146.150389,3,"[6, 22, 42]","['Camargo', 'Méndez', 'Xicoténcatl']"
9,52,7.283771005422787,103.28924,10,"[6, 11, 21, 22, 26, 31, 32, 34, 39, 40]","['Camargo', 'González', 'Matamoros', 'Méndez', 'Nuevo Laredo', 'Reynosa', 'Río Bravo', 'San Fernando', 'Valle Hermoso', 'Victoria']"
9,53,3.9182121727592514,146.150389,10,"[2, 6, 7, 11, 21, 22, 31, 32, 34, 39]","['Altamira', 'Camargo', 'Casas', 'González', 'Matamoros', 'Méndez', 'Reynosa', 'Río Bravo', 'San Fernando', 'Valle Hermoso']"
9,54,16.947826853812227,125.23272,6,"[11, 12, 21, 23, 32, 34]","['González', 'Güémez', 'Matamoros', 'Mier', 'Río Bravo', 'San Fernando']"
9,55,5.138918504543778,125.23272,10,"[2, 11, 12, 21, 22, 23, 31, 32, 34, 39]","['Altamira', 'González', 'Güémez', 'Matamoros', 'Méndez', 'Mier', 'Reynosa', 'Río Bravo', 'San Fernando', 'Valle Hermoso']"
9,56,8.614259057454806,99.762503,10,"[4, 6, 11, 21, 26, 31, 32, 34, 39, 40]","['Burgos', 'Camargo', 'González', 'Matamoros', 'Nuevo Laredo', 'Reynosa', 'Río Bravo', 'San Fernando', 'Valle Hermoso', 'Victoria']"
9,57,29.569392829720854,122.698237,5,"[11, 23, 32, 34, 40]","['González', 'Mier', 'Río Bravo', 'San Fernando', 'Victoria']"
9,58,11.394803606396582,99.762503,9,"[4, 6, 11, 21, 26, 32, 34, 39, 40]","['Burgos', 'Camargo', 'González', 'Matamoros', 'Nuevo Laredo', 'Río Bravo', 'San Fernando', 'Valle Hermoso', 'Victoria']"
9,59,10.623338635054765,106.008269,8,"[11, 13, 21, 22, 32, 34, 39, 40]","['González', 'Guerrero', 'Matamoros', 'Méndez', 'Río Bravo', 'San Fernando', 'Valle Hermoso', 'Victoria']"
9,60,4.196939079436624,128.460678,10,"[2, 7, 11, 21, 22, 23, 31, 32, 34, 39]","['Altamira', 'Casas', 'González', 'Matamoros', 'Méndez', 'Mier', 'Reynosa', 'Río Bravo', 'San Fernando', 'Valle Hermoso']"
9,61,4.080671554817162,129.804564,10,"[2, 7, 11, 21, 22, 24, 31, 32, 34, 39]","['Altamira', 'Casas', 'González', 'Matamoros', 'Méndez', 'Miguel Alemán', 'Reynosa', 'Río Bravo', 'San Fernando', 'Valle Hermoso']"
9,62,10.490406215780789,122.698237,8,"[11, 21, 22, 23, 32, 34, 39, 40]","['González', 'Matamoros', 'Méndez', 'Mier', 'Río Bravo', 'San Fernando', 'Valle Hermoso', 'Victoria']"
9,63,40.70456625103741,146.150389,4,"[6, 9, 32, 42]","['Camargo', 'Cruillas', 'Río Bravo', 'Xicoténcatl']"
9,64,54.28411638334645,125.23272,4,"[11, 12, 23, 39]","['González', 'Güémez', 'Mier', 'Valle Hermoso']"
9,65,6.0436551302018975,129.804564,9,"[7, 11, 21, 22, 24, 31, 32, 34, 39]","['Casas', 'González', 'Matamoros', 'Méndez', 'Miguel Alemán', 'Reynosa', 'Río Bravo', 'San Fernando', 'Valle Hermoso']"
9,66,5.7324467559894,106.008269,10,"[2, 11, 13, 21, 22, 31, 32, 34, 39, 40]","['Altamira', 'González', 'Guerrero', 'Matamoros', 'Méndez', 'Reynosa', 'Río Bravo', 'San Fernando', 'Valle Hermoso', 'Victoria']"
9,67,27.334548790071228,99.762503,7,"[4, 6, 11, 26, 32, 34, 40]","['Burgos', 'Camargo', 'González', 'Nuevo Laredo', 'Río Bravo', 'San Fernando', 'Victoria']"
9,68,13.792595462264364,92.781591,9,"[4, 6, 7, 11, 21, 26, 32, 34, 38]","['Burgos', 'Camargo', 'Casas', 'González', 'Matamoros', 'Nuevo Laredo', 'Río Bravo', 'San Fernando', 'Tula']"
9,69,39.490867500161436,89.54682,7,"[7, 11, 14, 21, 26, 35, 38]","['Casas', 'González', 'Gustavo Díaz Ordaz', 'Matamoros', 'Nuevo Laredo', 'San Nicolás', 'Tula']"
9,70,28.192311814758934,93.902475,7,"[11, 12, 14, 21, 26, 34, 42]","['González', 'Güémez', 'Gustavo Díaz Ordaz', 'Matamoros', 'Nuevo Laredo', 'San Fernando', 'Xicoténcatl']"
9,71,37.527883924776695,80.642886,8,"[2, 7, 11, 14, 21, 26, 35, 38]","['Altamira', 'Casas', 'González', 'Gustavo Díaz Ordaz', 'Matamoros', 'Nuevo Laredo', 'San Nicolás', 'Tula']"
9,72,11.065290733771253,89.54682,10,"[6, 7, 11, 21, 26, 32, 34, 35, 38, 39]","['Camargo', 'Casas', 'González', 'Matamoros', 'Nuevo Laredo', 'Río Bravo', 'San Fernando', 'San Nicolás', 'Tula', 'Valle Hermoso']"
9,73,26.905541870230344,89.54682,8,"[7, 11, 14, 21, 26, 34, 35, 38]","['Casas', 'González', 'Gustavo Díaz Ordaz', 'Matamoros', 'Nuevo Laredo', 'San Fernando', 'San Nicolás', 'Tula']"
9,74,15.15279045798618,81.482774,9,"[1, 6, 7, 21, 26, 32, 34, 35, 38]","['Aldama', 'Camargo', 'Casas', 'Matamoros', 'Nuevo Laredo', 'Río Bravo', 'San Fernando', 'San Nicolás', 'Tula']"
9,75,12.96796895499244,80.642886,10,"[2, 6, 7, 11, 21, 26, 32, 34, 35, 38]","['Altamira', 'Camargo', 'Casas', 'González', 'Matamoros', 'Nuevo Laredo', 'Río Bravo', 'San Fernando', 'San Nicolás', 'Tula']"
9,76,14.930952530377175,89.54682,9,"[6, 7, 11, 21, 26, 32, 34, 35, 38]","['Camargo', 'Casas', 'González', 'Matamoros', 'Nuevo Laredo', 'Río Bravo', 'San Fernando', 'San Nicolás', 'Tula']"
9,77,39.81219947498599,81.482774,7,"[1, 6, 7, 26, 32, 35, 38]","['Aldama', 'Camargo', 'Casas', 'Nuevo Laredo', 'Río Bravo', 'San Nicolás', 'Tula']"
9,78,7.101902079928514,125.23272,9,"[11, 12, 21, 22, 23, 31, 32, 34, 39]","['González', 'Güémez', 'Matamoros', 'Méndez', 'Mier', 'Reynosa', 'Río Bravo', 'San Fernando', 'Valle Hermoso']"
9,79,10.064315554364562,103.28924,9,"[6, 11, 21, 22, 26, 32, 34, 39, 40]","['Camargo', 'González', 'Matamoros', 'Méndez', 'Nuevo Laredo', 'Río Bravo', 'San Fernando', 'Valle Hermoso', 'Victoria']"
9,80,9.926933665658442,92.781591,10,"[4, 6, 7, 11, 21, 26, 32, 34, 38, 39]","['Burgos', 'Camargo', 'Casas', 'González', 'Matamoros', 'Nuevo Laredo', 'Río Bravo', 'San Fernando', 'Tula', 'Valle Hermoso']"
9,81,22.884285306543312,150.277393,5,"[6, 21, 32, 34, 42]","['Camargo', 'Matamoros', 'Río Bravo', 'San Fernando', 'Xicoténcatl']"
9,82,11.287128661380258,81.482774,10,"[1, 6, 7, 21, 26, 32, 34, 35, 38, 39]","['Aldama', 'Camargo', 'Casas', 'Matamoros', 'Nuevo Laredo', 'Río Bravo', 'San Fernando', 'San Nicolás', 'Tula', 'Valle Hermoso']"
9,83,27.12737979783935,81.482774,8,"[1, 7, 14, 21, 26, 34, 35, 38]","['Aldama', 'Casas', 'Gustavo Díaz Ordaz', 'Matamoros', 'Nuevo Laredo', 'San Fernando', 'San Nicolás', 'Tula']"
9,84,8.905325283932356,129.804564,8,"[7, 11, 21, 22, 24, 32, 34, 39]","['Casas', 'González', 'Matamoros', 'Méndez', 'Miguel Alemán', 'Río Bravo', 'San Fernando', 'Valle Hermoso']"
9,85,24.942558294845607,80.642886,9,"[2, 7, 11, 14, 21, 26, 34, 35, 38]","['Altamira', 'Casas', 'González', 'Gustavo Díaz Ordaz', 'Matamoros', 'Nuevo Laredo', 'San Fernando', 'San Nicolás', 'Tula']"
9,86,57.082257357436454,190.624696,3,"[7, 14, 39]","['Casas', 'Gustavo Díaz Ordaz', 'Valle Hermoso']"
9,87,12.352060678299836,93.902475,9,"[6, 11, 12, 21, 26, 32, 34, 39, 42]","['Camargo', 'González', 'Güémez', 'Matamoros', 'Nuevo Laredo', 'Río Bravo', 'San Fernando', 'Valle Hermoso', 'Xicoténcatl']"
9,88,41.130656912453624,141.396971,4,"[9, 23, 32, 42]","['Cruillas', 'Mier', 'Río Bravo', 'Xicoténcatl']"
9,89,25.767184802117534,92.781591,8,"[4, 7, 11, 14, 21, 26, 34, 38]","['Burgos', 'Casas', 'González', 'Gustavo Díaz Ordaz', 'Matamoros', 'Nuevo Laredo', 'San Fernando', 'Tula']"
9,90,16.21772247490576,93.902475,8,"[6, 11, 12, 21, 26, 32, 34, 42]","['Camargo', 'González', 'Güémez', 'Matamoros', 'Nuevo Laredo', 'Río Bravo', 'San Fernando', 'Xicoténcatl']"
9,91,40.92797389434545,99.762503,6,"[11, 14, 21, 26, 35, 40]","['González', 'Gustavo Díaz Ordaz', 'Matamoros', 'Nuevo Laredo', 'San Nicolás', 'Victoria']"
9,92,9.571516129358063,93.902475,10,"[6, 11, 12, 21, 26, 31, 32, 34, 39, 42]","['Camargo', 'González', 'Güémez', 'Matamoros', 'Nuevo Laredo', 'Reynosa', 'Río Bravo', 'San Fernando', 'Valle Hermoso', 'Xicoténcatl']"
9,93,29.04380812108907,103.28924,6,"[11, 14, 21, 26, 34, 40]","['González', 'Gustavo Díaz Ordaz', 'Matamoros', 'Nuevo Laredo', 'San Fernando', 'Victoria']"
10,1,12.045891782517742,129.804564,7,"[7, 11, 21, 24, 32, 34, 39]","['Casas', 'González', 'Matamoros', 'Miguel Alemán', 'Río Bravo', 'San Fernando', 'Valle Hermoso']"
10,2,20.487328985594157,218.757001,4,"[11, 21, 32, 34]","['González', 'Matamoros', 'Río Bravo', 'San Fernando']"
10,3,12.780371240715173,218.757001,6,"[7, 11, 21, 32, 34, 39]","['Casas', 'González', 'Matamoros', 'Río Bravo', 'San Fernando', 'Valle Hermoso']"
10,4,16.62166718898823,218.757001,5,"[11, 21, 32, 34, 39]","['González', 'Matamoros', 'Río Bravo', 'San Fernando', 'Valle Hermoso']"
10,5,32.56141237266288,218.757001,3,"[11, 32, 34]","['González', 'Río Bravo', 'San Fernando']"
10,6,9.639804742129789,218.757001,7,"[7, 11, 21, 22, 32, 34, 39]","['Casas', 'González', 'Matamoros', 'Méndez', 'Río Bravo', 'San Fernando', 'Valle Hermoso']"
10,7,6.0436551302018975,129.804564,9,"[7, 11, 21, 22, 24, 31, 32, 34, 39]","['Casas', 'González', 'Matamoros', 'Méndez', 'Miguel Alemán', 'Reynosa', 'Río Bravo', 'San Fernando', 'Valle Hermoso']"
10,8,7.101902079928514,125.23272,9,"[11, 12, 21, 22, 23, 31, 32, 34, 39]","['González', 'Güémez', 'Matamoros', 'Méndez', 'Mier', 'Reynosa', 'Río Bravo', 'San Fernando', 'Valle Hermoso']"
10,9,13.486776481323737,197.327862,6,"[11, 21, 31, 32, 34, 39]","['González', 'Matamoros', 'Reynosa', 'Río Bravo', 'San Fernando', 'Valle Hermoso']"
10,10,8.905325283932356,129.804564,8,"[7, 11, 21, 22, 24, 32, 34, 39]","['Casas', 'González', 'Matamoros', 'Méndez', 'Miguel Alemán', 'Río Bravo', 'San Fernando', 'Valle Hermoso']"
10,11,6.504914034465295,197.327862,8,"[7, 11, 21, 22, 31, 32, 34, 39]","['Casas', 'González', 'Matamoros', 'Méndez', 'Reynosa', 'Río Bravo', 'San Fernando', 'Valle Hermoso']"
10,12,9.64548053305068,197.327862,7,"[7, 11, 21, 31, 32, 34, 39]","['Casas', 'González', 'Matamoros', 'Reynosa', 'Río Bravo', 'San Fernando', 'Valle Hermoso']"
10,13,27.841712906143453,81.482774,8,"[1, 7, 19, 24, 26, 32, 34, 38]","['Aldama', 'Casas', 'Mainero', 'Miguel Alemán', 'Nuevo Laredo', 'Río Bravo', 'San Fernando', 'Tula']"
10,14,8.092264325954234,120.713771,9,"[11, 13, 18, 21, 22, 31, 32, 34, 39]","['González', 'Guerrero', 'Llera', 'Matamoros', 'Méndez', 'Reynosa', 'Río Bravo', 'San Fernando', 'Valle Hermoso']"
10,15,15.911553579123666,129.804564,6,"[7, 11, 21, 24, 32, 34]","['Casas', 'González', 'Matamoros', 'Miguel Alemán', 'Río Bravo', 'San Fernando']"
10,16,59.77113611663137,166.394431,3,"[11, 14, 34]","['González', 'Gustavo Díaz Ordaz', 'San Fernando']"
10,17,3.793611288180307,197.327862,10,"[1, 2, 7, 11, 21, 22, 31, 32, 34, 39]","['Aldama', 'Altamira', 'Casas', 'González', 'Matamoros', 'Méndez', 'Reynosa', 'Río Bravo', 'San Fernando', 'Valle Hermoso']"
10,18,41.42442518205788,129.804564,4,"[9, 20, 24, 32]","['Cruillas', 'El Mante', 'Miguel Alemán', 'Río Bravo']"
10,19,4.541930459080558,197.327862,9,"[2, 7, 11, 21, 22, 31, 32, 34, 39]","['Altamira', 'Casas', 'González', 'Matamoros', 'Méndez', 'Reynosa', 'Río Bravo', 'San Fernando', 'Valle Hermoso']"
10,20,12.310365025663918,106.008269,8,"[4, 11, 13, 18, 21, 32, 34, 39]","['Burgos', 'González', 'Guerrero', 'Llera', 'Matamoros', 'Río Bravo', 'San Fernando', 'Valle Hermoso']"
10,21,14.885834426240788,120.713771,7,"[11, 13, 18, 21, 22, 32, 34]","['González', 'Guerrero', 'Llera', 'Matamoros', 'Méndez', 'Río Bravo', 'San Fernando']"
10,22,16.17602682226984,106.008269,7,"[4, 11, 13, 18, 21, 32, 34]","['Burgos', 'González', 'Guerrero', 'Llera', 'Matamoros', 'Río Bravo', 'San Fernando']"
10,23,31.4838538804033,166.394431,4,"[11, 14, 21, 34]","['González', 'Gustavo Díaz Ordaz', 'Matamoros', 'San Fernando']"
10,24,27.985636966192395,129.804564,5,"[7, 11, 24, 32, 34]","['Casas', 'González', 'Miguel Alemán', 'Río Bravo', 'San Fernando']"
10,25,4.080671554817162,129.804564,10,"[2, 7, 11, 21, 22, 24, 31, 32, 34, 39]","['Altamira', 'Casas', 'González', 'Matamoros', 'Méndez', 'Miguel Alemán', 'Reynosa', 'Río Bravo', 'San Fernando', 'Valle Hermoso']"
10,26,17.352438277929657,197.327862,5,"[11, 21, 31, 32, 34]","['González', 'Matamoros', 'Reynosa', 'Río Bravo', 'San Fernando']"
10,27,39.789813631059396,197.327862,3,"[11, 31, 34]","['González', 'Reynosa', 'San Fernando']"
10,28,27.742051979345796,146.150389,5,"[6, 7, 11, 32, 34]","['Camargo', 'Casas', 'González', 'Río Bravo', 'San Fernando']"
10,29,25.90761709332417,74.208543,9,"[7, 11, 14, 19, 21, 26, 34, 37, 38]","['Casas', 'González', 'Gustavo Díaz Ordaz', 'Mainero', 'Matamoros', 'Nuevo Laredo', 'San Fernando', 'Tampico', 'Tula']"
10,30,11.020172629634862,120.713771,8,"[11, 13, 18, 21, 22, 32, 34, 39]","['González', 'Guerrero', 'Llera', 'Matamoros', 'Méndez', 'Río Bravo', 'San Fernando', 'Valle Hermoso']"
10,31,15.643602743944205,159.121441,6,"[6, 11, 21, 32, 34, 39]","['Camargo', 'González', 'Matamoros', 'Río Bravo', 'San Fernando', 'Valle Hermoso']"
10,32,21.42255192661401,197.327862,4,"[11, 21, 31, 34]","['González', 'Matamoros', 'Reynosa', 'San Fernando']"
10,33,15.66796859227707,146.150389,6,"[6, 7, 11, 21, 32, 34]","['Camargo', 'Casas', 'González', 'Matamoros', 'Río Bravo', 'San Fernando']"
10,34,35.94630534230762,111.114446,5,"[9, 11, 13, 18, 32]","['Cruillas', 'González', 'Guerrero', 'Llera', 'Río Bravo']"
10,35,70.87439659669022,159.121441,3,"[6, 11, 34]","['Camargo', 'González', 'San Fernando']"
10,36,19.509264540550127,159.121441,5,"[6, 11, 21, 32, 34]","['Camargo', 'González', 'Matamoros', 'Río Bravo', 'San Fernando']"
10,37,9.382456721983289,106.008269,9,"[4, 11, 13, 18, 21, 31, 32, 34, 39]","['Burgos', 'González', 'Guerrero', 'Llera', 'Matamoros', 'Reynosa', 'Río Bravo', 'San Fernando', 'Valle Hermoso']"
10,38,23.8722219552389,111.114446,6,"[9, 11, 13, 18, 21, 32]","['Cruillas', 'González', 'Guerrero', 'Llera', 'Matamoros', 'Río Bravo']"
10,39,31.583347927618853,159.121441,4,"[6, 11, 32, 34]","['Camargo', 'González', 'Río Bravo', 'San Fernando']"
10,40,8.66174029708576,146.150389,8,"[6, 7, 11, 21, 22, 32, 34, 39]","['Camargo', 'Casas', 'González', 'Matamoros', 'Méndez', 'Río Bravo', 'San Fernando', 'Valle Hermoso']"
10,41,11.802306795671146,146.150389,7,"[6, 7, 11, 21, 32, 34, 39]","['Camargo', 'Casas', 'González', 'Matamoros', 'Río Bravo', 'San Fernando', 'Valle Hermoso']"
10,42,28.098127496635513,106.008269,6,"[4, 11, 13, 18, 21, 32]","['Burgos', 'González', 'Guerrero', 'Llera', 'Matamoros', 'Río Bravo']"
10,43,5.998797199790613,120.713771,10,"[7, 11, 13, 18, 21, 22, 31, 32, 34, 39]","['Casas', 'González', 'Guerrero', 'Llera', 'Matamoros', 'Méndez', 'Reynosa', 'Río Bravo', 'San Fernando', 'Valle Hermoso']"
10,44,5.8811957481439885,146.150389,9,"[6, 7, 11, 21, 22, 31, 32, 34, 39]","['Camargo', 'Casas', 'González', 'Matamoros', 'Méndez', 'Reynosa', 'Río Bravo', 'San Fernando', 'Valle Hermoso']"
10,45,15.767629519074733,81.482774,9,"[1, 7, 19, 21, 24, 26, 32, 34, 38]","['Aldama', 'Casas', 'Mainero', 'Matamoros', 'Miguel Alemán', 'Nuevo Laredo', 'Río Bravo', 'San Fernando', 'Tula']"
10,46,6.159922654821361,128.460678,9,"[7, 11, 21, 22, 23, 31, 32, 34, 39]","['Casas', 'González', 'Matamoros', 'Méndez', 'Mier', 'Reynosa', 'Río Bravo', 'San Fernando', 'Valle Hermoso']"
10,47,12.228397457087373,128.460678,7,"[7, 11, 21, 23, 32, 34, 39]","['Casas', 'González', 'Matamoros', 'Mier', 'Río Bravo', 'San Fernando', 'Valle Hermoso']"
10,48,74.24941736268339,150.277393,3,"[6, 34, 42]","['Camargo', 'San Fernando', 'Xicoténcatl']"
10,49,9.087830958501987,128.460678,8,"[7, 11, 21, 22, 23, 32, 34, 39]","['Casas', 'González', 'Matamoros', 'Méndez', 'Mier', 'Río Bravo', 'San Fernando', 'Valle Hermoso']"
10,50,4.196939079436624,128.460678,10,"[2, 7, 11, 21, 22, 23, 31, 32, 34, 39]","['Altamira', 'Casas', 'González', 'Matamoros', 'Méndez', 'Mier', 'Reynosa', 'Río Bravo', 'San Fernando', 'Valle Hermoso']"
10,51,13.0821650572063,125.23272,7,"[11, 12, 21, 23, 32, 34, 39]","['González', 'Güémez', 'Matamoros', 'Mier', 'Río Bravo', 'San Fernando', 'Valle Hermoso']"
10,52,41.739863275901484,129.044191,4,"[9, 13, 20, 32]","['Cruillas', 'Guerrero', 'El Mante', 'Río Bravo']"
10,53,15.052488788242888,89.54682,9,"[6, 7, 11, 18, 19, 21, 26, 32, 34]","['Camargo', 'Casas', 'González', 'Llera', 'Mainero', 'Matamoros', 'Nuevo Laredo', 'Río Bravo', 'San Fernando']"
10,54,10.029810383609144,125.23272,8,"[11, 12, 21, 22, 23, 32, 34, 39]","['González', 'Güémez', 'Matamoros', 'Méndez', 'Mier', 'Río Bravo', 'San Fernando', 'Valle Hermoso']"
10,55,22.884285306543312,150.277393,5,"[6, 21, 32, 34, 42]","['Camargo', 'Matamoros', 'Río Bravo', 'San Fernando', 'Xicoténcatl']"
10,56,5.2718509238177536,125.23272,10,"[2, 11, 12, 13, 21, 22, 31, 32, 34, 39]","['Altamira', 'González', 'Güémez', 'Guerrero', 'Matamoros', 'Méndez', 'Reynosa', 'Río Bravo', 'San Fernando', 'Valle Hermoso']"
10,57,28.168142640762028,128.460678,5,"[7, 11, 23, 32, 34]","['Casas', 'González', 'Mier', 'Río Bravo', 'San Fernando']"
10,58,27.12657217531161,89.54682,8,"[6, 7, 11, 18, 19, 26, 32, 34]","['Camargo', 'Casas', 'González', 'Llera', 'Mainero', 'Nuevo Laredo', 'Río Bravo', 'San Fernando']"
10,59,84.47657755858837,146.150389,3,"[6, 9, 42]","['Camargo', 'Cruillas', 'Xicoténcatl']"
10,60,16.0940592536933,128.460678,6,"[7, 11, 21, 23, 32, 34]","['Casas', 'González', 'Matamoros', 'Mier', 'Río Bravo', 'San Fernando']"
10,61,16.947826853812227,125.23272,6,"[11, 12, 21, 23, 32, 34]","['González', 'Güémez', 'Matamoros', 'Mier', 'Río Bravo', 'San Fernando']"
10,62,5.865864780516636,122.698237,10,"[7, 11, 18, 21, 22, 23, 31, 32, 34, 39]","['Casas', 'González', 'Llera', 'Matamoros', 'Méndez', 'Mier', 'Reynosa', 'Río Bravo', 'San Fernando', 'Valle Hermoso']"
10,63,11.901967722468811,81.482774,10,"[1, 7, 19, 21, 24, 26, 32, 34, 38, 39]","['Aldama', 'Casas', 'Mainero', 'Matamoros', 'Miguel Alemán', 'Nuevo Laredo', 'Río Bravo', 'San Fernando', 'Tula', 'Valle Hermoso']"
10,64,39.613187803014036,105.720934,6,"[4, 6, 11, 18, 26, 32]","['Burgos', 'Camargo', 'González', 'Llera', 'Nuevo Laredo', 'Río Bravo']"
10,65,7.959331906680258,122.698237,9,"[11, 18, 21, 22, 23, 31, 32, 34, 39]","['González', 'Llera', 'Matamoros', 'Méndez', 'Mier', 'Reynosa', 'Río Bravo', 'San Fernando', 'Valle Hermoso']"
10,66,34.95836869361204,150.277393,4,"[6, 32, 34, 42]","['Camargo', 'Río Bravo', 'San Fernando', 'Xicoténcatl']"
10,67,11.751341944973717,101.132136,9,"[4, 6, 11, 18, 21, 26, 32, 34, 39]","['Burgos', 'Camargo', 'González', 'Llera', 'Matamoros', 'Nuevo Laredo', 'Río Bravo', 'San Fernando', 'Valle Hermoso']"
10,68,40.70456625103741,146.150389,4,"[6, 9, 32, 42]","['Camargo', 'Cruillas', 'Río Bravo', 'Xicoténcatl']"
10,69,52.68986802709992,100.360123,6,"[6, 11, 18, 26, 29, 39]","['Camargo', 'González', 'Llera', 'Nuevo Laredo', 'Padilla', 'Valle Hermoso']"
10,70,8.97079739603194,101.132136,10,"[4, 6, 11, 18, 21, 26, 31, 32, 34, 39]","['Burgos', 'Camargo', 'González', 'Llera', 'Matamoros', 'Nuevo Laredo', 'Reynosa', 'Río Bravo', 'San Fernando', 'Valle Hermoso']"
10,71,41.26358933172761,141.396971,4,"[9, 13, 32, 42]","['Cruillas', 'Guerrero', 'Río Bravo', 'Xicoténcatl']"
10,72,15.617003741579643,101.132136,8,"[4, 6, 11, 18, 21, 26, 32, 34]","['Burgos', 'Camargo', 'González', 'Llera', 'Matamoros', 'Nuevo Laredo', 'Río Bravo', 'San Fernando']"
10,73,9.128821975351014,91.820321,10,"[6, 11, 18, 21, 22, 26, 29, 32, 34, 39]","['Camargo', 'González', 'Llera', 'Matamoros', 'Méndez', 'Nuevo Laredo', 'Padilla', 'Río Bravo', 'San Fernando', 'Valle Hermoso']"
10,74,12.144879659326712,91.820321,9,"[6, 11, 18, 21, 26, 29, 32, 34, 39]","['Camargo', 'González', 'Llera', 'Matamoros', 'Nuevo Laredo', 'Padilla', 'Río Bravo', 'San Fernando', 'Valle Hermoso']"
10,75,6.759936752360588,106.008269,10,"[11, 13, 18, 21, 22, 29, 31, 32, 34, 39]","['González', 'Guerrero', 'Llera', 'Matamoros', 'Méndez', 'Padilla', 'Reynosa', 'Río Bravo', 'San Fernando', 'Valle Hermoso']"
10,76,28.084624843001357,91.820321,7,"[6, 11, 18, 26, 29, 32, 34]","['Camargo', 'González', 'Llera', 'Nuevo Laredo', 'Padilla', 'Río Bravo', 'San Fernando']"
10,77,29.02191024088095,125.23272,5,"[11, 12, 23, 32, 34]","['González', 'Güémez', 'Mier', 'Río Bravo', 'San Fernando']"
10,78,3.9182121727592514,146.150389,10,"[2, 6, 7, 11, 21, 22, 31, 32, 34, 39]","['Altamira', 'Camargo', 'Casas', 'González', 'Matamoros', 'Méndez', 'Reynosa', 'Río Bravo', 'San Fernando', 'Valle Hermoso']"
10,79,54.28411638334645,125.23272,4,"[11, 12, 23, 39]","['González', 'Güémez', 'Mier', 'Valle Hermoso']"
10,80,27.53910441594531,105.720934,7,"[4, 6, 11, 18, 21, 26, 32]","['Burgos', 'Camargo', 'González', 'Llera', 'Matamoros', 'Nuevo Laredo', 'Río Bravo']"
10,81,16.010541455932636,91.820321,8,"[6, 11, 18, 21, 26, 29, 32, 34]","['Camargo', 'González', 'Llera', 'Matamoros', 'Nuevo Laredo', 'Padilla', 'Río Bravo', 'San Fernando']"
10,82,40.17221088370424,106.008269,5,"[4, 11, 13, 18, 32]","['Burgos', 'González', 'Guerrero', 'Llera', 'Río Bravo']"
10,83,27.59159308143281,101.132136,7,"[4, 11, 14, 18, 21, 26, 34]","['Burgos', 'González', 'Gustavo Díaz Ordaz', 'Llera', 'Matamoros', 'Nuevo Laredo', 'San Fernando']"
10,84,11.25757895088837,89.54682,10,"[7, 11, 14, 18, 19, 21, 26, 32, 34, 39]","['Casas', 'González', 'Gustavo Díaz Ordaz', 'Llera', 'Mainero', 'Matamoros', 'Nuevo Laredo', 'Río Bravo', 'San Fernando', 'Valle Hermoso']"
10,85,39.0566695455286,69.788658,9,"[2, 3, 7, 9, 19, 24, 26, 38, 39]","['Altamira', 'Antiguo Morelos', 'Casas', 'Cruillas', 'Mainero', 'Miguel Alemán', 'Nuevo Laredo', 'Tula', 'Valle Hermoso']"
10,86,10.887240210360888,122.698237,8,"[11, 18, 21, 22, 23, 32, 34, 39]","['González', 'Llera', 'Matamoros', 'Méndez', 'Mier', 'Río Bravo', 'San Fernando', 'Valle Hermoso']"
10,87,23.739289535964918,122.698237,6,"[9, 11, 18, 21, 23, 32]","['Cruillas', 'González', 'Llera', 'Matamoros', 'Mier', 'Río Bravo']"
10,88,36.473991211689786,65.8508,10,"[2, 3, 7, 9, 11, 19, 24, 26, 38, 39]","['Altamira', 'Antiguo Morelos', 'Casas', 'Cruillas', 'González', 'Mainero', 'Miguel Alemán', 'Nuevo Laredo', 'Tula', 'Valle Hermoso']"
10,89,23.392865705403146,69.788658,10,"[2, 3, 7, 9, 19, 21, 24, 26, 31, 38]","['Altamira', 'Antiguo Morelos', 'Casas', 'Cruillas', 'Mainero', 'Matamoros', 'Miguel Alemán', 'Nuevo Laredo', 'Reynosa', 'Tula']"
10,90,25.890428359208887,69.722158,10,"[3, 6, 7, 11, 19, 26, 32, 34, 37, 38]","['Antiguo Morelos', 'Camargo', 'Casas', 'González', 'Mainero', 'Nuevo Laredo', 'Río Bravo', 'San Fernando', 'Tampico', 'Tula']"
10,91,13.933027753471002,74.208543,10,"[6, 7, 11, 19, 21, 26, 32, 34, 37, 38]","['Camargo', 'Casas', 'González', 'Mainero', 'Matamoros', 'Nuevo Laredo', 'Río Bravo', 'San Fernando', 'Tampico', 'Tula']"
10,92,53.56391419730214,128.460678,4,"[7, 11, 23, 39]","['Casas', 'González', 'Mier', 'Valle Hermoso']"
11,1,84.47657755858837,146.150389,3,"[6, 9, 42]","['Camargo', 'Cruillas', 'Xicoténcatl']"
11,2,34.95836869361204,150.277393,4,"[6, 32, 34, 42]","['Camargo', 'Río Bravo', 'San Fernando', 'Xicoténcatl']"
11,3,20.487328985594157,218.757001,4,"[11, 21, 32, 34]","['González', 'Matamoros', 'Río Bravo', 'San Fernando']"
11,4,22.884285306543312,150.277393,5,"[6, 21, 32, 34, 42]","['Camargo', 'Matamoros', 'Río Bravo', 'San Fernando', 'Xicoténcatl']"
11,5,15.66796859227707,146.150389,6,"[6, 7, 11, 21, 32, 34]","['Camargo', 'Casas', 'González', 'Matamoros', 'Río Bravo', 'San Fernando']"
11,6,32.56141237266288,218.757001,3,"[11, 32, 34]","['González', 'Río Bravo', 'San Fernando']"
11,7,28.72754902777137,97.088288,7,"[6, 11, 18, 26, 32, 34, 35]","['Camargo', 'González', 'Llera', 'Nuevo Laredo', 'Río Bravo', 'San Fernando', 'San Nicolás']"
11,8,40.70456625103741,146.150389,4,"[6, 9, 32, 42]","['Camargo', 'Cruillas', 'Río Bravo', 'Xicoténcatl']"
11,9,21.42255192661401,197.327862,4,"[11, 21, 31, 34]","['González', 'Matamoros', 'Reynosa', 'San Fernando']"
11,10,74.24941736268339,150.277393,3,"[6, 34, 42]","['Camargo', 'San Fernando', 'Xicoténcatl']"
11,11,12.780371240715173,218.757001,6,"[7, 11, 21, 32, 34, 39]","['Casas', 'González', 'Matamoros', 'Río Bravo', 'San Fernando', 'Valle Hermoso']"
11,12,9.639804742129789,218.757001,7,"[7, 11, 21, 22, 32, 34, 39]","['Casas', 'González', 'Matamoros', 'Méndez', 'Río Bravo', 'San Fernando', 'Valle Hermoso']"
11,13,17.352438277929657,197.327862,5,"[11, 21, 31, 32, 34]","['González', 'Matamoros', 'Reynosa', 'Río Bravo', 'San Fernando']"
11,14,31.583347927618853,159.121441,4,"[6, 11, 32, 34]","['Camargo', 'González', 'Río Bravo', 'San Fernando']"
11,15,16.62166718898823,218.757001,5,"[11, 21, 32, 34, 39]","['González', 'Matamoros', 'Río Bravo', 'San Fernando', 'Valle Hermoso']"
11,16,19.509264540550127,159.121441,5,"[6, 11, 21, 32, 34]","['Camargo', 'González', 'Matamoros', 'Río Bravo', 'San Fernando']"
11,17,10.623338635054765,106.008269,8,"[11, 13, 21, 22, 32, 34, 39, 40]","['González', 'Guerrero', 'Matamoros', 'Méndez', 'Río Bravo', 'San Fernando', 'Valle Hermoso', 'Victoria']"
11,18,9.64548053305068,197.327862,7,"[7, 11, 21, 31, 32, 34, 39]","['Casas', 'González', 'Matamoros', 'Reynosa', 'Río Bravo', 'San Fernando', 'Valle Hermoso']"
11,19,13.486776481323737,197.327862,6,"[11, 21, 31, 32, 34, 39]","['González', 'Matamoros', 'Reynosa', 'Río Bravo', 'San Fernando', 'Valle Hermoso']"
11,20,15.643602743944205,159.121441,6,"[6, 11, 21, 32, 34, 39]","['Camargo', 'González', 'Matamoros', 'Río Bravo', 'San Fernando', 'Valle Hermoso']"
11,21,27.742051979345796,146.150389,5,"[6, 7, 11, 32, 34]","['Camargo', 'Casas', 'González', 'Río Bravo', 'San Fernando']"
11,22,39.789813631059396,197.327862,3,"[11, 31, 34]","['González', 'Reynosa', 'San Fernando']"
11,23,15.16917265893834,69.722158,10,"[2, 6, 7, 21, 26, 32, 34, 38, 41, 42]","['Altamira', 'Camargo', 'Casas', 'Matamoros', 'Nuevo Laredo', 'Río Bravo', 'San Fernando', 'Tula', 'Villagrán', 'Xicoténcatl']"
11,24,13.762580065320183,106.008269,7,"[11, 13, 21, 32, 34, 39, 40]","['González', 'Guerrero', 'Matamoros', 'Río Bravo', 'San Fernando', 'Valle Hermoso', 'Victoria']"
11,25,41.26358933172761,141.396971,4,"[9, 13, 32, 42]","['Cruillas', 'Guerrero', 'Río Bravo', 'Xicoténcatl']"
11,26,7.695430331374136,106.008269,9,"[11, 13, 21, 22, 31, 32, 34, 39, 40]","['González', 'Guerrero', 'Matamoros', 'Méndez', 'Reynosa', 'Río Bravo', 'San Fernando', 'Valle Hermoso', 'Victoria']"
11,27,70.87439659669022,159.121441,3,"[6, 11, 34]","['Camargo', 'González', 'San Fernando']"
11,28,27.985636966192395,129.804564,5,"[7, 11, 24, 32, 34]","['Casas', 'González', 'Miguel Alemán', 'Río Bravo', 'San Fernando']"
11,29,10.815572917395006,89.54682,10,"[6, 7, 11, 18, 21, 26, 32, 34, 35, 39]","['Camargo', 'Casas', 'González', 'Llera', 'Matamoros', 'Nuevo Laredo', 'Río Bravo', 'San Fernando', 'San Nicolás', 'Valle Hermoso']"
11,30,16.653465640702645,97.088288,8,"[6, 11, 18, 21, 26, 32, 34, 35]","['Camargo', 'González', 'Llera', 'Matamoros', 'Nuevo Laredo', 'Río Bravo', 'San Fernando', 'San Nicolás']"
11,31,6.504914034465295,197.327862,8,"[7, 11, 21, 22, 31, 32, 34, 39]","['Casas', 'González', 'Matamoros', 'Méndez', 'Reynosa', 'Río Bravo', 'San Fernando', 'Valle Hermoso']"
11,32,12.787803844096725,97.088288,9,"[6, 11, 18, 21, 26, 32, 34, 35, 39]","['Camargo', 'González', 'Llera', 'Matamoros', 'Nuevo Laredo', 'Río Bravo', 'San Fernando', 'San Nicolás', 'Valle Hermoso']"
11,33,14.68123471400093,89.54682,9,"[6, 7, 11, 18, 21, 26, 32, 34, 35]","['Camargo', 'Casas', 'González', 'Llera', 'Matamoros', 'Nuevo Laredo', 'Río Bravo', 'San Fernando', 'San Nicolás']"
11,34,27.243256046007062,69.722158,9,"[2, 6, 7, 26, 32, 34, 38, 41, 42]","['Altamira', 'Camargo', 'Casas', 'Nuevo Laredo', 'Río Bravo', 'San Fernando', 'Tula', 'Villagrán', 'Xicoténcatl']"
11,35,29.14330216830463,103.28924,6,"[6, 11, 26, 32, 34, 40]","['Camargo', 'González', 'Nuevo Laredo', 'Río Bravo', 'San Fernando', 'Victoria']"
11,36,17.069218781235904,103.28924,7,"[6, 11, 21, 26, 32, 34, 40]","['Camargo', 'González', 'Matamoros', 'Nuevo Laredo', 'Río Bravo', 'San Fernando', 'Victoria']"
11,37,4.196939079436624,128.460678,10,"[2, 7, 11, 21, 22, 23, 31, 32, 34, 39]","['Altamira', 'Casas', 'González', 'Matamoros', 'Méndez', 'Mier', 'Reynosa', 'Río Bravo', 'San Fernando', 'Valle Hermoso']"
11,38,3.9182121727592514,146.150389,10,"[2, 6, 7, 11, 21, 22, 31, 32, 34, 39]","['Altamira', 'Camargo', 'Casas', 'González', 'Matamoros', 'Méndez', 'Reynosa', 'Río Bravo', 'San Fernando', 'Valle Hermoso']"
11,39,28.168142640762028,128.460678,5,"[7, 11, 23, 32, 34]","['Casas', 'González', 'Mier', 'Río Bravo', 'San Fernando']"
11,40,59.77113611663137,166.394431,3,"[11, 14, 34]","['González', 'Gustavo Díaz Ordaz', 'San Fernando']"
11,41,11.802306795671146,146.150389,7,"[6, 7, 11, 21, 32, 34, 39]","['Camargo', 'Casas', 'González', 'Matamoros', 'Río Bravo', 'San Fernando', 'Valle Hermoso']"
11,42,41.31287465770246,97.088288,6,"[6, 11, 18, 26, 32, 35]","['Camargo', 'González', 'Llera', 'Nuevo Laredo', 'Río Bravo', 'San Nicolás']"
11,43,31.4838538804033,166.394431,4,"[11, 14, 21, 34]","['González', 'Gustavo Díaz Ordaz', 'Matamoros', 'San Fernando']"
11,44,17.628241861926107,106.008269,6,"[11, 13, 21, 32, 34, 40]","['González', 'Guerrero', 'Matamoros', 'Río Bravo', 'San Fernando', 'Victoria']"
11,45,41.42442518205788,129.804564,4,"[9, 20, 24, 32]","['Cruillas', 'El Mante', 'Miguel Alemán', 'Río Bravo']"
11,46,29.569392829720854,122.698237,5,"[11, 23, 32, 34, 40]","['González', 'Mier', 'Río Bravo', 'San Fernando', 'Victoria']"
11,47,5.8811957481439885,146.150389,9,"[6, 7, 11, 21, 22, 31, 32, 34, 39]","['Camargo', 'Casas', 'González', 'Matamoros', 'Méndez', 'Reynosa', 'Río Bravo', 'San Fernando', 'Valle Hermoso']"
11,48,4.541930459080558,197.327862,9,"[2, 7, 11, 21, 22, 31, 32, 34, 39]","['Altamira', 'Casas', 'González', 'Matamoros', 'Méndez', 'Reynosa', 'Río Bravo', 'San Fernando', 'Valle Hermoso']"
11,49,16.0940592536933,128.460678,6,"[7, 11, 21, 23, 32, 34]","['Casas', 'González', 'Matamoros', 'Mier', 'Río Bravo', 'San Fernando']"
11,50,26.75531810106965,89.54682,8,"[6, 7, 11, 18, 26, 32, 34, 35]","['Camargo', 'Casas', 'González', 'Llera', 'Nuevo Laredo', 'Río Bravo', 'San Fernando', 'San Nicolás']"
11,51,25.28944963376459,74.208543,9,"[2, 6, 7, 11, 26, 32, 34, 38, 41]","['Altamira', 'Camargo', 'Casas', 'González', 'Nuevo Laredo', 'Río Bravo', 'San Fernando', 'Tula', 'Villagrán']"
11,52,9.087830958501987,128.460678,8,"[7, 11, 21, 22, 23, 32, 34, 39]","['Casas', 'González', 'Matamoros', 'Méndez', 'Mier', 'Río Bravo', 'San Fernando', 'Valle Hermoso']"
11,53,13.215366246695869,74.208543,10,"[2, 6, 7, 11, 21, 26, 32, 34, 38, 41]","['Altamira', 'Camargo', 'Casas', 'González', 'Matamoros', 'Nuevo Laredo', 'Río Bravo', 'San Fernando', 'Tula', 'Villagrán']"
11,54,29.702325248994832,106.008269,5,"[11, 13, 32, 34, 40]","['González', 'Guerrero', 'Río Bravo', 'San Fernando', 'Victoria']"
11,55,10.490406215780789,122.698237,8,"[11, 21, 22, 23, 32, 34, 39, 40]","['González', 'Matamoros', 'Méndez', 'Mier', 'Río Bravo', 'San Fernando', 'Valle Hermoso', 'Victoria']"
11,56,12.228397457087373,128.460678,7,"[7, 11, 21, 23, 32, 34, 39]","['Casas', 'González', 'Matamoros', 'Mier', 'Río Bravo', 'San Fernando', 'Valle Hermoso']"
11,57,17.49530944265213,122.698237,6,"[11, 21, 23, 32, 34, 40]","['González', 'Matamoros', 'Mier', 'Río Bravo', 'San Fernando', 'Victoria']"
11,58,15.260465403002506,99.762503,8,"[4, 6, 11, 21, 26, 32, 34, 40]","['Burgos', 'Camargo', 'González', 'Matamoros', 'Nuevo Laredo', 'Río Bravo', 'San Fernando', 'Victoria']"
11,59,33.47166819979354,64.305504,9,"[2, 6, 7, 9, 26, 32, 38, 41, 42]","['Altamira', 'Camargo', 'Casas', 'Cruillas', 'Nuevo Laredo', 'Río Bravo', 'Tula', 'Villagrán', 'Xicoténcatl']"
11,60,6.159922654821361,128.460678,9,"[7, 11, 21, 22, 23, 31, 32, 34, 39]","['Casas', 'González', 'Matamoros', 'Méndez', 'Mier', 'Reynosa', 'Río Bravo', 'San Fernando', 'Valle Hermoso']"
11,61,13.542877645888119,92.781591,9,"[4, 6, 7, 11, 18, 21, 26, 32, 34]","['Burgos', 'Camargo', 'Casas', 'González', 'Llera', 'Matamoros', 'Nuevo Laredo', 'Río Bravo', 'San Fernando']"
11,62,8.66174029708576,146.150389,8,"[6, 7, 11, 21, 22, 32, 34, 39]","['Camargo', 'Casas', 'González', 'Matamoros', 'Méndez', 'Río Bravo', 'San Fernando', 'Valle Hermoso']"
11,63,28.857531771971505,95.229076,7,"[1, 6, 18, 26, 32, 34, 35]","['Aldama', 'Camargo', 'Llera', 'Nuevo Laredo', 'Río Bravo', 'San Fernando', 'San Nicolás']"
11,64,5.5995143367154245,122.698237,10,"[2, 11, 21, 22, 23, 31, 32, 34, 39, 40]","['Altamira', 'González', 'Matamoros', 'Méndez', 'Mier', 'Reynosa', 'Río Bravo', 'San Fernando', 'Valle Hermoso', 'Victoria']"
11,65,21.39758481272482,64.305504,10,"[2, 6, 7, 9, 21, 26, 32, 38, 41, 42]","['Altamira', 'Camargo', 'Casas', 'Cruillas', 'Matamoros', 'Nuevo Laredo', 'Río Bravo', 'Tula', 'Villagrán', 'Xicoténcatl']"
11,66,15.911553579123666,129.804564,6,"[7, 11, 21, 24, 32, 34]","['Casas', 'González', 'Matamoros', 'Miguel Alemán', 'Río Bravo', 'San Fernando']"
11,67,8.905325283932356,129.804564,8,"[7, 11, 21, 22, 24, 32, 34, 39]","['Casas', 'González', 'Matamoros', 'Méndez', 'Miguel Alemán', 'Río Bravo', 'San Fernando', 'Valle Hermoso']"
11,68,12.045891782517742,129.804564,7,"[7, 11, 21, 24, 32, 34, 39]","['Casas', 'González', 'Matamoros', 'Miguel Alemán', 'Río Bravo', 'San Fernando', 'Valle Hermoso']"
11,69,6.0436551302018975,129.804564,9,"[7, 11, 21, 22, 24, 31, 32, 34, 39]","['Casas', 'González', 'Matamoros', 'Méndez', 'Miguel Alemán', 'Reynosa', 'Río Bravo', 'San Fernando', 'Valle Hermoso']"
11,70,41.4428574019026,95.229076,6,"[1, 6, 18, 26, 32, 35]","['Aldama', 'Camargo', 'Llera', 'Nuevo Laredo', 'Río Bravo', 'San Nicolás']"
11,71,7.562497912100159,122.698237,9,"[11, 21, 22, 23, 31, 32, 34, 39, 40]","['González', 'Matamoros', 'Méndez', 'Mier', 'Reynosa', 'Río Bravo', 'San Fernando', 'Valle Hermoso', 'Victoria']"
11,72,4.080671554817162,129.804564,10,"[2, 7, 11, 21, 22, 24, 31, 32, 34, 39]","['Altamira', 'Casas', 'González', 'Matamoros', 'Méndez', 'Miguel Alemán', 'Reynosa', 'Río Bravo', 'San Fernando', 'Valle Hermoso']"
11,73,37.62737797199225,80.642886,8,"[2, 6, 7, 11, 26, 32, 35, 38]","['Altamira', 'Camargo', 'Casas', 'González', 'Nuevo Laredo', 'Río Bravo', 'San Nicolás', 'Tula']"
11,74,39.81219947498599,81.482774,7,"[1, 6, 7, 26, 32, 35, 38]","['Aldama', 'Camargo', 'Casas', 'Nuevo Laredo', 'Río Bravo', 'San Nicolás', 'Tula']"
11,75,27.2268738450549,81.482774,8,"[1, 6, 7, 26, 32, 34, 35, 38]","['Aldama', 'Camargo', 'Casas', 'Nuevo Laredo', 'Río Bravo', 'San Fernando', 'San Nicolás', 'Tula']"
11,76,12.96796895499244,80.642886,10,"[2, 6, 7, 11, 21, 26, 32, 34, 35, 38]","['Altamira', 'Camargo', 'Casas', 'González', 'Matamoros', 'Nuevo Laredo', 'Río Bravo', 'San Fernando', 'San Nicolás', 'Tula']"
11,77,13.629647646046207,122.698237,7,"[11, 21, 23, 32, 34, 39, 40]","['González', 'Matamoros', 'Mier', 'Río Bravo', 'San Fernando', 'Valle Hermoso', 'Victoria']"
11,78,13.20355698462998,103.28924,8,"[6, 11, 21, 26, 32, 34, 39, 40]","['Camargo', 'González', 'Matamoros', 'Nuevo Laredo', 'Río Bravo', 'San Fernando', 'Valle Hermoso', 'Victoria']"
11,79,41.739863275901484,129.044191,4,"[9, 13, 20, 32]","['Cruillas', 'Guerrero', 'El Mante', 'Río Bravo']"
11,80,7.283771005422787,103.28924,10,"[6, 11, 21, 22, 26, 31, 32, 34, 39, 40]","['Camargo', 'González', 'Matamoros', 'Méndez', 'Nuevo Laredo', 'Reynosa', 'Río Bravo', 'San Fernando', 'Valle Hermoso', 'Victoria']"
11,81,11.394803606396582,99.762503,9,"[4, 6, 11, 21, 26, 32, 34, 39, 40]","['Burgos', 'Camargo', 'González', 'Matamoros', 'Nuevo Laredo', 'Río Bravo', 'San Fernando', 'Valle Hermoso', 'Victoria']"
11,82,9.677215849282195,92.781591,10,"[4, 6, 7, 11, 18, 21, 26, 32, 34, 39]","['Burgos', 'Camargo', 'Casas', 'González', 'Llera', 'Matamoros', 'Nuevo Laredo', 'Río Bravo', 'San Fernando', 'Valle Hermoso']"
11,83,39.11788037025877,99.762503,6,"[4, 6, 11, 26, 32, 40]","['Burgos', 'Camargo', 'González', 'Nuevo Laredo', 'Río Bravo', 'Victoria']"
11,84,11.777478537318348,81.482774,10,"[2, 6, 7, 21, 26, 32, 34, 35, 38, 39]","['Altamira', 'Camargo', 'Casas', 'Matamoros', 'Nuevo Laredo', 'Río Bravo', 'San Fernando', 'San Nicolás', 'Tula', 'Valle Hermoso']"
11,85,5.7324467559894,106.008269,10,"[2, 11, 13, 21, 22, 31, 32, 34, 39, 40]","['Altamira', 'González', 'Guerrero', 'Matamoros', 'Méndez', 'Reynosa', 'Río Bravo', 'San Fernando', 'Valle Hermoso', 'Victoria']"
11,86,39.340643731000746,89.54682,7,"[6, 7, 11, 18, 26, 32, 35]","['Camargo', 'Casas', 'González', 'Llera', 'Nuevo Laredo', 'Río Bravo', 'San Nicolás']"
11,87,12.91778658829686,95.229076,9,"[1, 6, 18, 21, 26, 32, 34, 35, 39]","['Aldama', 'Camargo', 'Llera', 'Matamoros', 'Nuevo Laredo', 'Río Bravo', 'San Fernando', 'San Nicolás', 'Valle Hermoso']"
11,88,16.78344838490278,95.229076,8,"[1, 6, 18, 21, 26, 32, 34, 35]","['Aldama', 'Camargo', 'Llera', 'Matamoros', 'Nuevo Laredo', 'Río Bravo', 'San Fernando', 'San Nicolás']"
11,89,25.31152961979863,92.781591,8,"[4, 6, 7, 11, 18, 21, 26, 32]","['Burgos', 'Camargo', 'Casas', 'González', 'Llera', 'Matamoros', 'Nuevo Laredo', 'Río Bravo']"
11,90,10.064315554364562,103.28924,9,"[6, 11, 21, 22, 26, 32, 34, 39, 40]","['Camargo', 'González', 'Matamoros', 'Méndez', 'Nuevo Laredo', 'Río Bravo', 'San Fernando', 'Valle Hermoso', 'Victoria']"
11,91,27.043796983190045,99.762503,7,"[4, 6, 11, 21, 26, 32, 40]","['Burgos', 'Camargo', 'González', 'Matamoros', 'Nuevo Laredo', 'Río Bravo', 'Victoria']"
11,92,93.00190496237765,141.396971,3,"[13, 22, 42]","['Guerrero', 'Méndez', 'Xicoténcatl']"
11,93,8.614259057454806,99.762503,10,"[4, 6, 11, 21, 26, 31, 32, 34, 39, 40]","['Burgos', 'Camargo', 'González', 'Matamoros', 'Nuevo Laredo', 'Reynosa', 'Río Bravo', 'San Fernando', 'Valle Hermoso', 'Victoria']"
11,94,25.04205234206116,80.642886,9,"[2, 6, 7, 11, 26, 32, 34, 35, 38]","['Altamira', 'Camargo', 'Casas', 'González', 'Nuevo Laredo', 'Río Bravo', 'San Fernando', 'San Nicolás', 'Tula']"
11,95,37.38561300686736,92.781591,7,"[4, 6, 7, 11, 18, 26, 32]","['Burgos', 'Camargo', 'Casas', 'González', 'Llera', 'Nuevo Laredo', 'Río Bravo']"
11,96,15.15279045798618,81.482774,9,"[1, 6, 7, 21, 26, 32, 34, 35, 38]","['Aldama', 'Camargo', 'Casas', 'Matamoros', 'Nuevo Laredo', 'Río Bravo', 'San Fernando', 'San Nicolás', 'Tula']"
11,97,93.85652963991171,138.045942,3,"[13, 20, 22]","['Guerrero', 'El Mante', 'Méndez']"
12,1,21.42255192661401,197.327862,4,"[11, 21, 31, 34]","['González', 'Matamoros', 'Reynosa', 'San Fernando']"
12,2,32.56141237266288,218.757001,3,"[11, 32, 34]","['González', 'Río Bravo', 'San Fernando']"
12,3,39.789813631059396,197.327862,3,"[11, 31, 34]","['González', 'Reynosa', 'San Fernando']"
12,4,29.702325248994832,106.008269,5,"[11, 13, 32, 34, 40]","['González', 'Guerrero', 'Río Bravo', 'San Fernando', 'Victoria']"
12,5,16.62166718898823,218.757001,5,"[11, 21, 32, 34, 39]","['González', 'Matamoros', 'Río Bravo', 'San Fernando', 'Valle Hermoso']"
12,6,9.64548053305068,197.327862,7,"[7, 11, 21, 31, 32, 34, 39]","['Casas', 'González', 'Matamoros', 'Reynosa', 'Río Bravo', 'San Fernando', 'Valle Hermoso']"
12,7,20.487328985594157,218.757001,4,"[11, 21, 32, 34]","['González', 'Matamoros', 'Río Bravo', 'San Fernando']"
12,8,17.628241861926107,106.008269,6,"[11, 13, 21, 32, 34, 40]","['González', 'Guerrero', 'Matamoros', 'Río Bravo', 'San Fernando', 'Victoria']"
12,9,6.504914034465295,197.327862,8,"[7, 11, 21, 22, 31, 32, 34, 39]","['Casas', 'González', 'Matamoros', 'Méndez', 'Reynosa', 'Río Bravo', 'San Fernando', 'Valle Hermoso']"
12,10,59.77113611663137,166.394431,3,"[11, 14, 34]","['González', 'Gustavo Díaz Ordaz', 'San Fernando']"
12,11,3.793611288180307,197.327862,10,"[1, 2, 7, 11, 21, 22, 31, 32, 34, 39]","['Aldama', 'Altamira', 'Casas', 'González', 'Matamoros', 'Méndez', 'Reynosa', 'Río Bravo', 'San Fernando', 'Valle Hermoso']"
12,12,70.87439659669022,159.121441,3,"[6, 11, 34]","['Camargo', 'González', 'San Fernando']"
12,13,31.4838538804033,166.394431,4,"[11, 14, 21, 34]","['González', 'Gustavo Díaz Ordaz', 'Matamoros', 'San Fernando']"
12,14,17.49530944265213,122.698237,6,"[11, 21, 23, 32, 34, 40]","['González', 'Matamoros', 'Mier', 'Río Bravo', 'San Fernando', 'Victoria']"
12,15,17.352438277929657,197.327862,5,"[11, 21, 31, 32, 34]","['González', 'Matamoros', 'Reynosa', 'Río Bravo', 'San Fernando']"
12,16,28.168142640762028,128.460678,5,"[7, 11, 23, 32, 34]","['Casas', 'González', 'Mier', 'Río Bravo', 'San Fernando']"
12,17,4.541930459080558,197.327862,9,"[2, 7, 11, 21, 22, 31, 32, 34, 39]","['Altamira', 'Casas', 'González', 'Matamoros', 'Méndez', 'Reynosa', 'Río Bravo', 'San Fernando', 'Valle Hermoso']"
12,18,12.780371240715173,218.757001,6,"[7, 11, 21, 32, 34, 39]","['Casas', 'González', 'Matamoros', 'Río Bravo', 'San Fernando', 'Valle Hermoso']"
12,19,9.639804742129789,218.757001,7,"[7, 11, 21, 22, 32, 34, 39]","['Casas', 'González', 'Matamoros', 'Méndez', 'Río Bravo', 'San Fernando', 'Valle Hermoso']"
12,20,17.069218781235904,103.28924,7,"[6, 11, 21, 26, 32, 34, 40]","['Camargo', 'González', 'Matamoros', 'Nuevo Laredo', 'Río Bravo', 'San Fernando', 'Victoria']"
12,21,13.762580065320183,106.008269,7,"[11, 13, 21, 32, 34, 39, 40]","['González', 'Guerrero', 'Matamoros', 'Río Bravo', 'San Fernando', 'Valle Hermoso', 'Victoria']"
12,22,16.0940592536933,128.460678,6,"[7, 11, 21, 23, 32, 34]","['Casas', 'González', 'Matamoros', 'Mier', 'Río Bravo', 'San Fernando']"
12,23,6.159922654821361,128.460678,9,"[7, 11, 21, 22, 23, 31, 32, 34, 39]","['Casas', 'González', 'Matamoros', 'Méndez', 'Mier', 'Reynosa', 'Río Bravo', 'San Fernando', 'Valle Hermoso']"
12,24,9.087830958501987,128.460678,8,"[7, 11, 21, 22, 23, 32, 34, 39]","['Casas', 'González', 'Matamoros', 'Méndez', 'Mier', 'Río Bravo', 'San Fernando', 'Valle Hermoso']"
12,25,7.695430331374136,106.008269,9,"[11, 13, 21, 22, 31, 32, 34, 39, 40]","['González', 'Guerrero', 'Matamoros', 'Méndez', 'Reynosa', 'Río Bravo', 'San Fernando', 'Valle Hermoso', 'Victoria']"
12,26,10.623338635054765,106.008269,8,"[11, 13, 21, 22, 32, 34, 39, 40]","['González', 'Guerrero', 'Matamoros', 'Méndez', 'Río Bravo', 'San Fernando', 'Valle Hermoso', 'Victoria']"
12,27,13.486776481323737,197.327862,6,"[11, 21, 31, 32, 34, 39]","['González', 'Matamoros', 'Reynosa', 'Río Bravo', 'San Fernando', 'Valle Hermoso']"
12,28,31.583347927618853,159.121441,4,"[6, 11, 32, 34]","['Camargo', 'González', 'Río Bravo', 'San Fernando']"
12,29,29.04380812108907,103.28924,6,"[11, 14, 21, 26, 34, 40]","['González', 'Gustavo Díaz Ordaz', 'Matamoros', 'Nuevo Laredo', 'San Fernando', 'Victoria']"
12,30,11.802306795671146,146.150389,7,"[6, 7, 11, 21, 32, 34, 39]","['Camargo', 'Casas', 'González', 'Matamoros', 'Río Bravo', 'San Fernando', 'Valle Hermoso']"
12,31,15.66796859227707,146.150389,6,"[6, 7, 11, 21, 32, 34]","['Camargo', 'Casas', 'González', 'Matamoros', 'Río Bravo', 'San Fernando']"
12,32,10.490406215780789,122.698237,8,"[11, 21, 22, 23, 32, 34, 39, 40]","['González', 'Matamoros', 'Méndez', 'Mier', 'Río Bravo', 'San Fernando', 'Valle Hermoso', 'Victoria']"
12,33,4.196939079436624,128.460678,10,"[2, 7, 11, 21, 22, 23, 31, 32, 34, 39]","['Altamira', 'Casas', 'González', 'Matamoros', 'Méndez', 'Mier', 'Reynosa', 'Río Bravo', 'San Fernando', 'Valle Hermoso']"
12,34,12.228397457087373,128.460678,7,"[7, 11, 21, 23, 32, 34, 39]","['Casas', 'González', 'Matamoros', 'Mier', 'Río Bravo', 'San Fernando', 'Valle Hermoso']"
12,35,13.629647646046207,122.698237,7,"[11, 21, 23, 32, 34, 39, 40]","['González', 'Matamoros', 'Mier', 'Río Bravo', 'San Fernando', 'Valle Hermoso', 'Victoria']"
12,36,27.742051979345796,146.150389,5,"[6, 7, 11, 32, 34]","['Camargo', 'Casas', 'González', 'Río Bravo', 'San Fernando']"
12,37,5.8811957481439885,146.150389,9,"[6, 7, 11, 21, 22, 31, 32, 34, 39]","['Camargo', 'Casas', 'González', 'Matamoros', 'Méndez', 'Reynosa', 'Río Bravo', 'San Fernando', 'Valle Hermoso']"
12,38,15.643602743944205,159.121441,6,"[6, 11, 21, 32, 34, 39]","['Camargo', 'González', 'Matamoros', 'Río Bravo', 'San Fernando', 'Valle Hermoso']"
12,39,16.947826853812227,125.23272,6,"[11, 12, 21, 23, 32, 34]","['González', 'Güémez', 'Matamoros', 'Mier', 'Río Bravo', 'San Fernando']"
12,40,7.562497912100159,122.698237,9,"[11, 21, 22, 23, 31, 32, 34, 39, 40]","['González', 'Matamoros', 'Méndez', 'Mier', 'Reynosa', 'Río Bravo', 'San Fernando', 'Valle Hermoso', 'Victoria']"
12,41,19.509264540550127,159.121441,5,"[6, 11, 21, 32, 34]","['Camargo', 'González', 'Matamoros', 'Río Bravo', 'San Fernando']"
12,42,29.02191024088095,125.23272,5,"[11, 12, 23, 32, 34]","['González', 'Güémez', 'Mier', 'Río Bravo', 'San Fernando']"
12,43,34.95836869361204,150.277393,4,"[6, 32, 34, 42]","['Camargo', 'Río Bravo', 'San Fernando', 'Xicoténcatl']"
12,44,22.884285306543312,150.277393,5,"[6, 21, 32, 34, 42]","['Camargo', 'Matamoros', 'Río Bravo', 'San Fernando', 'Xicoténcatl']"
12,45,3.9182121727592514,146.150389,10,"[2, 6, 7, 11, 21, 22, 31, 32, 34, 39]","['Altamira', 'Camargo', 'Casas', 'González', 'Matamoros', 'Méndez', 'Reynosa', 'Río Bravo', 'San Fernando', 'Valle Hermoso']"
12,46,10.064315554364562,103.28924,9,"[6, 11, 21, 22, 26, 32, 34, 39, 40]","['Camargo', 'González', 'Matamoros', 'Méndez', 'Nuevo Laredo', 'Río Bravo', 'San Fernando', 'Valle Hermoso', 'Victoria']"
12,47,40.70456625103741,146.150389,4,"[6, 9, 32, 42]","['Camargo', 'Cruillas', 'Río Bravo', 'Xicoténcatl']"
12,48,81.97187386326387,146.150389,3,"[6, 22, 42]","['Camargo', 'Méndez', 'Xicoténcatl']"
12,49,28.20756392778417,93.902475,7,"[10, 11, 12, 14, 21, 26, 34]","['Gómez Farías', 'González', 'Güémez', 'Gustavo Díaz Ordaz', 'Matamoros', 'Nuevo Laredo', 'San Fernando']"
12,50,13.20355698462998,103.28924,8,"[6, 11, 21, 26, 32, 34, 39, 40]","['Camargo', 'González', 'Matamoros', 'Nuevo Laredo', 'Río Bravo', 'San Fernando', 'Valle Hermoso', 'Victoria']"
12,51,10.029810383609144,125.23272,8,"[11, 12, 21, 22, 23, 32, 34, 39]","['González', 'Güémez', 'Matamoros', 'Méndez', 'Mier', 'Río Bravo', 'San Fernando', 'Valle Hermoso']"
12,52,8.66174029708576,146.150389,8,"[6, 7, 11, 21, 22, 32, 34, 39]","['Camargo', 'Casas', 'González', 'Matamoros', 'Méndez', 'Río Bravo', 'San Fernando', 'Valle Hermoso']"
12,53,13.0821650572063,125.23272,7,"[11, 12, 21, 23, 32, 34, 39]","['González', 'Güémez', 'Matamoros', 'Mier', 'Río Bravo', 'San Fernando', 'Valle Hermoso']"
12,54,74.24941736268339,150.277393,3,"[6, 34, 42]","['Camargo', 'San Fernando', 'Xicoténcatl']"
12,55,91.93888549060327,138.045942,3,"[20, 22, 23]","['El Mante', 'Méndez', 'Mier']"
12,56,16.21772247490576,93.902475,8,"[6, 11, 12, 21, 26, 32, 34, 42]","['Camargo', 'González', 'Güémez', 'Matamoros', 'Nuevo Laredo', 'Río Bravo', 'San Fernando', 'Xicoténcatl']"
12,57,91.08426081306922,141.396971,3,"[22, 23, 42]","['Méndez', 'Mier', 'Xicoténcatl']"
12,58,29.569392829720854,122.698237,5,"[11, 23, 32, 34, 40]","['González', 'Mier', 'Río Bravo', 'San Fernando', 'Victoria']"
12,59,5.7324467559894,106.008269,10,"[2, 11, 13, 21, 22, 31, 32, 34, 39, 40]","['Altamira', 'González', 'Guerrero', 'Matamoros', 'Méndez', 'Reynosa', 'Río Bravo', 'San Fernando', 'Valle Hermoso', 'Victoria']"
12,60,12.352060678299836,93.902475,9,"[6, 11, 12, 21, 26, 32, 34, 39, 42]","['Camargo', 'González', 'Güémez', 'Matamoros', 'Nuevo Laredo', 'Río Bravo', 'San Fernando', 'Valle Hermoso', 'Xicoténcatl']"
12,61,41.130656912453624,141.396971,4,"[9, 23, 32, 42]","['Cruillas', 'Mier', 'Río Bravo', 'Xicoténcatl']"
12,62,9.29970600470268,93.902475,10,"[6, 11, 12, 21, 22, 26, 32, 34, 39, 42]","['Camargo', 'González', 'Güémez', 'Matamoros', 'Méndez', 'Nuevo Laredo', 'Río Bravo', 'San Fernando', 'Valle Hermoso', 'Xicoténcatl']"
12,63,7.101902079928514,125.23272,9,"[11, 12, 21, 22, 23, 31, 32, 34, 39]","['González', 'Güémez', 'Matamoros', 'Méndez', 'Mier', 'Reynosa', 'Río Bravo', 'San Fernando', 'Valle Hermoso']"
12,64,7.283771005422787,103.28924,10,"[6, 11, 21, 22, 26, 31, 32, 34, 39, 40]","['Camargo', 'González', 'Matamoros', 'Méndez', 'Nuevo Laredo', 'Reynosa', 'Río Bravo', 'San Fernando', 'Valle Hermoso', 'Victoria']"
12,65,54.99403873176108,126.101423,4,"[11, 12, 23, 32]","['González', 'Güémez', 'Mier', 'Río Bravo']"
12,66,41.739863275901484,129.044191,4,"[9, 13, 20, 32]","['Cruillas', 'Guerrero', 'El Mante', 'Río Bravo']"
12,67,6.0436551302018975,129.804564,9,"[7, 11, 21, 22, 24, 31, 32, 34, 39]","['Casas', 'González', 'Matamoros', 'Méndez', 'Miguel Alemán', 'Reynosa', 'Río Bravo', 'San Fernando', 'Valle Hermoso']"
12,68,8.905325283932356,129.804564,8,"[7, 11, 21, 22, 24, 32, 34, 39]","['Casas', 'González', 'Matamoros', 'Méndez', 'Miguel Alemán', 'Río Bravo', 'San Fernando', 'Valle Hermoso']"
12,69,5.138918504543778,125.23272,10,"[2, 11, 12, 21, 22, 23, 31, 32, 34, 39]","['Altamira', 'González', 'Güémez', 'Matamoros', 'Méndez', 'Mier', 'Reynosa', 'Río Bravo', 'San Fernando', 'Valle Hermoso']"
12,70,4.080671554817162,129.804564,10,"[2, 7, 11, 21, 22, 24, 31, 32, 34, 39]","['Altamira', 'Casas', 'González', 'Matamoros', 'Méndez', 'Miguel Alemán', 'Reynosa', 'Río Bravo', 'San Fernando', 'Valle Hermoso']"
12,71,5.5995143367154245,122.698237,10,"[2, 11, 21, 22, 23, 31, 32, 34, 39, 40]","['Altamira', 'González', 'Matamoros', 'Méndez', 'Mier', 'Reynosa', 'Río Bravo', 'San Fernando', 'Valle Hermoso', 'Victoria']"
13,1,32.56141237266288,218.757001,3,"[11, 32, 34]","['González', 'Río Bravo', 'San Fernando']"
13,2,21.42255192661401,197.327862,4,"[11, 21, 31, 34]","['González', 'Matamoros', 'Reynosa', 'San Fernando']"
13,3,34.95836869361204,150.277393,4,"[6, 32, 34, 42]","['Camargo', 'Río Bravo', 'San Fernando', 'Xicoténcatl']"
13,4,20.487328985594157,218.757001,4,"[11, 21, 32, 34]","['González', 'Matamoros', 'Río Bravo', 'San Fernando']"
13,5,39.789813631059396,197.327862,3,"[11, 31, 34]","['González', 'Reynosa', 'San Fernando']"
13,6,40.948151237884005,141.396971,4,"[9, 24, 32, 42]","['Cruillas', 'Miguel Alemán', 'Río Bravo', 'Xicoténcatl']"
13,7,31.4838538804033,166.394431,4,"[11, 14, 21, 34]","['González', 'Gustavo Díaz Ordaz', 'Matamoros', 'San Fernando']"
13,8,59.77113611663137,166.394431,3,"[11, 14, 34]","['González', 'Gustavo Díaz Ordaz', 'San Fernando']"
13,9,13.486776481323737,197.327862,6,"[11, 21, 31, 32, 34, 39]","['González', 'Matamoros', 'Reynosa', 'Río Bravo', 'San Fernando', 'Valle Hermoso']"
13,10,17.352438277929657,197.327862,5,"[11, 21, 31, 32, 34]","['González', 'Matamoros', 'Reynosa', 'Río Bravo', 'San Fernando']"
13,11,54.99403873176108,126.101423,4,"[11, 12, 23, 32]","['González', 'Güémez', 'Mier', 'Río Bravo']"
13,12,29.02191024088095,125.23272,5,"[11, 12, 23, 32, 34]","['González', 'Güémez', 'Mier', 'Río Bravo', 'San Fernando']"
13,13,16.62166718898823,218.757001,5,"[11, 21, 32, 34, 39]","['González', 'Matamoros', 'Río Bravo', 'San Fernando', 'Valle Hermoso']"
13,14,15.643602743944205,159.121441,6,"[6, 11, 21, 32, 34, 39]","['Camargo', 'González', 'Matamoros', 'Río Bravo', 'San Fernando', 'Valle Hermoso']"
13,15,13.0821650572063,125.23272,7,"[11, 12, 21, 23, 32, 34, 39]","['González', 'Güémez', 'Matamoros', 'Mier', 'Río Bravo', 'San Fernando', 'Valle Hermoso']"
13,16,19.509264540550127,159.121441,5,"[6, 11, 21, 32, 34]","['Camargo', 'González', 'Matamoros', 'Río Bravo', 'San Fernando']"
13,17,31.583347927618853,159.121441,4,"[6, 11, 32, 34]","['Camargo', 'González', 'Río Bravo', 'San Fernando']"
13,18,74.24941736268339,150.277393,3,"[6, 34, 42]","['Camargo', 'San Fernando', 'Xicoténcatl']"
13,19,16.010541455932636,91.820321,8,"[6, 11, 18, 21, 26, 29, 32, 34]","['Camargo', 'González', 'Llera', 'Matamoros', 'Nuevo Laredo', 'Padilla', 'Río Bravo', 'San Fernando']"
13,20,22.884285306543312,150.277393,5,"[6, 21, 32, 34, 42]","['Camargo', 'Matamoros', 'Río Bravo', 'San Fernando', 'Xicoténcatl']"
13,21,14.885834426240788,120.713771,7,"[11, 13, 18, 21, 22, 32, 34]","['González', 'Guerrero', 'Llera', 'Matamoros', 'Méndez', 'Río Bravo', 'San Fernando']"
13,22,54.81153305719145,129.804564,4,"[11, 12, 24, 32]","['González', 'Güémez', 'Miguel Alemán', 'Río Bravo']"
13,23,81.97187386326387,146.150389,3,"[6, 22, 42]","['Camargo', 'Méndez', 'Xicoténcatl']"
13,24,70.87439659669022,159.121441,3,"[6, 11, 34]","['Camargo', 'González', 'San Fernando']"
13,25,40.70456625103741,146.150389,4,"[6, 9, 32, 42]","['Camargo', 'Cruillas', 'Río Bravo', 'Xicoténcatl']"
13,26,11.020172629634862,120.713771,8,"[11, 13, 18, 21, 22, 32, 34, 39]","['González', 'Guerrero', 'Llera', 'Matamoros', 'Méndez', 'Río Bravo', 'San Fernando', 'Valle Hermoso']"
13,27,10.029810383609144,125.23272,8,"[11, 12, 21, 22, 23, 32, 34, 39]","['González', 'Güémez', 'Matamoros', 'Méndez', 'Mier', 'Río Bravo', 'San Fernando', 'Valle Hermoso']"
13,28,8.092264325954234,120.713771,9,"[11, 13, 18, 21, 22, 31, 32, 34, 39]","['González', 'Guerrero', 'Llera', 'Matamoros', 'Méndez', 'Reynosa', 'Río Bravo', 'San Fernando', 'Valle Hermoso']"
13,29,16.947826853812227,125.23272,6,"[11, 12, 21, 23, 32, 34]","['González', 'Güémez', 'Matamoros', 'Mier', 'Río Bravo', 'San Fernando']"
13,30,9.128821975351014,91.820321,10,"[6, 11, 18, 21, 22, 26, 29, 32, 34, 39]","['Camargo', 'González', 'Llera', 'Matamoros', 'Méndez', 'Nuevo Laredo', 'Padilla', 'Río Bravo', 'San Fernando', 'Valle Hermoso']"
13,31,7.959331906680258,122.698237,9,"[11, 18, 21, 22, 23, 31, 32, 34, 39]","['González', 'Llera', 'Matamoros', 'Méndez', 'Mier', 'Reynosa', 'Río Bravo', 'San Fernando', 'Valle Hermoso']"
13,32,12.144879659326712,91.820321,9,"[6, 11, 18, 21, 26, 29, 32, 34, 39]","['Camargo', 'González', 'Llera', 'Matamoros', 'Nuevo Laredo', 'Padilla', 'Río Bravo', 'San Fernando', 'Valle Hermoso']"
13,33,16.569564536622835,106.008269,7,"[11, 13, 18, 21, 29, 32, 34]","['González', 'Guerrero', 'Llera', 'Matamoros', 'Padilla', 'Río Bravo', 'San Fernando']"
13,34,14.75290200696681,122.698237,7,"[11, 18, 21, 22, 23, 32, 34]","['González', 'Llera', 'Matamoros', 'Méndez', 'Mier', 'Río Bravo', 'San Fernando']"
13,35,6.880020109639938,106.008269,10,"[11, 12, 13, 18, 21, 22, 31, 32, 34, 39]","['González', 'Güémez', 'Guerrero', 'Llera', 'Matamoros', 'Méndez', 'Reynosa', 'Río Bravo', 'San Fernando', 'Valle Hermoso']"
13,36,7.101902079928514,125.23272,9,"[11, 12, 21, 22, 23, 31, 32, 34, 39]","['González', 'Güémez', 'Matamoros', 'Méndez', 'Mier', 'Reynosa', 'Río Bravo', 'San Fernando', 'Valle Hermoso']"
13,37,5.86176207596073,125.23272,10,"[0, 11, 12, 21, 22, 23, 31, 32, 34, 39]","['Abasolo', 'González', 'Güémez', 'Matamoros', 'Méndez', 'Mier', 'Reynosa', 'Río Bravo', 'San Fernando', 'Valle Hermoso']"
13,38,44.73965700354259,97.088288,6,"[6, 11, 18, 26, 32, 33]","['Camargo', 'González', 'Llera', 'Nuevo Laredo', 'Río Bravo', 'San Carlos']"
13,39,28.643647923691564,106.008269,6,"[11, 13, 18, 29, 32, 34]","['González', 'Guerrero', 'Llera', 'Padilla', 'Río Bravo', 'San Fernando']"
13,40,42.80440606012749,132.984931,4,"[3, 9, 24, 32]","['Antiguo Morelos', 'Cruillas', 'Miguel Alemán', 'Río Bravo']"
13,41,10.887240210360888,122.698237,8,"[11, 18, 21, 22, 23, 32, 34, 39]","['González', 'Llera', 'Matamoros', 'Méndez', 'Mier', 'Río Bravo', 'San Fernando', 'Valle Hermoso']"
13,42,9.687845056041217,106.008269,9,"[11, 13, 18, 21, 22, 29, 32, 34, 39]","['González', 'Guerrero', 'Llera', 'Matamoros', 'Méndez', 'Padilla', 'Río Bravo', 'San Fernando', 'Valle Hermoso']"
13,43,5.998797199790613,120.713771,10,"[7, 11, 13, 18, 21, 22, 31, 32, 34, 39]","['Casas', 'González', 'Guerrero', 'Llera', 'Matamoros', 'Méndez', 'Reynosa', 'Río Bravo', 'San Fernando', 'Valle Hermoso']"
13,44,6.504914034465295,197.327862,8,"[7, 11, 21, 22, 31, 32, 34, 39]","['Casas', 'González', 'Matamoros', 'Méndez', 'Reynosa', 'Río Bravo', 'San Fernando', 'Valle Hermoso']"
13,45,28.168142640762028,128.460678,5,"[7, 11, 23, 32, 34]","['Casas', 'González', 'Mier', 'Río Bravo', 'San Fernando']"
13,46,9.64548053305068,197.327862,7,"[7, 11, 21, 31, 32, 34, 39]","['Casas', 'González', 'Matamoros', 'Reynosa', 'Río Bravo', 'San Fernando', 'Valle Hermoso']"
13,47,11.802306795671146,146.150389,7,"[6, 7, 11, 21, 32, 34, 39]","['Camargo', 'Casas', 'González', 'Matamoros', 'Río Bravo', 'San Fernando', 'Valle Hermoso']"
13,48,12.780371240715173,218.757001,6,"[7, 11, 21, 32, 34, 39]","['Casas', 'González', 'Matamoros', 'Río Bravo', 'San Fernando', 'Valle Hermoso']"
13,49,6.0436551302018975,129.804564,9,"[7, 11, 21, 22, 24, 31, 32, 34, 39]","['Casas', 'González', 'Matamoros', 'Méndez', 'Miguel Alemán', 'Reynosa', 'Río Bravo', 'San Fernando', 'Valle Hermoso']"
13,50,15.66796859227707,146.150389,6,"[6, 7, 11, 21, 32, 34]","['Camargo', 'Casas', 'González', 'Matamoros', 'Río Bravo', 'San Fernando']"
13,51,12.228397457087373,128.460678,7,"[7, 11, 21, 23, 32, 34, 39]","['Casas', 'González', 'Matamoros', 'Mier', 'Río Bravo', 'San Fernando', 'Valle Hermoso']"
13,52,5.8811957481439885,146.150389,9,"[6, 7, 11, 21, 22, 31, 32, 34, 39]","['Camargo', 'Casas', 'González', 'Matamoros', 'Méndez', 'Reynosa', 'Río Bravo', 'San Fernando', 'Valle Hermoso']"
13,53,9.087830958501987,128.460678,8,"[7, 11, 21, 22, 23, 32, 34, 39]","['Casas', 'González', 'Matamoros', 'Méndez', 'Mier', 'Río Bravo', 'San Fernando', 'Valle Hermoso']"
13,54,6.159922654821361,128.460678,9,"[7, 11, 21, 22, 23, 31, 32, 34, 39]","['Casas', 'González', 'Matamoros', 'Méndez', 'Mier', 'Reynosa', 'Río Bravo', 'San Fernando', 'Valle Hermoso']"
13,55,27.742051979345796,146.150389,5,"[6, 7, 11, 32, 34]","['Camargo', 'Casas', 'González', 'Río Bravo', 'San Fernando']"
13,56,12.045891782517742,129.804564,7,"[7, 11, 21, 24, 32, 34, 39]","['Casas', 'González', 'Matamoros', 'Miguel Alemán', 'Río Bravo', 'San Fernando', 'Valle Hermoso']"
13,57,9.639804742129789,218.757001,7,"[7, 11, 21, 22, 32, 34, 39]","['Casas', 'González', 'Matamoros', 'Méndez', 'Río Bravo', 'San Fernando', 'Valle Hermoso']"
13,58,12.703902740016915,106.008269,8,"[11, 13, 18, 21, 29, 32, 34, 39]","['González', 'Guerrero', 'Llera', 'Matamoros', 'Padilla', 'Río Bravo', 'San Fernando', 'Valle Hermoso']"
13,59,16.0940592536933,128.460678,6,"[7, 11, 21, 23, 32, 34]","['Casas', 'González', 'Matamoros', 'Mier', 'Río Bravo', 'San Fernando']"
13,60,36.36534670666145,116.83644,5,"[9, 11, 18, 26, 32]","['Cruillas', 'González', 'Llera', 'Nuevo Laredo', 'Río Bravo']"
13,61,27.985130795785803,91.820321,7,"[11, 14, 18, 21, 26, 29, 34]","['González', 'Gustavo Díaz Ordaz', 'Llera', 'Matamoros', 'Nuevo Laredo', 'Padilla', 'San Fernando']"
13,62,41.6966080366775,87.858692,8,"[6, 8, 11, 18, 26, 32, 33, 36]","['Camargo', 'Ciudad Madero', 'González', 'Llera', 'Nuevo Laredo', 'Río Bravo', 'San Carlos', 'Soto la Marina']"
13,63,24.291263319592716,116.83644,6,"[9, 11, 18, 21, 26, 32]","['Cruillas', 'González', 'Llera', 'Matamoros', 'Nuevo Laredo', 'Río Bravo']"
13,64,10.989915483149813,89.54682,10,"[6, 11, 18, 21, 26, 32, 33, 34, 36, 39]","['Camargo', 'González', 'Llera', 'Matamoros', 'Nuevo Laredo', 'Río Bravo', 'San Carlos', 'San Fernando', 'Soto la Marina', 'Valle Hermoso']"
13,65,25.504860496738676,87.858692,9,"[6, 8, 11, 18, 26, 32, 33, 34, 36]","['Camargo', 'Ciudad Madero', 'González', 'Llera', 'Nuevo Laredo', 'Río Bravo', 'San Carlos', 'San Fernando', 'Soto la Marina']"
13,66,5.080113864379508,197.327862,9,"[7, 8, 11, 21, 22, 31, 32, 34, 39]","['Casas', 'Ciudad Madero', 'González', 'Matamoros', 'Méndez', 'Reynosa', 'Río Bravo', 'San Fernando', 'Valle Hermoso']"
13,67,29.80849365397137,82.016092,9,"[6, 8, 18, 19, 26, 27, 29, 32, 34]","['Camargo', 'Ciudad Madero', 'Llera', 'Mainero', 'Nuevo Laredo', 'Nuevo Morelos', 'Padilla', 'Río Bravo', 'San Fernando']"
13,68,4.2599922116216336,197.327862,10,"[7, 8, 11, 21, 22, 31, 32, 34, 36, 39]","['Casas', 'Ciudad Madero', 'González', 'Matamoros', 'Méndez', 'Reynosa', 'Río Bravo', 'San Fernando', 'Soto la Marina', 'Valle Hermoso']"
13,69,4.456395578058203,146.150389,10,"[6, 7, 8, 11, 21, 22, 31, 32, 34, 39]","['Camargo', 'Casas', 'Ciudad Madero', 'González', 'Matamoros', 'Méndez', 'Reynosa', 'Río Bravo', 'San Fernando', 'Valle Hermoso']"
13,70,26.608385486191217,89.54682,8,"[6, 7, 11, 18, 26, 32, 33, 34]","['Camargo', 'Casas', 'González', 'Llera', 'Nuevo Laredo', 'Río Bravo', 'San Carlos', 'San Fernando']"
13,71,8.66174029708576,146.150389,8,"[6, 7, 11, 21, 22, 32, 34, 39]","['Camargo', 'Casas', 'González', 'Matamoros', 'Méndez', 'Río Bravo', 'San Fernando', 'Valle Hermoso']"
13,72,8.905325283932356,129.804564,8,"[7, 11, 21, 22, 24, 32, 34, 39]","['Casas', 'González', 'Matamoros', 'Méndez', 'Miguel Alemán', 'Río Bravo', 'San Fernando', 'Valle Hermoso']"
13,73,43.593747965057965,111.114446,5,"[9, 11, 18, 26, 31]","['Cruillas', 'González', 'Llera', 'Nuevo Laredo', 'Reynosa']"
13,74,4.735122484735575,128.460678,10,"[7, 8, 11, 21, 22, 23, 31, 32, 34, 39]","['Casas', 'Ciudad Madero', 'González', 'Matamoros', 'Méndez', 'Mier', 'Reynosa', 'Río Bravo', 'San Fernando', 'Valle Hermoso']"
13,75,25.42725966622032,79.739177,10,"[6, 8, 11, 18, 26, 27, 32, 33, 34, 36]","['Camargo', 'Ciudad Madero', 'González', 'Llera', 'Nuevo Laredo', 'Nuevo Morelos', 'Río Bravo', 'San Carlos', 'San Fernando', 'Soto la Marina']"
13,76,4.674476279053766,129.804564,10,"[7, 11, 21, 22, 24, 31, 32, 34, 37, 39]","['Casas', 'González', 'Matamoros', 'Méndez', 'Miguel Alemán', 'Reynosa', 'Río Bravo', 'San Fernando', 'Tampico', 'Valle Hermoso']"
13,77,43.121408206763284,89.54682,7,"[6, 11, 18, 26, 32, 33, 36]","['Camargo', 'González', 'Llera', 'Nuevo Laredo', 'Río Bravo', 'San Carlos', 'Soto la Marina']"
13,78,88.64983778054405,141.396971,3,"[22, 24, 42]","['Méndez', 'Miguel Alemán', 'Xicoténcatl']"
13,79,23.739289535964918,122.698237,6,"[9, 11, 18, 21, 23, 32]","['Cruillas', 'González', 'Llera', 'Matamoros', 'Mier', 'Río Bravo']"
13,80,15.459460075662134,89.54682,9,"[6, 11, 18, 21, 26, 29, 32, 33, 34]","['Camargo', 'González', 'Llera', 'Matamoros', 'Nuevo Laredo', 'Padilla', 'Río Bravo', 'San Carlos', 'San Fernando']"
13,81,27.985636966192395,129.804564,5,"[7, 11, 24, 32, 34]","['Casas', 'González', 'Miguel Alemán', 'Río Bravo', 'San Fernando']"
13,82,35.81337292303365,122.698237,5,"[9, 11, 18, 23, 32]","['Cruillas', 'González', 'Llera', 'Mier', 'Río Bravo']"
13,83,15.911553579123666,129.804564,6,"[7, 11, 21, 24, 32, 34]","['Casas', 'González', 'Matamoros', 'Miguel Alemán', 'Río Bravo', 'San Fernando']"
13,84,14.03465990557635,87.858692,10,"[6, 8, 11, 18, 21, 26, 29, 32, 33, 34]","['Camargo', 'Ciudad Madero', 'González', 'Llera', 'Matamoros', 'Nuevo Laredo', 'Padilla', 'Río Bravo', 'San Carlos', 'San Fernando']"
13,85,16.674423028547277,82.016092,10,"[6, 8, 18, 21, 26, 27, 32, 33, 34, 36]","['Camargo', 'Ciudad Madero', 'Llera', 'Matamoros', 'Nuevo Laredo', 'Nuevo Morelos', 'Río Bravo', 'San Carlos', 'San Fernando', 'Soto la Marina']"
14,1,57.53560466761939,176.097157,3,"[14, 36, 39]","['Gustavo Díaz Ordaz', 'Soto la Marina', 'Valle Hermoso']"
14,2,16.62166718898823,218.757001,5,"[11, 21, 32, 34, 39]","['González', 'Matamoros', 'Río Bravo', 'San Fernando', 'Valle Hermoso']"
14,3,70.87439659669022,159.121441,3,"[6, 11, 34]","['Camargo', 'González', 'San Fernando']"
14,4,32.56141237266288,218.757001,3,"[11, 32, 34]","['González', 'Río Bravo', 'San Fernando']"
14,5,31.583347927618853,159.121441,4,"[6, 11, 32, 34]","['Camargo', 'González', 'Río Bravo', 'San Fernando']"
14,6,20.487328985594157,218.757001,4,"[11, 21, 32, 34]","['González', 'Matamoros', 'Río Bravo', 'San Fernando']"
14,7,39.789813631059396,197.327862,3,"[11, 31, 34]","['González', 'Reynosa', 'San Fernando']"
14,8,19.509264540550127,159.121441,5,"[6, 11, 21, 32, 34]","['Camargo', 'González', 'Matamoros', 'Río Bravo', 'San Fernando']"
14,9,17.352438277929657,197.327862,5,"[11, 21, 31, 32, 34]","['González', 'Matamoros', 'Reynosa', 'Río Bravo', 'San Fernando']"
14,10,13.486776481323737,197.327862,6,"[11, 21, 31, 32, 34, 39]","['González', 'Matamoros', 'Reynosa', 'Río Bravo', 'San Fernando', 'Valle Hermoso']"
14,11,21.42255192661401,197.327862,4,"[11, 21, 31, 34]","['González', 'Matamoros', 'Reynosa', 'San Fernando']"
14,12,40.948151237884005,141.396971,4,"[9, 24, 32, 42]","['Cruillas', 'Miguel Alemán', 'Río Bravo', 'Xicoténcatl']"
14,13,17.080759273086198,125.23272,6,"[11, 12, 13, 21, 32, 34]","['González', 'Güémez', 'Guerrero', 'Matamoros', 'Río Bravo', 'San Fernando']"
14,14,28.301075060036,128.460678,5,"[7, 11, 13, 32, 34]","['Casas', 'González', 'Guerrero', 'Río Bravo', 'San Fernando']"
14,15,34.95836869361204,150.277393,4,"[6, 32, 34, 42]","['Camargo', 'Río Bravo', 'San Fernando', 'Xicoténcatl']"
14,16,12.780371240715173,218.757001,6,"[7, 11, 21, 32, 34, 39]","['Casas', 'González', 'Matamoros', 'Río Bravo', 'San Fernando', 'Valle Hermoso']"
14,17,15.66796859227707,146.150389,6,"[6, 7, 11, 21, 32, 34]","['Camargo', 'Casas', 'González', 'Matamoros', 'Río Bravo', 'San Fernando']"
14,18,9.64548053305068,197.327862,7,"[7, 11, 21, 31, 32, 34, 39]","['Casas', 'González', 'Matamoros', 'Reynosa', 'Río Bravo', 'San Fernando', 'Valle Hermoso']"
14,19,40.70456625103741,146.150389,4,"[6, 9, 32, 42]","['Camargo', 'Cruillas', 'Río Bravo', 'Xicoténcatl']"
14,20,31.4838538804033,166.394431,4,"[11, 14, 21, 34]","['González', 'Gustavo Díaz Ordaz', 'Matamoros', 'San Fernando']"
14,21,15.643602743944205,159.121441,6,"[6, 11, 21, 32, 34, 39]","['Camargo', 'González', 'Matamoros', 'Río Bravo', 'San Fernando', 'Valle Hermoso']"
14,22,6.504914034465295,197.327862,8,"[7, 11, 21, 22, 31, 32, 34, 39]","['Casas', 'González', 'Matamoros', 'Méndez', 'Reynosa', 'Río Bravo', 'San Fernando', 'Valle Hermoso']"
14,23,16.226991672967277,128.460678,6,"[7, 11, 13, 21, 32, 34]","['Casas', 'González', 'Guerrero', 'Matamoros', 'Río Bravo', 'San Fernando']"
14,24,27.742051979345796,146.150389,5,"[6, 7, 11, 32, 34]","['Camargo', 'Casas', 'González', 'Río Bravo', 'San Fernando']"
14,25,4.541930459080558,197.327862,9,"[2, 7, 11, 21, 22, 31, 32, 34, 39]","['Altamira', 'Casas', 'González', 'Matamoros', 'Méndez', 'Reynosa', 'Río Bravo', 'San Fernando', 'Valle Hermoso']"
14,26,11.802306795671146,146.150389,7,"[6, 7, 11, 21, 32, 34, 39]","['Camargo', 'Casas', 'González', 'Matamoros', 'Río Bravo', 'San Fernando', 'Valle Hermoso']"
14,27,22.884285306543312,150.277393,5,"[6, 21, 32, 34, 42]","['Camargo', 'Matamoros', 'Río Bravo', 'San Fernando', 'Xicoténcatl']"
14,28,9.639804742129789,218.757001,7,"[7, 11, 21, 22, 32, 34, 39]","['Casas', 'González', 'Matamoros', 'Méndez', 'Río Bravo', 'San Fernando', 'Valle Hermoso']"
14,29,7.695430331374136,106.008269,9,"[11, 13, 21, 22, 31, 32, 34, 39, 40]","['González', 'Guerrero', 'Matamoros', 'Méndez', 'Reynosa', 'Río Bravo', 'San Fernando', 'Valle Hermoso', 'Victoria']"
14,30,13.20355698462998,103.28924,8,"[6, 11, 21, 26, 32, 34, 39, 40]","['Camargo', 'González', 'Matamoros', 'Nuevo Laredo', 'Río Bravo', 'San Fernando', 'Valle Hermoso', 'Victoria']"
14,31,8.66174029708576,146.150389,8,"[6, 7, 11, 21, 22, 32, 34, 39]","['Camargo', 'Casas', 'González', 'Matamoros', 'Méndez', 'Río Bravo', 'San Fernando', 'Valle Hermoso']"
14,32,5.8811957481439885,146.150389,9,"[6, 7, 11, 21, 22, 31, 32, 34, 39]","['Camargo', 'Casas', 'González', 'Matamoros', 'Méndez', 'Reynosa', 'Río Bravo', 'San Fernando', 'Valle Hermoso']"
14,33,10.623338635054765,106.008269,8,"[11, 13, 21, 22, 32, 34, 39, 40]","['González', 'Guerrero', 'Matamoros', 'Méndez', 'Río Bravo', 'San Fernando', 'Valle Hermoso', 'Victoria']"
14,34,13.762580065320183,106.008269,7,"[11, 13, 21, 32, 34, 39, 40]","['González', 'Guerrero', 'Matamoros', 'Río Bravo', 'San Fernando', 'Valle Hermoso', 'Victoria']"
14,35,15.911553579123666,129.804564,6,"[7, 11, 21, 24, 32, 34]","['Casas', 'González', 'Matamoros', 'Miguel Alemán', 'Río Bravo', 'San Fernando']"
14,36,37.821437956022216,93.821499,7,"[0, 4, 11, 14, 16, 21, 26]","['Abasolo', 'Burgos', 'González', 'Gustavo Díaz Ordaz', 'Jaumave', 'Matamoros', 'Nuevo Laredo']"
14,37,29.154842660154923,125.23272,5,"[11, 12, 13, 32, 34]","['González', 'Güémez', 'Guerrero', 'Río Bravo', 'San Fernando']"
14,38,9.220763377775967,128.460678,8,"[7, 11, 13, 21, 22, 32, 34, 39]","['Casas', 'González', 'Guerrero', 'Matamoros', 'Méndez', 'Río Bravo', 'San Fernando', 'Valle Hermoso']"
14,39,9.677215849282195,92.781591,10,"[4, 6, 7, 11, 18, 21, 26, 32, 34, 39]","['Burgos', 'Camargo', 'Casas', 'González', 'Llera', 'Matamoros', 'Nuevo Laredo', 'Río Bravo', 'San Fernando', 'Valle Hermoso']"
14,40,6.292855074095337,128.460678,9,"[7, 11, 13, 21, 22, 31, 32, 34, 39]","['Casas', 'González', 'Guerrero', 'Matamoros', 'Méndez', 'Reynosa', 'Río Bravo', 'San Fernando', 'Valle Hermoso']"
14,41,15.661212898856498,83.316397,10,"[1, 6, 12, 18, 21, 26, 28, 32, 34, 35]","['Aldama', 'Camargo', 'Güémez', 'Llera', 'Matamoros', 'Nuevo Laredo', 'Ocampo', 'Río Bravo', 'San Fernando', 'San Nicolás']"
14,42,29.702325248994832,106.008269,5,"[11, 13, 32, 34, 40]","['González', 'Guerrero', 'Río Bravo', 'San Fernando', 'Victoria']"
14,43,6.0436551302018975,129.804564,9,"[7, 11, 21, 22, 24, 31, 32, 34, 39]","['Casas', 'González', 'Matamoros', 'Méndez', 'Miguel Alemán', 'Reynosa', 'Río Bravo', 'San Fernando', 'Valle Hermoso']"
14,44,3.9182121727592514,146.150389,10,"[2, 6, 7, 11, 21, 22, 31, 32, 34, 39]","['Altamira', 'Camargo', 'Casas', 'González', 'Matamoros', 'Méndez', 'Reynosa', 'Río Bravo', 'San Fernando', 'Valle Hermoso']"
14,45,5.7324467559894,106.008269,10,"[2, 11, 13, 21, 22, 31, 32, 34, 39, 40]","['Altamira', 'González', 'Guerrero', 'Matamoros', 'Méndez', 'Reynosa', 'Río Bravo', 'San Fernando', 'Valle Hermoso', 'Victoria']"
14,46,74.24941736268339,150.277393,3,"[6, 34, 42]","['Camargo', 'San Fernando', 'Xicoténcatl']"
14,47,8.614259057454806,99.762503,10,"[4, 6, 11, 21, 26, 31, 32, 34, 39, 40]","['Burgos', 'Camargo', 'González', 'Matamoros', 'Nuevo Laredo', 'Reynosa', 'Río Bravo', 'San Fernando', 'Valle Hermoso', 'Victoria']"
14,48,7.283771005422787,103.28924,10,"[6, 11, 21, 22, 26, 31, 32, 34, 39, 40]","['Camargo', 'González', 'Matamoros', 'Méndez', 'Nuevo Laredo', 'Reynosa', 'Río Bravo', 'San Fernando', 'Valle Hermoso', 'Victoria']"
14,49,42.80440606012749,132.984931,4,"[3, 9, 24, 32]","['Antiguo Morelos', 'Cruillas', 'Miguel Alemán', 'Río Bravo']"
14,50,84.47657755858837,146.150389,3,"[6, 9, 42]","['Camargo', 'Cruillas', 'Xicoténcatl']"
14,51,12.361329876361348,128.460678,7,"[7, 11, 13, 21, 32, 34, 39]","['Casas', 'González', 'Guerrero', 'Matamoros', 'Río Bravo', 'San Fernando', 'Valle Hermoso']"
14,52,17.628241861926107,106.008269,6,"[11, 13, 21, 32, 34, 40]","['González', 'Guerrero', 'Matamoros', 'Río Bravo', 'San Fernando', 'Victoria']"
14,53,11.394803606396582,99.762503,9,"[4, 6, 11, 21, 26, 32, 34, 39, 40]","['Burgos', 'Camargo', 'González', 'Matamoros', 'Nuevo Laredo', 'Río Bravo', 'San Fernando', 'Valle Hermoso', 'Victoria']"
14,54,20.471420595668274,80.642886,10,"[2, 3, 13, 17, 26, 30, 32, 34, 35, 39]","['Altamira', 'Antiguo Morelos', 'Guerrero', 'Jiménez', 'Nuevo Laredo', 'Palmillas', 'Río Bravo', 'San Fernando', 'San Nicolás', 'Valle Hermoso']"
14,55,25.517466985741283,92.781591,8,"[4, 7, 11, 14, 18, 21, 26, 34]","['Burgos', 'Casas', 'González', 'Gustavo Díaz Ordaz', 'Llera', 'Matamoros', 'Nuevo Laredo', 'San Fernando']"
14,56,39.01838632304321,99.762503,6,"[4, 11, 14, 21, 26, 40]","['Burgos', 'González', 'Gustavo Díaz Ordaz', 'Matamoros', 'Nuevo Laredo', 'Victoria']"
14,57,12.095636134656049,85.066614,10,"[1, 6, 12, 21, 26, 28, 32, 34, 35, 39]","['Aldama', 'Camargo', 'Güémez', 'Matamoros', 'Nuevo Laredo', 'Ocampo', 'Río Bravo', 'San Fernando', 'San Nicolás', 'Valle Hermoso']"
14,58,9.248905332630365,93.902475,10,"[6, 11, 12, 18, 21, 22, 26, 32, 34, 39]","['Camargo', 'González', 'Güémez', 'Llera', 'Matamoros', 'Méndez', 'Nuevo Laredo', 'Río Bravo', 'San Fernando', 'Valle Hermoso']"
14,59,15.260465403002506,99.762503,8,"[4, 6, 11, 21, 26, 32, 34, 40]","['Burgos', 'Camargo', 'González', 'Matamoros', 'Nuevo Laredo', 'Río Bravo', 'San Fernando', 'Victoria']"
14,60,5.2718509238177536,125.23272,10,"[2, 11, 12, 13, 21, 22, 31, 32, 34, 39]","['Altamira', 'González', 'Güémez', 'Guerrero', 'Matamoros', 'Méndez', 'Reynosa', 'Río Bravo', 'San Fernando', 'Valle Hermoso']"
14,61,59.77113611663137,166.394431,3,"[11, 14, 34]","['González', 'Gustavo Díaz Ordaz', 'San Fernando']"
14,62,13.215097476480278,125.23272,7,"[11, 12, 13, 21, 32, 34, 39]","['González', 'Güémez', 'Guerrero', 'Matamoros', 'Río Bravo', 'San Fernando', 'Valle Hermoso']"
14,63,10.064315554364562,103.28924,9,"[6, 11, 21, 22, 26, 32, 34, 39, 40]","['Camargo', 'González', 'Matamoros', 'Méndez', 'Nuevo Laredo', 'Río Bravo', 'San Fernando', 'Valle Hermoso', 'Victoria']"
14,64,4.3298714987106,128.460678,10,"[2, 7, 11, 13, 21, 22, 31, 32, 34, 39]","['Altamira', 'Casas', 'González', 'Guerrero', 'Matamoros', 'Méndez', 'Reynosa', 'Río Bravo', 'San Fernando', 'Valle Hermoso']"
14,65,29.04380812108907,103.28924,6,"[11, 14, 21, 26, 34, 40]","['González', 'Gustavo Díaz Ordaz', 'Matamoros', 'Nuevo Laredo', 'San Fernando', 'Victoria']"
14,66,27.798369686128307,83.316397,9,"[1, 12, 14, 21, 26, 28, 34, 35, 40]","['Aldama', 'Güémez', 'Gustavo Díaz Ordaz', 'Matamoros', 'Nuevo Laredo', 'Ocampo', 'San Fernando', 'San Nicolás', 'Victoria']"
14,67,4.080671554817162,129.804564,10,"[2, 7, 11, 21, 22, 24, 31, 32, 34, 39]","['Altamira', 'Casas', 'González', 'Matamoros', 'Méndez', 'Miguel Alemán', 'Reynosa', 'Río Bravo', 'San Fernando', 'Valle Hermoso']"
14,68,28.141511142686618,93.902475,7,"[11, 12, 14, 18, 21, 26, 34]","['González', 'Güémez', 'Gustavo Díaz Ordaz', 'Llera', 'Matamoros', 'Nuevo Laredo', 'San Fernando']"
14,69,17.069218781235904,103.28924,7,"[6, 11, 21, 26, 32, 34, 40]","['Camargo', 'González', 'Matamoros', 'Nuevo Laredo', 'Río Bravo', 'San Fernando', 'Victoria']"
14,70,38.19153056134445,92.781591,7,"[4, 11, 12, 14, 18, 21, 26]","['Burgos', 'González', 'Güémez', 'Gustavo Díaz Ordaz', 'Llera', 'Matamoros', 'Nuevo Laredo']"
14,71,27.985636966192395,129.804564,5,"[7, 11, 24, 32, 34]","['Casas', 'González', 'Miguel Alemán', 'Río Bravo', 'San Fernando']"
14,72,55.12697115103506,126.101423,4,"[11, 12, 13, 32]","['González', 'Güémez', 'Guerrero', 'Río Bravo']"
14,73,12.045891782517742,129.804564,7,"[7, 11, 21, 24, 32, 34, 39]","['Casas', 'González', 'Matamoros', 'Miguel Alemán', 'Río Bravo', 'San Fernando', 'Valle Hermoso']"
14,74,41.21338061048691,97.088288,6,"[11, 14, 18, 21, 26, 35]","['González', 'Gustavo Díaz Ordaz', 'Llera', 'Matamoros', 'Nuevo Laredo', 'San Nicolás']"
14,75,10.16274280288312,125.23272,8,"[11, 12, 13, 21, 22, 32, 34, 39]","['González', 'Güémez', 'Guerrero', 'Matamoros', 'Méndez', 'Río Bravo', 'San Fernando', 'Valle Hermoso']"
14,76,13.542877645888119,92.781591,9,"[4, 6, 7, 11, 18, 21, 26, 32, 34]","['Burgos', 'Camargo', 'Casas', 'González', 'Llera', 'Matamoros', 'Nuevo Laredo', 'Río Bravo', 'San Fernando']"
14,77,7.234834499202491,125.23272,9,"[11, 12, 13, 21, 22, 31, 32, 34, 39]","['González', 'Güémez', 'Guerrero', 'Matamoros', 'Méndez', 'Reynosa', 'Río Bravo', 'San Fernando', 'Valle Hermoso']"
14,78,32.531594221753565,80.642886,9,"[0, 2, 3, 13, 26, 30, 32, 35, 39]","['Abasolo', 'Altamira', 'Antiguo Morelos', 'Guerrero', 'Nuevo Laredo', 'Palmillas', 'Río Bravo', 'San Nicolás', 'Valle Hermoso']"
14,79,8.905325283932356,129.804564,8,"[7, 11, 21, 22, 24, 32, 34, 39]","['Casas', 'González', 'Matamoros', 'Méndez', 'Miguel Alemán', 'Río Bravo', 'San Fernando', 'Valle Hermoso']"
14,80,54.81153305719145,129.804564,4,"[11, 12, 24, 32]","['González', 'Güémez', 'Miguel Alemán', 'Río Bravo']"
14,81,27.043796983190045,99.762503,7,"[4, 6, 11, 21, 26, 32, 40]","['Burgos', 'Camargo', 'González', 'Matamoros', 'Nuevo Laredo', 'Río Bravo', 'Victoria']"
14,82,39.24114968378519,89.54682,7,"[7, 11, 14, 18, 21, 26, 35]","['Casas', 'González', 'Gustavo Díaz Ordaz', 'Llera', 'Matamoros', 'Nuevo Laredo', 'San Nicolás']"
14,83,26.655824053854097,89.54682,8,"[7, 11, 14, 18, 21, 26, 34, 35]","['Casas', 'González', 'Gustavo Díaz Ordaz', 'Llera', 'Matamoros', 'Nuevo Laredo', 'San Fernando', 'San Nicolás']"
14,84,41.544618585240876,80.642886,8,"[0, 2, 3, 14, 26, 30, 35, 39]","['Abasolo', 'Altamira', 'Antiguo Morelos', 'Gustavo Díaz Ordaz', 'Nuevo Laredo', 'Palmillas', 'San Nicolás', 'Valle Hermoso']"
14,85,26.792580022309743,85.066614,9,"[1, 11, 12, 14, 21, 26, 28, 34, 35]","['Aldama', 'González', 'Güémez', 'Gustavo Díaz Ordaz', 'Matamoros', 'Nuevo Laredo', 'Ocampo', 'San Fernando', 'San Nicolás']"
14,86,14.68123471400093,89.54682,9,"[6, 7, 11, 18, 21, 26, 32, 34, 35]","['Camargo', 'Casas', 'González', 'Llera', 'Matamoros', 'Nuevo Laredo', 'Río Bravo', 'San Fernando', 'San Nicolás']"
14,87,27.93588727111514,85.066614,8,"[1, 12, 14, 21, 26, 28, 34, 35]","['Aldama', 'Güémez', 'Gustavo Díaz Ordaz', 'Matamoros', 'Nuevo Laredo', 'Ocampo', 'San Fernando', 'San Nicolás']"
14,88,16.166921802833443,93.902475,8,"[6, 11, 12, 18, 21, 26, 32, 34]","['Camargo', 'González', 'Güémez', 'Llera', 'Matamoros', 'Nuevo Laredo', 'Río Bravo', 'San Fernando']"
14,89,11.059157904241601,89.54682,10,"[7, 11, 18, 21, 24, 26, 32, 34, 35, 39]","['Casas', 'González', 'Llera', 'Matamoros', 'Miguel Alemán', 'Nuevo Laredo', 'Río Bravo', 'San Fernando', 'San Nicolás', 'Valle Hermoso']"
14,90,12.301260006227523,93.902475,9,"[6, 11, 12, 18, 21, 26, 32, 34, 39]","['Camargo', 'González', 'Güémez', 'Llera', 'Matamoros', 'Nuevo Laredo', 'Río Bravo', 'San Fernando', 'Valle Hermoso']"
14,91,25.286645202705966,87.858692,9,"[7, 11, 14, 18, 21, 26, 34, 35, 37]","['Casas', 'González', 'Gustavo Díaz Ordaz', 'Llera', 'Matamoros', 'Nuevo Laredo', 'San Fernando', 'San Nicolás', 'Tampico']"
15,1,21.42255192661401,197.327862,4,"[11, 21, 31, 34]","['González', 'Matamoros', 'Reynosa', 'San Fernando']"
15,2,39.789813631059396,197.327862,3,"[11, 31, 34]","['González', 'Reynosa', 'San Fernando']"
15,3,32.56141237266288,218.757001,3,"[11, 32, 34]","['González', 'Río Bravo', 'San Fernando']"
15,4,15.66796859227707,146.150389,6,"[6, 7, 11, 21, 32, 34]","['Camargo', 'Casas', 'González', 'Matamoros', 'Río Bravo', 'San Fernando']"
15,5,5.8811957481439885,146.150389,9,"[6, 7, 11, 21, 22, 31, 32, 34, 39]","['Camargo', 'Casas', 'González', 'Matamoros', 'Méndez', 'Reynosa', 'Río Bravo', 'San Fernando', 'Valle Hermoso']"
15,6,59.77113611663137,166.394431,3,"[11, 14, 34]","['González', 'Gustavo Díaz Ordaz', 'San Fernando']"
15,7,28.168142640762028,128.460678,5,"[7, 11, 23, 32, 34]","['Casas', 'González', 'Mier', 'Río Bravo', 'San Fernando']"
15,8,8.66174029708576,146.150389,8,"[6, 7, 11, 21, 22, 32, 34, 39]","['Camargo', 'Casas', 'González', 'Matamoros', 'Méndez', 'Río Bravo', 'San Fernando', 'Valle Hermoso']"
15,9,31.4838538804033,166.394431,4,"[11, 14, 21, 34]","['González', 'Gustavo Díaz Ordaz', 'Matamoros', 'San Fernando']"
15,10,70.87439659669022,159.121441,3,"[6, 11, 34]","['Camargo', 'González', 'San Fernando']"
15,11,20.487328985594157,218.757001,4,"[11, 21, 32, 34]","['González', 'Matamoros', 'Río Bravo', 'San Fernando']"
15,12,16.62166718898823,218.757001,5,"[11, 21, 32, 34, 39]","['González', 'Matamoros', 'Río Bravo', 'San Fernando', 'Valle Hermoso']"
15,13,27.742051979345796,146.150389,5,"[6, 7, 11, 32, 34]","['Camargo', 'Casas', 'González', 'Río Bravo', 'San Fernando']"
15,14,16.0940592536933,128.460678,6,"[7, 11, 21, 23, 32, 34]","['Casas', 'González', 'Matamoros', 'Mier', 'Río Bravo', 'San Fernando']"
15,15,13.486776481323737,197.327862,6,"[11, 21, 31, 32, 34, 39]","['González', 'Matamoros', 'Reynosa', 'Río Bravo', 'San Fernando', 'Valle Hermoso']"
15,16,9.639804742129789,218.757001,7,"[7, 11, 21, 22, 32, 34, 39]","['Casas', 'González', 'Matamoros', 'Méndez', 'Río Bravo', 'San Fernando', 'Valle Hermoso']"
15,17,6.504914034465295,197.327862,8,"[7, 11, 21, 22, 31, 32, 34, 39]","['Casas', 'González', 'Matamoros', 'Méndez', 'Reynosa', 'Río Bravo', 'San Fernando', 'Valle Hermoso']"
15,18,12.780371240715173,218.757001,6,"[7, 11, 21, 32, 34, 39]","['Casas', 'González', 'Matamoros', 'Río Bravo', 'San Fernando', 'Valle Hermoso']"
15,19,12.228397457087373,128.460678,7,"[7, 11, 21, 23, 32, 34, 39]","['Casas', 'González', 'Matamoros', 'Mier', 'Río Bravo', 'San Fernando', 'Valle Hermoso']"
15,20,11.802306795671146,146.150389,7,"[6, 7, 11, 21, 32, 34, 39]","['Camargo', 'Casas', 'González', 'Matamoros', 'Río Bravo', 'San Fernando', 'Valle Hermoso']"
15,21,9.087830958501987,128.460678,8,"[7, 11, 21, 22, 23, 32, 34, 39]","['Casas', 'González', 'Matamoros', 'Méndez', 'Mier', 'Río Bravo', 'San Fernando', 'Valle Hermoso']"
15,22,9.64548053305068,197.327862,7,"[7, 11, 21, 31, 32, 34, 39]","['Casas', 'González', 'Matamoros', 'Reynosa', 'Río Bravo', 'San Fernando', 'Valle Hermoso']"
15,23,29.569392829720854,122.698237,5,"[11, 23, 32, 34, 40]","['González', 'Mier', 'Río Bravo', 'San Fernando', 'Victoria']"
15,24,31.583347927618853,159.121441,4,"[6, 11, 32, 34]","['Camargo', 'González', 'Río Bravo', 'San Fernando']"
15,25,13.20355698462998,103.28924,8,"[6, 11, 21, 26, 32, 34, 39, 40]","['Camargo', 'González', 'Matamoros', 'Nuevo Laredo', 'Río Bravo', 'San Fernando', 'Valle Hermoso', 'Victoria']"
15,26,18.04728322627993,116.83644,6,"[11, 21, 26, 32, 34, 40]","['González', 'Matamoros', 'Nuevo Laredo', 'Río Bravo', 'San Fernando', 'Victoria']"
15,27,17.352438277929657,197.327862,5,"[11, 21, 31, 32, 34]","['González', 'Matamoros', 'Reynosa', 'Río Bravo', 'San Fernando']"
15,28,15.643602743944205,159.121441,6,"[6, 11, 21, 32, 34, 39]","['Camargo', 'González', 'Matamoros', 'Río Bravo', 'San Fernando', 'Valle Hermoso']"
15,29,19.509264540550127,159.121441,5,"[6, 11, 21, 32, 34]","['Camargo', 'González', 'Matamoros', 'Río Bravo', 'San Fernando']"
15,30,14.181621429674006,116.83644,7,"[11, 21, 26, 32, 34, 39, 40]","['González', 'Matamoros', 'Nuevo Laredo', 'Río Bravo', 'San Fernando', 'Valle Hermoso', 'Victoria']"
15,31,11.04673072200951,106.008269,8,"[11, 21, 26, 31, 32, 34, 39, 40]","['González', 'Matamoros', 'Nuevo Laredo', 'Reynosa', 'Río Bravo', 'San Fernando', 'Valle Hermoso', 'Victoria']"
15,32,17.49530944265213,122.698237,6,"[11, 21, 23, 32, 34, 40]","['González', 'Matamoros', 'Mier', 'Río Bravo', 'San Fernando', 'Victoria']"
15,33,17.069218781235904,103.28924,7,"[6, 11, 21, 26, 32, 34, 40]","['Camargo', 'González', 'Matamoros', 'Nuevo Laredo', 'Río Bravo', 'San Fernando', 'Victoria']"
15,34,30.121366613348652,116.83644,5,"[11, 26, 32, 34, 40]","['González', 'Nuevo Laredo', 'Río Bravo', 'San Fernando', 'Victoria']"
15,35,12.144879659326712,91.820321,9,"[6, 11, 18, 21, 26, 29, 32, 34, 39]","['Camargo', 'González', 'Llera', 'Matamoros', 'Nuevo Laredo', 'Padilla', 'Río Bravo', 'San Fernando', 'Valle Hermoso']"
15,36,6.159922654821361,128.460678,9,"[7, 11, 21, 22, 23, 31, 32, 34, 39]","['Casas', 'González', 'Matamoros', 'Méndez', 'Mier', 'Reynosa', 'Río Bravo', 'San Fernando', 'Valle Hermoso']"
15,37,14.912392518615436,106.008269,7,"[11, 21, 26, 31, 32, 34, 40]","['González', 'Matamoros', 'Nuevo Laredo', 'Reynosa', 'Río Bravo', 'San Fernando', 'Victoria']"
15,38,7.283771005422787,103.28924,10,"[6, 11, 21, 22, 26, 31, 32, 34, 39, 40]","['Camargo', 'González', 'Matamoros', 'Méndez', 'Nuevo Laredo', 'Reynosa', 'Río Bravo', 'San Fernando', 'Valle Hermoso', 'Victoria']"
15,39,10.064315554364562,103.28924,9,"[6, 11, 21, 22, 26, 32, 34, 39, 40]","['Camargo', 'González', 'Matamoros', 'Méndez', 'Nuevo Laredo', 'Río Bravo', 'San Fernando', 'Valle Hermoso', 'Victoria']"
15,40,41.31287465770246,97.088288,6,"[6, 11, 18, 26, 32, 35]","['Camargo', 'González', 'Llera', 'Nuevo Laredo', 'Río Bravo', 'San Nicolás']"
15,41,11.042379999408588,116.83644,8,"[11, 21, 22, 26, 32, 34, 39, 40]","['González', 'Matamoros', 'Méndez', 'Nuevo Laredo', 'Río Bravo', 'San Fernando', 'Valle Hermoso', 'Victoria']"
15,42,7.562497912100159,122.698237,9,"[11, 21, 22, 23, 31, 32, 34, 39, 40]","['González', 'Matamoros', 'Méndez', 'Mier', 'Reynosa', 'Río Bravo', 'San Fernando', 'Valle Hermoso', 'Victoria']"
15,43,41.027467941561,99.762503,6,"[6, 11, 26, 32, 35, 40]","['Camargo', 'González', 'Nuevo Laredo', 'Río Bravo', 'San Nicolás', 'Victoria']"
15,44,10.490406215780789,122.698237,8,"[11, 21, 22, 23, 32, 34, 39, 40]","['González', 'Matamoros', 'Méndez', 'Mier', 'Río Bravo', 'San Fernando', 'Valle Hermoso', 'Victoria']"
15,45,13.629647646046207,122.698237,7,"[11, 21, 23, 32, 34, 39, 40]","['González', 'Matamoros', 'Mier', 'Río Bravo', 'San Fernando', 'Valle Hermoso', 'Victoria']"
15,46,39.340643731000746,89.54682,7,"[6, 7, 11, 18, 26, 32, 35]","['Camargo', 'Casas', 'González', 'Llera', 'Nuevo Laredo', 'Río Bravo', 'San Nicolás']"
15,47,9.128821975351014,91.820321,10,"[6, 11, 18, 21, 22, 26, 29, 32, 34, 39]","['Camargo', 'González', 'Llera', 'Matamoros', 'Méndez', 'Nuevo Laredo', 'Padilla', 'Río Bravo', 'San Fernando', 'Valle Hermoso']"
15,48,82.8264985407979,146.150389,3,"[6, 20, 22]","['Camargo', 'El Mante', 'Méndez']"
15,49,14.534302099122492,89.54682,9,"[6, 7, 11, 18, 21, 26, 32, 33, 34]","['Camargo', 'Casas', 'González', 'Llera', 'Matamoros', 'Nuevo Laredo', 'Río Bravo', 'San Carlos', 'San Fernando']"
15,50,7.907489291744095,106.008269,9,"[11, 21, 22, 26, 31, 32, 34, 39, 40]","['González', 'Matamoros', 'Méndez', 'Nuevo Laredo', 'Reynosa', 'Río Bravo', 'San Fernando', 'Valle Hermoso', 'Victoria']"
15,51,26.793432773477004,81.262904,9,"[1, 6, 7, 10, 26, 30, 32, 33, 34]","['Aldama', 'Camargo', 'Casas', 'Gómez Farías', 'Nuevo Laredo', 'Palmillas', 'Río Bravo', 'San Carlos', 'San Fernando']"
15,52,16.010541455932636,91.820321,8,"[6, 11, 18, 21, 26, 29, 32, 34]","['Camargo', 'González', 'Llera', 'Matamoros', 'Nuevo Laredo', 'Padilla', 'Río Bravo', 'San Fernando']"
15,53,10.668640302516568,89.54682,10,"[6, 7, 11, 18, 21, 26, 32, 33, 34, 39]","['Camargo', 'Casas', 'González', 'Llera', 'Matamoros', 'Nuevo Laredo', 'Río Bravo', 'San Carlos', 'San Fernando', 'Valle Hermoso']"
15,54,74.24941736268339,150.277393,3,"[6, 34, 42]","['Camargo', 'San Fernando', 'Xicoténcatl']"
15,55,50.57806318396204,129.044191,4,"[20, 23, 32, 33]","['El Mante', 'Mier', 'Río Bravo', 'San Carlos']"
15,56,34.95836869361204,150.277393,4,"[6, 32, 34, 42]","['Camargo', 'Río Bravo', 'San Fernando', 'Xicoténcatl']"
15,57,13.16512324797436,87.858692,10,"[6, 7, 11, 18, 21, 26, 32, 33, 34, 37]","['Camargo', 'Casas', 'González', 'Llera', 'Matamoros', 'Nuevo Laredo', 'Río Bravo', 'San Carlos', 'San Fernando', 'Tampico']"
15,58,28.084624843001357,91.820321,7,"[6, 11, 18, 26, 29, 32, 34]","['Camargo', 'González', 'Llera', 'Nuevo Laredo', 'Padilla', 'Río Bravo', 'San Fernando']"
15,59,37.349767871745165,106.008269,5,"[11, 26, 31, 34, 40]","['González', 'Nuevo Laredo', 'Reynosa', 'San Fernando', 'Victoria']"
15,60,41.526469688667255,81.262904,8,"[6, 17, 26, 30, 32, 35, 37, 42]","['Camargo', 'Jiménez', 'Nuevo Laredo', 'Palmillas', 'Río Bravo', 'San Nicolás', 'Tampico', 'Xicoténcatl']"
15,61,24.974001985018187,79.739177,10,"[7, 10, 11, 14, 18, 21, 26, 33, 34, 37]","['Casas', 'Gómez Farías', 'González', 'Gustavo Díaz Ordaz', 'Llera', 'Matamoros', 'Nuevo Laredo', 'San Carlos', 'San Fernando', 'Tampico']"
15,62,18.98250616729979,106.008269,6,"[11, 21, 26, 31, 34, 40]","['González', 'Matamoros', 'Nuevo Laredo', 'Reynosa', 'San Fernando', 'Victoria']"
15,63,5.944505716359357,106.008269,10,"[2, 11, 21, 22, 26, 31, 32, 34, 39, 40]","['Altamira', 'González', 'Matamoros', 'Méndez', 'Nuevo Laredo', 'Reynosa', 'Río Bravo', 'San Fernando', 'Valle Hermoso', 'Victoria']"
15,64,3.9182121727592514,146.150389,10,"[2, 6, 7, 11, 21, 22, 31, 32, 34, 39]","['Altamira', 'Camargo', 'Casas', 'González', 'Matamoros', 'Méndez', 'Reynosa', 'Río Bravo', 'San Fernando', 'Valle Hermoso']"
15,65,4.196939079436624,128.460678,10,"[2, 7, 11, 21, 22, 23, 31, 32, 34, 39]","['Altamira', 'Casas', 'González', 'Matamoros', 'Méndez', 'Mier', 'Reynosa', 'Río Bravo', 'San Fernando', 'Valle Hermoso']"
15,66,42.66250539226249,96.206293,6,"[1, 6, 26, 30, 32, 35]","['Aldama', 'Camargo', 'Nuevo Laredo', 'Palmillas', 'Río Bravo', 'San Nicolás']"
15,67,22.884285306543312,150.277393,5,"[6, 21, 32, 34, 42]","['Camargo', 'Matamoros', 'Río Bravo', 'San Fernando', 'Xicoténcatl']"
15,68,5.5995143367154245,122.698237,10,"[2, 11, 21, 22, 23, 31, 32, 34, 39, 40]","['Altamira', 'González', 'Matamoros', 'Méndez', 'Mier', 'Reynosa', 'Río Bravo', 'San Fernando', 'Valle Hermoso', 'Victoria']"
15,69,29.04380812108907,103.28924,6,"[11, 14, 21, 26, 34, 40]","['González', 'Gustavo Díaz Ordaz', 'Matamoros', 'Nuevo Laredo', 'San Fernando', 'Victoria']"
15,70,42.759693925919166,138.045942,4,"[20, 22, 23, 32]","['El Mante', 'Méndez', 'Mier', 'Río Bravo']"
15,71,4.541930459080558,197.327862,9,"[2, 7, 11, 21, 22, 31, 32, 34, 39]","['Altamira', 'Casas', 'González', 'Matamoros', 'Méndez', 'Reynosa', 'Río Bravo', 'San Fernando', 'Valle Hermoso']"
15,72,25.139712587827532,87.858692,9,"[7, 11, 14, 18, 21, 26, 33, 34, 37]","['Casas', 'González', 'Gustavo Díaz Ordaz', 'Llera', 'Matamoros', 'Nuevo Laredo', 'San Carlos', 'San Fernando', 'Tampico']"
15,73,26.508891438975663,89.54682,8,"[7, 11, 14, 18, 21, 26, 33, 34]","['Casas', 'González', 'Gustavo Díaz Ordaz', 'Llera', 'Matamoros', 'Nuevo Laredo', 'San Carlos', 'San Fernando']"
15,74,41.18293158706369,77.851593,9,"[6, 11, 17, 26, 30, 32, 33, 37, 42]","['Camargo', 'González', 'Jiménez', 'Nuevo Laredo', 'Palmillas', 'Río Bravo', 'San Carlos', 'Tampico', 'Xicoténcatl']"
15,75,40.70456625103741,146.150389,4,"[6, 9, 32, 42]","['Camargo', 'Cruillas', 'Río Bravo', 'Xicoténcatl']"
15,76,8.685011016706213,99.762503,10,"[4, 11, 14, 21, 26, 31, 32, 34, 39, 40]","['Burgos', 'González', 'Gustavo Díaz Ordaz', 'Matamoros', 'Nuevo Laredo', 'Reynosa', 'Río Bravo', 'San Fernando', 'Valle Hermoso', 'Victoria']"
15,77,16.906648039529543,81.262904,10,"[6, 10, 17, 21, 26, 30, 32, 33, 34, 37]","['Camargo', 'Gómez Farías', 'Jiménez', 'Matamoros', 'Nuevo Laredo', 'Palmillas', 'Río Bravo', 'San Carlos', 'San Fernando', 'Tampico']"
15,78,37.97146487985261,87.858692,8,"[6, 7, 11, 18, 26, 32, 35, 37]","['Camargo', 'Casas', 'González', 'Llera', 'Nuevo Laredo', 'Río Bravo', 'San Nicolás', 'Tampico']"
15,79,25.277462662487917,67.706109,10,"[6, 7, 11, 26, 30, 32, 33, 34, 37, 42]","['Camargo', 'Casas', 'González', 'Nuevo Laredo', 'Palmillas', 'Río Bravo', 'San Carlos', 'San Fernando', 'Tampico', 'Xicoténcatl']"
15,80,91.93888549060327,138.045942,3,"[20, 22, 23]","['El Mante', 'Méndez', 'Mier']"
15,81,27.985636966192395,129.804564,5,"[7, 11, 24, 32, 34]","['Casas', 'González', 'Miguel Alemán', 'Río Bravo', 'San Fernando']"
15,82,41.905069248385125,141.396971,4,"[22, 23, 32, 42]","['Méndez', 'Mier', 'Río Bravo', 'Xicoténcatl']"
16,1,19.509264540550127,159.121441,5,"[6, 11, 21, 32, 34]","['Camargo', 'González', 'Matamoros', 'Río Bravo', 'San Fernando']"
16,2,16.62166718898823,218.757001,5,"[11, 21, 32, 34, 39]","['González', 'Matamoros', 'Río Bravo', 'San Fernando', 'Valle Hermoso']"
16,3,39.789813631059396,197.327862,3,"[11, 31, 34]","['González', 'Reynosa', 'San Fernando']"
16,4,17.080759273086198,125.23272,6,"[11, 12, 13, 21, 32, 34]","['González', 'Güémez', 'Guerrero', 'Matamoros', 'Río Bravo', 'San Fernando']"
16,5,32.56141237266288,218.757001,3,"[11, 32, 34]","['González', 'Río Bravo', 'San Fernando']"
16,6,31.4838538804033,166.394431,4,"[11, 14, 21, 34]","['González', 'Gustavo Díaz Ordaz', 'Matamoros', 'San Fernando']"
16,7,20.487328985594157,218.757001,4,"[11, 21, 32, 34]","['González', 'Matamoros', 'Río Bravo', 'San Fernando']"
16,8,13.215097476480278,125.23272,7,"[11, 12, 13, 21, 32, 34, 39]","['González', 'Güémez', 'Guerrero', 'Matamoros', 'Río Bravo', 'San Fernando', 'Valle Hermoso']"
16,9,15.643602743944205,159.121441,6,"[6, 11, 21, 32, 34, 39]","['Camargo', 'González', 'Matamoros', 'Río Bravo', 'San Fernando', 'Valle Hermoso']"
16,10,13.486776481323737,197.327862,6,"[11, 21, 31, 32, 34, 39]","['González', 'Matamoros', 'Reynosa', 'Río Bravo', 'San Fernando', 'Valle Hermoso']"
16,11,21.42255192661401,197.327862,4,"[11, 21, 31, 34]","['González', 'Matamoros', 'Reynosa', 'San Fernando']"
16,12,9.64548053305068,197.327862,7,"[7, 11, 21, 31, 32, 34, 39]","['Casas', 'González', 'Matamoros', 'Reynosa', 'Río Bravo', 'San Fernando', 'Valle Hermoso']"
16,13,29.04380812108907,103.28924,6,"[11, 14, 21, 26, 34, 40]","['González', 'Gustavo Díaz Ordaz', 'Matamoros', 'Nuevo Laredo', 'San Fernando', 'Victoria']"
16,14,17.352438277929657,197.327862,5,"[11, 21, 31, 32, 34]","['González', 'Matamoros', 'Reynosa', 'Río Bravo', 'San Fernando']"
16,15,70.87439659669022,159.121441,3,"[6, 11, 34]","['Camargo', 'González', 'San Fernando']"
16,16,12.361329876361348,128.460678,7,"[7, 11, 13, 21, 32, 34, 39]","['Casas', 'González', 'Guerrero', 'Matamoros', 'Río Bravo', 'San Fernando', 'Valle Hermoso']"
16,17,11.802306795671146,146.150389,7,"[6, 7, 11, 21, 32, 34, 39]","['Camargo', 'Casas', 'González', 'Matamoros', 'Río Bravo', 'San Fernando', 'Valle Hermoso']"
16,18,10.668640302516568,89.54682,10,"[6, 7, 11, 18, 21, 26, 32, 33, 34, 39]","['Camargo', 'Casas', 'González', 'Llera', 'Matamoros', 'Nuevo Laredo', 'Río Bravo', 'San Carlos', 'San Fernando', 'Valle Hermoso']"
16,19,9.639804742129789,218.757001,7,"[7, 11, 21, 22, 32, 34, 39]","['Casas', 'González', 'Matamoros', 'Méndez', 'Río Bravo', 'San Fernando', 'Valle Hermoso']"
16,20,12.821036340114002,74.208543,10,"[2, 6, 7, 11, 21, 26, 32, 33, 34, 38]","['Altamira', 'Camargo', 'Casas', 'González', 'Matamoros', 'Nuevo Laredo', 'Río Bravo', 'San Carlos', 'San Fernando', 'Tula']"
16,21,31.583347927618853,159.121441,4,"[6, 11, 32, 34]","['Camargo', 'González', 'Río Bravo', 'San Fernando']"
16,22,11.394803606396582,99.762503,9,"[4, 6, 11, 21, 26, 32, 34, 39, 40]","['Burgos', 'Camargo', 'González', 'Matamoros', 'Nuevo Laredo', 'Río Bravo', 'San Fernando', 'Valle Hermoso', 'Victoria']"
16,23,27.742051979345796,146.150389,5,"[6, 7, 11, 32, 34]","['Camargo', 'Casas', 'González', 'Río Bravo', 'San Fernando']"
16,24,15.911553579123666,129.804564,6,"[7, 11, 21, 24, 32, 34]","['Casas', 'González', 'Matamoros', 'Miguel Alemán', 'Río Bravo', 'San Fernando']"
16,25,44.73965700354259,97.088288,6,"[6, 11, 18, 26, 32, 33]","['Camargo', 'González', 'Llera', 'Nuevo Laredo', 'Río Bravo', 'San Carlos']"
16,26,15.66796859227707,146.150389,6,"[6, 7, 11, 21, 32, 34]","['Camargo', 'Casas', 'González', 'Matamoros', 'Río Bravo', 'San Fernando']"
16,27,27.470797058899002,81.482774,8,"[2, 7, 14, 21, 26, 33, 34, 38]","['Altamira', 'Casas', 'Gustavo Díaz Ordaz', 'Matamoros', 'Nuevo Laredo', 'San Carlos', 'San Fernando', 'Tula']"
16,28,12.780371240715173,218.757001,6,"[7, 11, 21, 32, 34, 39]","['Casas', 'González', 'Matamoros', 'Río Bravo', 'San Fernando', 'Valle Hermoso']"
16,29,27.985636966192395,129.804564,5,"[7, 11, 24, 32, 34]","['Casas', 'González', 'Miguel Alemán', 'Río Bravo', 'San Fernando']"
16,30,10.064315554364562,103.28924,9,"[6, 11, 21, 22, 26, 32, 34, 39, 40]","['Camargo', 'González', 'Matamoros', 'Méndez', 'Nuevo Laredo', 'Río Bravo', 'San Fernando', 'Valle Hermoso', 'Victoria']"
16,31,17.628241861926107,106.008269,6,"[11, 13, 21, 32, 34, 40]","['González', 'Guerrero', 'Matamoros', 'Río Bravo', 'San Fernando', 'Victoria']"
16,32,17.069218781235904,103.28924,7,"[6, 11, 21, 26, 32, 34, 40]","['Camargo', 'González', 'Matamoros', 'Nuevo Laredo', 'Río Bravo', 'San Fernando', 'Victoria']"
16,33,22.884285306543312,150.277393,5,"[6, 21, 32, 34, 42]","['Camargo', 'Matamoros', 'Río Bravo', 'San Fernando', 'Xicoténcatl']"
16,34,13.762580065320183,106.008269,7,"[11, 13, 21, 32, 34, 39, 40]","['González', 'Guerrero', 'Matamoros', 'Río Bravo', 'San Fernando', 'Valle Hermoso', 'Victoria']"
16,35,13.20355698462998,103.28924,8,"[6, 11, 21, 26, 32, 34, 39, 40]","['Camargo', 'González', 'Matamoros', 'Nuevo Laredo', 'Río Bravo', 'San Fernando', 'Valle Hermoso', 'Victoria']"
16,36,74.24941736268339,150.277393,3,"[6, 34, 42]","['Camargo', 'San Fernando', 'Xicoténcatl']"
16,37,15.260465403002506,99.762503,8,"[4, 6, 11, 21, 26, 32, 34, 40]","['Burgos', 'Camargo', 'González', 'Matamoros', 'Nuevo Laredo', 'Río Bravo', 'San Fernando', 'Victoria']"
16,38,9.520715457285748,93.902475,10,"[6, 11, 12, 18, 21, 26, 31, 32, 34, 39]","['Camargo', 'González', 'Güémez', 'Llera', 'Matamoros', 'Nuevo Laredo', 'Reynosa', 'Río Bravo', 'San Fernando', 'Valle Hermoso']"
16,39,3.9182121727592514,146.150389,10,"[2, 6, 7, 11, 21, 22, 31, 32, 34, 39]","['Altamira', 'Camargo', 'Casas', 'González', 'Matamoros', 'Méndez', 'Reynosa', 'Río Bravo', 'San Fernando', 'Valle Hermoso']"
16,40,16.226991672967277,128.460678,6,"[7, 11, 13, 21, 32, 34]","['Casas', 'González', 'Guerrero', 'Matamoros', 'Río Bravo', 'San Fernando']"
16,41,8.614259057454806,99.762503,10,"[4, 6, 11, 21, 26, 31, 32, 34, 39, 40]","['Burgos', 'Camargo', 'González', 'Matamoros', 'Nuevo Laredo', 'Reynosa', 'Río Bravo', 'San Fernando', 'Valle Hermoso', 'Victoria']"
16,42,29.154842660154923,125.23272,5,"[11, 12, 13, 32, 34]","['González', 'Güémez', 'Guerrero', 'Río Bravo', 'San Fernando']"
16,43,28.301075060036,128.460678,5,"[7, 11, 13, 32, 34]","['Casas', 'González', 'Guerrero', 'Río Bravo', 'San Fernando']"
16,44,6.504914034465295,197.327862,8,"[7, 11, 21, 22, 31, 32, 34, 39]","['Casas', 'González', 'Matamoros', 'Méndez', 'Reynosa', 'Río Bravo', 'San Fernando', 'Valle Hermoso']"
16,45,4.541930459080558,197.327862,9,"[2, 7, 11, 21, 22, 31, 32, 34, 39]","['Altamira', 'Casas', 'González', 'Matamoros', 'Méndez', 'Reynosa', 'Río Bravo', 'San Fernando', 'Valle Hermoso']"
16,46,12.045891782517742,129.804564,7,"[7, 11, 21, 24, 32, 34, 39]","['Casas', 'González', 'Matamoros', 'Miguel Alemán', 'Río Bravo', 'San Fernando', 'Valle Hermoso']"
16,47,10.16274280288312,125.23272,8,"[11, 12, 13, 21, 22, 32, 34, 39]","['González', 'Güémez', 'Guerrero', 'Matamoros', 'Méndez', 'Río Bravo', 'San Fernando', 'Valle Hermoso']"
16,48,8.66174029708576,146.150389,8,"[6, 7, 11, 21, 22, 32, 34, 39]","['Camargo', 'Casas', 'González', 'Matamoros', 'Méndez', 'Río Bravo', 'San Fernando', 'Valle Hermoso']"
16,49,34.95836869361204,150.277393,4,"[6, 32, 34, 42]","['Camargo', 'Río Bravo', 'San Fernando', 'Xicoténcatl']"
16,50,5.2718509238177536,125.23272,10,"[2, 11, 12, 13, 21, 22, 31, 32, 34, 39]","['Altamira', 'González', 'Güémez', 'Guerrero', 'Matamoros', 'Méndez', 'Reynosa', 'Río Bravo', 'San Fernando', 'Valle Hermoso']"
16,51,5.8811957481439885,146.150389,9,"[6, 7, 11, 21, 22, 31, 32, 34, 39]","['Camargo', 'Casas', 'González', 'Matamoros', 'Méndez', 'Reynosa', 'Río Bravo', 'San Fernando', 'Valle Hermoso']"
16,52,26.608385486191217,89.54682,8,"[6, 7, 11, 18, 26, 32, 33, 34]","['Camargo', 'Casas', 'González', 'Llera', 'Nuevo Laredo', 'Río Bravo', 'San Carlos', 'San Fernando']"
16,53,7.234834499202491,125.23272,9,"[11, 12, 13, 21, 22, 31, 32, 34, 39]","['González', 'Güémez', 'Guerrero', 'Matamoros', 'Méndez', 'Reynosa', 'Río Bravo', 'San Fernando', 'Valle Hermoso']"
16,54,3.870118395051585,197.327862,10,"[2, 7, 11, 21, 22, 31, 32, 33, 34, 39]","['Altamira', 'Casas', 'González', 'Matamoros', 'Méndez', 'Reynosa', 'Río Bravo', 'San Carlos', 'San Fernando', 'Valle Hermoso']"
16,55,6.292855074095337,128.460678,9,"[7, 11, 13, 21, 22, 31, 32, 34, 39]","['Casas', 'González', 'Guerrero', 'Matamoros', 'Méndez', 'Reynosa', 'Río Bravo', 'San Fernando', 'Valle Hermoso']"
16,56,4.3298714987106,128.460678,10,"[2, 7, 11, 13, 21, 22, 31, 32, 34, 39]","['Altamira', 'Casas', 'González', 'Guerrero', 'Matamoros', 'Méndez', 'Reynosa', 'Río Bravo', 'San Fernando', 'Valle Hermoso']"
16,57,10.623338635054765,106.008269,8,"[11, 13, 21, 22, 32, 34, 39, 40]","['González', 'Guerrero', 'Matamoros', 'Méndez', 'Río Bravo', 'San Fernando', 'Valle Hermoso', 'Victoria']"
16,58,9.220763377775967,128.460678,8,"[7, 11, 13, 21, 22, 32, 34, 39]","['Casas', 'González', 'Guerrero', 'Matamoros', 'Méndez', 'Río Bravo', 'San Fernando', 'Valle Hermoso']"
16,59,7.283771005422787,103.28924,10,"[6, 11, 21, 22, 26, 31, 32, 34, 39, 40]","['Camargo', 'González', 'Matamoros', 'Méndez', 'Nuevo Laredo', 'Reynosa', 'Río Bravo', 'San Fernando', 'Valle Hermoso', 'Victoria']"
16,60,11.630545922439909,81.482774,10,"[2, 6, 7, 21, 26, 32, 33, 34, 38, 39]","['Altamira', 'Camargo', 'Casas', 'Matamoros', 'Nuevo Laredo', 'Río Bravo', 'San Carlos', 'San Fernando', 'Tula', 'Valle Hermoso']"
16,61,14.961497216218039,67.706109,10,"[2, 6, 7, 10, 21, 26, 32, 33, 34, 38]","['Altamira', 'Camargo', 'Casas', 'Gómez Farías', 'Matamoros', 'Nuevo Laredo', 'Río Bravo', 'San Carlos', 'San Fernando', 'Tula']"
16,62,14.534302099122492,89.54682,9,"[6, 7, 11, 18, 21, 26, 32, 33, 34]","['Camargo', 'Casas', 'González', 'Llera', 'Matamoros', 'Nuevo Laredo', 'Río Bravo', 'San Carlos', 'San Fernando']"
16,63,29.702325248994832,106.008269,5,"[11, 13, 32, 34, 40]","['González', 'Guerrero', 'Río Bravo', 'San Fernando', 'Victoria']"
16,64,15.496207719045834,81.482774,9,"[2, 6, 7, 21, 26, 32, 33, 34, 38]","['Altamira', 'Camargo', 'Casas', 'Matamoros', 'Nuevo Laredo', 'Río Bravo', 'San Carlos', 'San Fernando', 'Tula']"
16,65,6.0436551302018975,129.804564,9,"[7, 11, 21, 22, 24, 31, 32, 34, 39]","['Casas', 'González', 'Matamoros', 'Méndez', 'Miguel Alemán', 'Reynosa', 'Río Bravo', 'San Fernando', 'Valle Hermoso']"
16,66,26.809454515734267,73.454405,9,"[2, 7, 10, 14, 21, 26, 33, 34, 40]","['Altamira', 'Casas', 'Gómez Farías', 'Gustavo Díaz Ordaz', 'Matamoros', 'Nuevo Laredo', 'San Carlos', 'San Fernando', 'Victoria']"
16,67,4.080671554817162,129.804564,10,"[2, 7, 11, 21, 22, 24, 31, 32, 34, 39]","['Altamira', 'Casas', 'González', 'Matamoros', 'Méndez', 'Miguel Alemán', 'Reynosa', 'Río Bravo', 'San Fernando', 'Valle Hermoso']"
16,68,53.78673318970865,128.460678,4,"[7, 11, 13, 39]","['Casas', 'González', 'Guerrero', 'Valle Hermoso']"
16,69,8.905325283932356,129.804564,8,"[7, 11, 21, 22, 24, 32, 34, 39]","['Casas', 'González', 'Matamoros', 'Méndez', 'Miguel Alemán', 'Río Bravo', 'San Fernando', 'Valle Hermoso']"
16,70,16.010541455932636,91.820321,8,"[6, 11, 18, 21, 26, 29, 32, 34]","['Camargo', 'González', 'Llera', 'Matamoros', 'Nuevo Laredo', 'Padilla', 'Río Bravo', 'San Fernando']"
16,71,12.144879659326712,91.820321,9,"[6, 11, 18, 21, 26, 29, 32, 34, 39]","['Camargo', 'González', 'Llera', 'Matamoros', 'Nuevo Laredo', 'Padilla', 'Río Bravo', 'San Fernando', 'Valle Hermoso']"
16,72,40.70456625103741,146.150389,4,"[6, 9, 32, 42]","['Camargo', 'Cruillas', 'Río Bravo', 'Xicoténcatl']"
16,73,59.77113611663137,166.394431,3,"[11, 14, 34]","['González', 'Gustavo Díaz Ordaz', 'San Fernando']"
16,74,54.50693537575296,125.23272,4,"[11, 12, 13, 39]","['González', 'Güémez', 'Guerrero', 'Valle Hermoso']"
16,75,27.235054742855674,99.762503,7,"[4, 11, 14, 21, 26, 34, 40]","['Burgos', 'González', 'Gustavo Díaz Ordaz', 'Matamoros', 'Nuevo Laredo', 'San Fernando', 'Victoria']"
16,76,28.084624843001357,91.820321,7,"[6, 11, 18, 26, 29, 32, 34]","['Camargo', 'González', 'Llera', 'Nuevo Laredo', 'Padilla', 'Río Bravo', 'San Fernando']"
16,77,24.89511972718273,74.208543,9,"[2, 6, 7, 11, 26, 32, 33, 34, 38]","['Altamira', 'Camargo', 'Casas', 'González', 'Nuevo Laredo', 'Río Bravo', 'San Carlos', 'San Fernando', 'Tula']"
16,78,43.762038646053384,84.571049,7,"[2, 6, 7, 26, 32, 33, 38]","['Altamira', 'Camargo', 'Casas', 'Nuevo Laredo', 'Río Bravo', 'San Carlos', 'Tula']"
16,79,27.035580603286764,67.706109,9,"[2, 6, 7, 10, 26, 32, 33, 34, 38]","['Altamira', 'Camargo', 'Casas', 'Gómez Farías', 'Nuevo Laredo', 'Río Bravo', 'San Carlos', 'San Fernando', 'Tula']"
16,80,7.695430331374136,106.008269,9,"[11, 13, 21, 22, 31, 32, 34, 39, 40]","['González', 'Guerrero', 'Matamoros', 'Méndez', 'Reynosa', 'Río Bravo', 'San Fernando', 'Valle Hermoso', 'Victoria']"
16,81,81.97187386326387,146.150389,3,"[6, 22, 42]","['Camargo', 'Méndez', 'Xicoténcatl']"
16,82,42.80013302613005,89.54682,7,"[6, 7, 11, 18, 26, 32, 33]","['Camargo', 'Casas', 'González', 'Llera', 'Nuevo Laredo', 'Río Bravo', 'San Carlos']"
16,83,14.834865175881092,71.232803,10,"[2, 6, 7, 10, 21, 26, 32, 33, 34, 40]","['Altamira', 'Camargo', 'Casas', 'Gómez Farías', 'Matamoros', 'Nuevo Laredo', 'Río Bravo', 'San Carlos', 'San Fernando', 'Victoria']"
16,84,88.64983778054405,141.396971,3,"[22, 24, 42]","['Méndez', 'Miguel Alemán', 'Xicoténcatl']"
16,85,26.908948562949817,71.232803,9,"[2, 6, 7, 10, 26, 32, 33, 34, 40]","['Altamira', 'Camargo', 'Casas', 'Gómez Farías', 'Nuevo Laredo', 'Río Bravo', 'San Carlos', 'San Fernando', 'Victoria']"
16,86,40.948151237884005,141.396971,4,"[9, 24, 32, 42]","['Cruillas', 'Miguel Alemán', 'Río Bravo', 'Xicoténcatl']"
16,87,57.67453030661876,186.503869,3,"[14, 39, 42]","['Gustavo Díaz Ordaz', 'Valle Hermoso', 'Xicoténcatl']"
16,88,5.7324467559894,106.008269,10,"[2, 11, 13, 21, 22, 31, 32, 34, 39, 40]","['Altamira', 'González', 'Guerrero', 'Matamoros', 'Méndez', 'Reynosa', 'Río Bravo', 'San Fernando', 'Valle Hermoso', 'Victoria']"
16,89,57.96026278850363,171.210441,3,"[14, 18, 39]","['Gustavo Díaz Ordaz', 'Llera', 'Valle Hermoso']"
17,1,39.789813631059396,197.327862,3,"[11, 31, 34]","['González', 'Reynosa', 'San Fernando']"
17,2,6.159922654821361,128.460678,9,"[7, 11, 21, 22, 23, 31, 32, 34, 39]","['Casas', 'González', 'Matamoros', 'Méndez', 'Mier', 'Reynosa', 'Río Bravo', 'San Fernando', 'Valle Hermoso']"
17,3,16.62166718898823,218.757001,5,"[11, 21, 32, 34, 39]","['González', 'Matamoros', 'Río Bravo', 'San Fernando', 'Valle Hermoso']"
17,4,59.77113611663137,166.394431,3,"[11, 14, 34]","['González', 'Gustavo Díaz Ordaz', 'San Fernando']"
17,5,12.780371240715173,218.757001,6,"[7, 11, 21, 32, 34, 39]","['Casas', 'González', 'Matamoros', 'Río Bravo', 'San Fernando', 'Valle Hermoso']"
17,6,17.352438277929657,197.327862,5,"[11, 21, 31, 32, 34]","['González', 'Matamoros', 'Reynosa', 'Río Bravo', 'San Fernando']"
17,7,9.087830958501987,128.460678,8,"[7, 11, 21, 22, 23, 32, 34, 39]","['Casas', 'González', 'Matamoros', 'Méndez', 'Mier', 'Río Bravo', 'San Fernando', 'Valle Hermoso']"
17,8,32.56141237266288,218.757001,3,"[11, 32, 34]","['González', 'Río Bravo', 'San Fernando']"
17,9,7.101902079928514,125.23272,9,"[11, 12, 21, 22, 23, 31, 32, 34, 39]","['González', 'Güémez', 'Matamoros', 'Méndez', 'Mier', 'Reynosa', 'Río Bravo', 'San Fernando', 'Valle Hermoso']"
17,10,20.487328985594157,218.757001,4,"[11, 21, 32, 34]","['González', 'Matamoros', 'Río Bravo', 'San Fernando']"
17,11,13.486776481323737,197.327862,6,"[11, 21, 31, 32, 34, 39]","['González', 'Matamoros', 'Reynosa', 'Río Bravo', 'San Fernando', 'Valle Hermoso']"
17,12,6.880020109639938,106.008269,10,"[11, 12, 13, 18, 21, 22, 31, 32, 34, 39]","['González', 'Güémez', 'Guerrero', 'Llera', 'Matamoros', 'Méndez', 'Reynosa', 'Río Bravo', 'San Fernando', 'Valle Hermoso']"
17,13,74.24941736268339,150.277393,3,"[6, 34, 42]","['Camargo', 'San Fernando', 'Xicoténcatl']"
17,14,16.72594488352365,106.008269,7,"[11, 12, 13, 18, 21, 32, 34]","['González', 'Güémez', 'Guerrero', 'Llera', 'Matamoros', 'Río Bravo', 'San Fernando']"
17,15,9.385710076979327,93.902475,10,"[10, 11, 12, 14, 21, 22, 26, 32, 34, 39]","['Gómez Farías', 'González', 'Güémez', 'Gustavo Díaz Ordaz', 'Matamoros', 'Méndez', 'Nuevo Laredo', 'Río Bravo', 'San Fernando', 'Valle Hermoso']"
17,16,31.4838538804033,166.394431,4,"[11, 14, 21, 34]","['González', 'Gustavo Díaz Ordaz', 'Matamoros', 'San Fernando']"
17,17,10.029810383609144,125.23272,8,"[11, 12, 21, 22, 23, 32, 34, 39]","['González', 'Güémez', 'Matamoros', 'Méndez', 'Mier', 'Río Bravo', 'San Fernando', 'Valle Hermoso']"
17,18,16.947826853812227,125.23272,6,"[11, 12, 21, 23, 32, 34]","['González', 'Güémez', 'Matamoros', 'Mier', 'Río Bravo', 'San Fernando']"
17,19,70.87439659669022,159.121441,3,"[6, 11, 34]","['Camargo', 'González', 'San Fernando']"
17,20,9.64548053305068,197.327862,7,"[7, 11, 21, 31, 32, 34, 39]","['Casas', 'González', 'Matamoros', 'Reynosa', 'Río Bravo', 'San Fernando', 'Valle Hermoso']"
17,21,15.643602743944205,159.121441,6,"[6, 11, 21, 32, 34, 39]","['Camargo', 'González', 'Matamoros', 'Río Bravo', 'San Fernando', 'Valle Hermoso']"
17,22,11.020172629634862,120.713771,8,"[11, 13, 18, 21, 22, 32, 34, 39]","['González', 'Guerrero', 'Llera', 'Matamoros', 'Méndez', 'Río Bravo', 'San Fernando', 'Valle Hermoso']"
17,23,9.382456721983289,106.008269,9,"[4, 11, 13, 18, 21, 31, 32, 34, 39]","['Burgos', 'González', 'Guerrero', 'Llera', 'Matamoros', 'Reynosa', 'Río Bravo', 'San Fernando', 'Valle Hermoso']"
17,24,6.504914034465295,197.327862,8,"[7, 11, 21, 22, 31, 32, 34, 39]","['Casas', 'González', 'Matamoros', 'Méndez', 'Reynosa', 'Río Bravo', 'San Fernando', 'Valle Hermoso']"
17,25,19.509264540550127,159.121441,5,"[6, 11, 21, 32, 34]","['Camargo', 'González', 'Matamoros', 'Río Bravo', 'San Fernando']"
17,26,14.885834426240788,120.713771,7,"[11, 13, 18, 21, 22, 32, 34]","['González', 'Guerrero', 'Llera', 'Matamoros', 'Méndez', 'Río Bravo', 'San Fernando']"
17,27,13.0821650572063,125.23272,7,"[11, 12, 21, 23, 32, 34, 39]","['González', 'Güémez', 'Matamoros', 'Mier', 'Río Bravo', 'San Fernando', 'Valle Hermoso']"
17,28,21.42255192661401,197.327862,4,"[11, 21, 31, 34]","['González', 'Matamoros', 'Reynosa', 'San Fernando']"
17,29,10.887240210360888,122.698237,8,"[11, 18, 21, 22, 23, 32, 34, 39]","['González', 'Llera', 'Matamoros', 'Méndez', 'Mier', 'Río Bravo', 'San Fernando', 'Valle Hermoso']"
17,30,40.70456625103741,146.150389,4,"[6, 9, 32, 42]","['Camargo', 'Cruillas', 'Río Bravo', 'Xicoténcatl']"
17,31,16.0940592536933,128.460678,6,"[7, 11, 21, 23, 32, 34]","['Casas', 'González', 'Matamoros', 'Mier', 'Río Bravo', 'San Fernando']"
17,32,12.228397457087373,128.460678,7,"[7, 11, 21, 23, 32, 34, 39]","['Casas', 'González', 'Matamoros', 'Mier', 'Río Bravo', 'San Fernando', 'Valle Hermoso']"
17,33,31.583347927618853,159.121441,4,"[6, 11, 32, 34]","['Camargo', 'González', 'Río Bravo', 'San Fernando']"
17,34,9.639804742129789,218.757001,7,"[7, 11, 21, 22, 32, 34, 39]","['Casas', 'González', 'Matamoros', 'Méndez', 'Río Bravo', 'San Fernando', 'Valle Hermoso']"
17,35,5.998797199790613,120.713771,10,"[7, 11, 13, 18, 21, 22, 31, 32, 34, 39]","['Casas', 'González', 'Guerrero', 'Llera', 'Matamoros', 'Méndez', 'Reynosa', 'Río Bravo', 'San Fernando', 'Valle Hermoso']"
17,36,27.742051979345796,146.150389,5,"[6, 7, 11, 32, 34]","['Camargo', 'Casas', 'González', 'Río Bravo', 'San Fernando']"
17,37,22.884285306543312,150.277393,5,"[6, 21, 32, 34, 42]","['Camargo', 'Matamoros', 'Río Bravo', 'San Fernando', 'Xicoténcatl']"
17,38,34.95836869361204,150.277393,4,"[6, 32, 34, 42]","['Camargo', 'Río Bravo', 'San Fernando', 'Xicoténcatl']"
17,39,8.092264325954234,120.713771,9,"[11, 13, 18, 21, 22, 31, 32, 34, 39]","['González', 'Guerrero', 'Llera', 'Matamoros', 'Méndez', 'Reynosa', 'Río Bravo', 'San Fernando', 'Valle Hermoso']"
17,40,8.66174029708576,146.150389,8,"[6, 7, 11, 21, 22, 32, 34, 39]","['Camargo', 'Casas', 'González', 'Matamoros', 'Méndez', 'Río Bravo', 'San Fernando', 'Valle Hermoso']"
17,41,28.168142640762028,128.460678,5,"[7, 11, 23, 32, 34]","['Casas', 'González', 'Mier', 'Río Bravo', 'San Fernando']"
17,42,11.802306795671146,146.150389,7,"[6, 7, 11, 21, 32, 34, 39]","['Camargo', 'Casas', 'González', 'Matamoros', 'Río Bravo', 'San Fernando', 'Valle Hermoso']"
17,43,4.735122484735575,128.460678,10,"[7, 8, 11, 21, 22, 23, 31, 32, 34, 39]","['Casas', 'Ciudad Madero', 'González', 'Matamoros', 'Méndez', 'Mier', 'Reynosa', 'Río Bravo', 'San Fernando', 'Valle Hermoso']"
17,44,5.8811957481439885,146.150389,9,"[6, 7, 11, 21, 22, 31, 32, 34, 39]","['Camargo', 'Casas', 'González', 'Matamoros', 'Méndez', 'Reynosa', 'Río Bravo', 'San Fernando', 'Valle Hermoso']"
17,45,12.860283086917724,106.008269,8,"[11, 12, 13, 18, 21, 32, 34, 39]","['González', 'Güémez', 'Guerrero', 'Llera', 'Matamoros', 'Río Bravo', 'San Fernando', 'Valle Hermoso']"
17,46,7.959331906680258,122.698237,9,"[11, 18, 21, 22, 23, 31, 32, 34, 39]","['González', 'Llera', 'Matamoros', 'Méndez', 'Mier', 'Reynosa', 'Río Bravo', 'San Fernando', 'Valle Hermoso']"
17,47,29.02191024088095,125.23272,5,"[11, 12, 23, 32, 34]","['González', 'Güémez', 'Mier', 'Río Bravo', 'San Fernando']"
17,48,44.73965700354259,97.088288,6,"[6, 11, 18, 26, 32, 33]","['Camargo', 'González', 'Llera', 'Nuevo Laredo', 'Río Bravo', 'San Carlos']"
17,49,54.99403873176108,126.101423,4,"[11, 12, 23, 32]","['González', 'Güémez', 'Mier', 'Río Bravo']"
17,50,14.75290200696681,122.698237,7,"[11, 18, 21, 22, 23, 32, 34]","['González', 'Llera', 'Matamoros', 'Méndez', 'Mier', 'Río Bravo', 'San Fernando']"
17,51,15.66796859227707,146.150389,6,"[6, 7, 11, 21, 32, 34]","['Camargo', 'Casas', 'González', 'Matamoros', 'Río Bravo', 'San Fernando']"
17,52,53.36517065740027,129.804564,4,"[7, 11, 24, 39]","['Casas', 'González', 'Miguel Alemán', 'Valle Hermoso']"
17,53,5.080113864379508,197.327862,9,"[7, 8, 11, 21, 22, 31, 32, 34, 39]","['Casas', 'Ciudad Madero', 'González', 'Matamoros', 'Méndez', 'Reynosa', 'Río Bravo', 'San Fernando', 'Valle Hermoso']"
17,54,12.045891782517742,129.804564,7,"[7, 11, 21, 24, 32, 34, 39]","['Casas', 'González', 'Matamoros', 'Miguel Alemán', 'Río Bravo', 'San Fernando', 'Valle Hermoso']"
17,55,6.0436551302018975,129.804564,9,"[7, 11, 21, 22, 24, 31, 32, 34, 39]","['Casas', 'González', 'Matamoros', 'Méndez', 'Miguel Alemán', 'Reynosa', 'Río Bravo', 'San Fernando', 'Valle Hermoso']"
17,56,8.905325283932356,129.804564,8,"[7, 11, 21, 22, 24, 32, 34, 39]","['Casas', 'González', 'Matamoros', 'Méndez', 'Miguel Alemán', 'Río Bravo', 'San Fernando', 'Valle Hermoso']"
17,57,41.26358933172761,141.396971,4,"[9, 13, 32, 42]","['Cruillas', 'Guerrero', 'Río Bravo', 'Xicoténcatl']"
17,58,15.911553579123666,129.804564,6,"[7, 11, 21, 24, 32, 34]","['Casas', 'González', 'Matamoros', 'Miguel Alemán', 'Río Bravo', 'San Fernando']"
17,59,12.367312791325078,93.902475,9,"[6, 10, 11, 12, 21, 26, 32, 34, 39]","['Camargo', 'Gómez Farías', 'González', 'Güémez', 'Matamoros', 'Nuevo Laredo', 'Río Bravo', 'San Fernando', 'Valle Hermoso']"
17,60,4.618854960116113,129.804564,10,"[7, 8, 11, 21, 22, 24, 31, 32, 34, 39]","['Casas', 'Ciudad Madero', 'González', 'Matamoros', 'Méndez', 'Miguel Alemán', 'Reynosa', 'Río Bravo', 'San Fernando', 'Valle Hermoso']"
17,61,12.515609909024345,91.820321,9,"[6, 11, 21, 26, 29, 32, 34, 38, 39]","['Camargo', 'González', 'Matamoros', 'Nuevo Laredo', 'Padilla', 'Río Bravo', 'San Fernando', 'Tula', 'Valle Hermoso']"
17,62,81.97187386326387,146.150389,3,"[6, 22, 42]","['Camargo', 'Méndez', 'Xicoténcatl']"
17,63,26.608385486191217,89.54682,8,"[6, 7, 11, 18, 26, 32, 33, 34]","['Camargo', 'Casas', 'González', 'Llera', 'Nuevo Laredo', 'Río Bravo', 'San Carlos', 'San Fernando']"
17,64,42.80013302613005,89.54682,7,"[6, 7, 11, 18, 26, 32, 33]","['Camargo', 'Casas', 'González', 'Llera', 'Nuevo Laredo', 'Río Bravo', 'San Carlos']"
17,65,4.456395578058203,146.150389,10,"[6, 7, 8, 11, 21, 22, 31, 32, 34, 39]","['Camargo', 'Casas', 'Ciudad Madero', 'González', 'Matamoros', 'Méndez', 'Reynosa', 'Río Bravo', 'San Fernando', 'Valle Hermoso']"
17,66,23.739289535964918,122.698237,6,"[9, 11, 18, 21, 23, 32]","['Cruillas', 'González', 'Llera', 'Matamoros', 'Mier', 'Río Bravo']"
17,67,5.677101909842729,125.23272,10,"[8, 11, 12, 21, 22, 23, 31, 32, 34, 39]","['Ciudad Madero', 'González', 'Güémez', 'Matamoros', 'Méndez', 'Mier', 'Reynosa', 'Río Bravo', 'San Fernando', 'Valle Hermoso']"
17,68,35.81337292303365,122.698237,5,"[9, 11, 18, 23, 32]","['Cruillas', 'González', 'Llera', 'Mier', 'Río Bravo']"
17,69,28.800028270592367,106.008269,6,"[11, 12, 13, 18, 32, 34]","['González', 'Güémez', 'Guerrero', 'Llera', 'Río Bravo', 'San Fernando']"
17,70,23.8722219552389,111.114446,6,"[9, 11, 13, 18, 21, 32]","['Cruillas', 'González', 'Guerrero', 'Llera', 'Matamoros', 'Río Bravo']"
17,71,25.604838374536016,69.722158,10,"[6, 7, 8, 11, 26, 32, 34, 38, 41, 42]","['Camargo', 'Casas', 'Ciudad Madero', 'González', 'Nuevo Laredo', 'Río Bravo', 'San Fernando', 'Tula', 'Villagrán', 'Xicoténcatl']"
17,72,12.210932444424268,101.65538,9,"[6, 10, 11, 21, 26, 29, 32, 34, 39]","['Camargo', 'Gómez Farías', 'González', 'Matamoros', 'Nuevo Laredo', 'Padilla', 'Río Bravo', 'San Fernando', 'Valle Hermoso']"
17,73,35.94630534230762,111.114446,5,"[9, 11, 13, 18, 32]","['Cruillas', 'González', 'Guerrero', 'Llera', 'Río Bravo']"
17,74,14.534302099122492,89.54682,9,"[6, 7, 11, 18, 21, 26, 32, 33, 34]","['Camargo', 'Casas', 'González', 'Llera', 'Matamoros', 'Nuevo Laredo', 'Río Bravo', 'San Carlos', 'San Fernando']"
17,75,5.865864780516636,122.698237,10,"[7, 11, 18, 21, 22, 23, 31, 32, 34, 39]","['Casas', 'González', 'Llera', 'Matamoros', 'Méndez', 'Mier', 'Reynosa', 'Río Bravo', 'San Fernando', 'Valle Hermoso']"
17,76,27.985636966192395,129.804564,5,"[7, 11, 24, 32, 34]","['Casas', 'González', 'Miguel Alemán', 'Río Bravo', 'San Fernando']"
17,77,9.925642886464873,91.820321,10,"[11, 21, 22, 23, 26, 29, 32, 34, 38, 39]","['González', 'Matamoros', 'Méndez', 'Mier', 'Nuevo Laredo', 'Padilla', 'Río Bravo', 'San Fernando', 'Tula', 'Valle Hermoso']"
17,78,13.109501929036707,87.858692,10,"[6, 7, 8, 11, 18, 21, 26, 32, 33, 34]","['Camargo', 'Casas', 'Ciudad Madero', 'González', 'Llera', 'Matamoros', 'Nuevo Laredo', 'Río Bravo', 'San Carlos', 'San Fernando']"
17,79,28.051183580883357,101.65538,7,"[10, 11, 14, 21, 26, 29, 34]","['Gómez Farías', 'González', 'Gustavo Díaz Ordaz', 'Matamoros', 'Nuevo Laredo', 'Padilla', 'San Fernando']"
17,80,4.408301800350535,197.327862,10,"[7, 8, 11, 21, 22, 31, 32, 33, 34, 39]","['Casas', 'Ciudad Madero', 'González', 'Matamoros', 'Méndez', 'Reynosa', 'Río Bravo', 'San Carlos', 'San Fernando', 'Valle Hermoso']"
17,81,25.28944963376459,74.208543,9,"[2, 6, 7, 11, 26, 32, 34, 38, 41]","['Altamira', 'Camargo', 'Casas', 'González', 'Nuevo Laredo', 'Río Bravo', 'San Fernando', 'Tula', 'Villagrán']"
17,82,13.215366246695869,74.208543,10,"[2, 6, 7, 11, 21, 26, 32, 34, 38, 41]","['Altamira', 'Camargo', 'Casas', 'González', 'Matamoros', 'Nuevo Laredo', 'Río Bravo', 'San Fernando', 'Tula', 'Villagrán']"
17,83,52.94612270698314,106.008269,5,"[11, 18, 26, 31, 33]","['González', 'Llera', 'Nuevo Laredo', 'Reynosa', 'San Carlos']"
17,84,27.964621012696416,81.482774,8,"[2, 6, 7, 26, 32, 34, 38, 41]","['Altamira', 'Camargo', 'Casas', 'Nuevo Laredo', 'Río Bravo', 'San Fernando', 'Tula', 'Villagrán']"
17,85,15.890537625627697,81.482774,9,"[2, 6, 7, 21, 26, 32, 34, 38, 41]","['Altamira', 'Camargo', 'Casas', 'Matamoros', 'Nuevo Laredo', 'Río Bravo', 'San Fernando', 'Tula', 'Villagrán']"
17,86,28.084624843001357,91.820321,7,"[6, 11, 18, 26, 29, 32, 34]","['Camargo', 'González', 'Llera', 'Nuevo Laredo', 'Padilla', 'Río Bravo', 'San Fernando']"
17,87,10.668640302516568,89.54682,10,"[6, 7, 11, 18, 21, 26, 32, 33, 34, 39]","['Camargo', 'Casas', 'González', 'Llera', 'Matamoros', 'Nuevo Laredo', 'Río Bravo', 'San Carlos', 'San Fernando', 'Valle Hermoso']"
17,88,16.010541455932636,91.820321,8,"[6, 11, 18, 21, 26, 29, 32, 34]","['Camargo', 'González', 'Llera', 'Matamoros', 'Nuevo Laredo', 'Padilla', 'Río Bravo', 'San Fernando']"
18,1,70.87439659669022,159.121441,3,"[6, 11, 34]","['Camargo', 'González', 'San Fernando']"
18,2,4.741089553648683,197.327862,10,"[0, 1, 7, 11, 21, 22, 31, 32, 34, 39]","['Abasolo', 'Aldama', 'Casas', 'González', 'Matamoros', 'Méndez', 'Reynosa', 'Río Bravo', 'San Fernando', 'Valle Hermoso']"
18,3,26.17585250214561,67.706109,10,"[1, 7, 8, 13, 26, 30, 32, 33, 34, 42]","['Aldama', 'Casas', 'Ciudad Madero', 'Guerrero', 'Nuevo Laredo', 'Palmillas', 'Río Bravo', 'San Carlos', 'San Fernando', 'Xicoténcatl']"
18,4,15.690237591991952,78.684483,10,"[6, 7, 8, 21, 26, 30, 32, 33, 34, 42]","['Camargo', 'Casas', 'Ciudad Madero', 'Matamoros', 'Nuevo Laredo', 'Palmillas', 'Río Bravo', 'San Carlos', 'San Fernando', 'Xicoténcatl']"
18,5,9.639804742129789,218.757001,7,"[7, 11, 21, 22, 32, 34, 39]","['Casas', 'González', 'Matamoros', 'Méndez', 'Río Bravo', 'San Fernando', 'Valle Hermoso']"
18,6,93.85652963991171,138.045942,3,"[13, 20, 22]","['Guerrero', 'El Mante', 'Méndez']"
18,7,29.702325248994832,106.008269,5,"[11, 13, 32, 34, 40]","['González', 'Guerrero', 'Río Bravo', 'San Fernando', 'Victoria']"
18,8,57.53560466761939,176.097157,3,"[14, 36, 39]","['Gustavo Díaz Ordaz', 'Soto la Marina', 'Valle Hermoso']"
18,9,50.57806318396204,129.044191,4,"[20, 23, 32, 33]","['El Mante', 'Mier', 'Río Bravo', 'San Carlos']"
18,10,45.944894787222495,96.206293,6,"[1, 14, 21, 26, 30, 33]","['Aldama', 'Gustavo Díaz Ordaz', 'Matamoros', 'Nuevo Laredo', 'Palmillas', 'San Carlos']"
18,11,59.77113611663137,166.394431,3,"[11, 14, 34]","['González', 'Gustavo Díaz Ordaz', 'San Fernando']"
18,12,22.884285306543312,150.277393,5,"[6, 21, 32, 34, 42]","['Camargo', 'Matamoros', 'Río Bravo', 'San Fernando', 'Xicoténcatl']"
18,13,12.045891782517742,129.804564,7,"[7, 11, 21, 24, 32, 34, 39]","['Casas', 'González', 'Matamoros', 'Miguel Alemán', 'Río Bravo', 'San Fernando', 'Valle Hermoso']"
18,14,81.97187386326387,146.150389,3,"[6, 22, 42]","['Camargo', 'Méndez', 'Xicoténcatl']"
18,15,74.24941736268339,150.277393,3,"[6, 34, 42]","['Camargo', 'San Fernando', 'Xicoténcatl']"
18,16,44.1773593024045,85.066614,7,"[1, 12, 14, 26, 28, 32, 33]","['Aldama', 'Güémez', 'Gustavo Díaz Ordaz', 'Nuevo Laredo', 'Ocampo', 'Río Bravo', 'San Carlos']"
18,17,20.487328985594157,218.757001,4,"[11, 21, 32, 34]","['González', 'Matamoros', 'Río Bravo', 'San Fernando']"
18,18,88.64983778054405,141.396971,3,"[22, 24, 42]","['Méndez', 'Miguel Alemán', 'Xicoténcatl']"
18,19,14.71541397117432,91.627469,9,"[6, 7, 11, 21, 26, 28, 32, 33, 34]","['Camargo', 'Casas', 'González', 'Matamoros', 'Nuevo Laredo', 'Ocampo', 'Río Bravo', 'San Carlos', 'San Fernando']"
18,20,31.583347927618853,159.121441,4,"[6, 11, 32, 34]","['Camargo', 'González', 'Río Bravo', 'San Fernando']"
18,21,26.769283585473765,89.54682,8,"[7, 11, 14, 21, 26, 30, 33, 34]","['Casas', 'González', 'Gustavo Díaz Ordaz', 'Matamoros', 'Nuevo Laredo', 'Palmillas', 'San Carlos', 'San Fernando']"
18,22,16.228720680789145,91.820321,8,"[6, 11, 21, 26, 28, 29, 32, 34]","['Camargo', 'González', 'Matamoros', 'Nuevo Laredo', 'Ocampo', 'Padilla', 'Río Bravo', 'San Fernando']"
18,23,16.947826853812227,125.23272,6,"[11, 12, 21, 23, 32, 34]","['González', 'Güémez', 'Matamoros', 'Mier', 'Río Bravo', 'San Fernando']"
18,24,9.347001200207526,91.820321,10,"[6, 11, 21, 22, 26, 28, 29, 32, 34, 39]","['Camargo', 'González', 'Matamoros', 'Méndez', 'Nuevo Laredo', 'Ocampo', 'Padilla', 'Río Bravo', 'San Fernando', 'Valle Hermoso']"
18,25,5.8811957481439885,146.150389,9,"[6, 7, 11, 21, 22, 31, 32, 34, 39]","['Camargo', 'Casas', 'González', 'Matamoros', 'Méndez', 'Reynosa', 'Río Bravo', 'San Fernando', 'Valle Hermoso']"
18,26,17.352438277929657,197.327862,5,"[11, 21, 31, 32, 34]","['González', 'Matamoros', 'Reynosa', 'Río Bravo', 'San Fernando']"
18,27,13.629647646046207,122.698237,7,"[11, 21, 23, 32, 34, 39, 40]","['González', 'Matamoros', 'Mier', 'Río Bravo', 'San Fernando', 'Valle Hermoso', 'Victoria']"
18,28,25.122347296334706,73.454405,10,"[7, 8, 11, 14, 21, 26, 30, 33, 34, 42]","['Casas', 'Ciudad Madero', 'González', 'Gustavo Díaz Ordaz', 'Matamoros', 'Nuevo Laredo', 'Palmillas', 'San Carlos', 'San Fernando', 'Xicoténcatl']"
18,29,54.50693537575296,125.23272,4,"[11, 12, 13, 39]","['González', 'Güémez', 'Guerrero', 'Valle Hermoso']"
18,30,34.95836869361204,150.277393,4,"[6, 32, 34, 42]","['Camargo', 'Río Bravo', 'San Fernando', 'Xicoténcatl']"
18,31,19.509264540550127,159.121441,5,"[6, 11, 21, 32, 34]","['Camargo', 'González', 'Matamoros', 'Río Bravo', 'San Fernando']"
18,32,39.789813631059396,197.327862,3,"[11, 31, 34]","['González', 'Reynosa', 'San Fernando']"
18,33,31.4838538804033,166.394431,4,"[11, 14, 21, 34]","['González', 'Gustavo Díaz Ordaz', 'Matamoros', 'San Fernando']"
18,34,42.892626345193136,138.045942,4,"[13, 20, 22, 32]","['Guerrero', 'El Mante', 'Méndez', 'Río Bravo']"
18,35,41.422804298815635,77.851593,9,"[1, 8, 14, 17, 21, 26, 30, 33, 42]","['Aldama', 'Ciudad Madero', 'Gustavo Díaz Ordaz', 'Jiménez', 'Matamoros', 'Nuevo Laredo', 'Palmillas', 'San Carlos', 'Xicoténcatl']"
18,36,41.72256357381549,141.396971,4,"[22, 24, 32, 42]","['Méndez', 'Miguel Alemán', 'Río Bravo', 'Xicoténcatl']"
18,37,45.9347047413637,97.298421,6,"[1, 14, 21, 26, 28, 33]","['Aldama', 'Gustavo Díaz Ordaz', 'Matamoros', 'Nuevo Laredo', 'Ocampo', 'San Carlos']"
18,38,17.628241861926107,106.008269,6,"[11, 13, 21, 32, 34, 40]","['González', 'Guerrero', 'Matamoros', 'Río Bravo', 'San Fernando', 'Victoria']"
18,39,28.20331002064231,91.820321,7,"[11, 14, 21, 26, 28, 29, 34]","['González', 'Gustavo Díaz Ordaz', 'Matamoros', 'Nuevo Laredo', 'Ocampo', 'Padilla', 'San Fernando']"
18,40,32.56141237266288,218.757001,3,"[11, 32, 34]","['González', 'Río Bravo', 'San Fernando']"
18,41,42.58196127351226,81.262904,8,"[1, 14, 17, 21, 26, 30, 33, 42]","['Aldama', 'Gustavo Díaz Ordaz', 'Jiménez', 'Matamoros', 'Nuevo Laredo', 'Palmillas', 'San Carlos', 'Xicoténcatl']"
18,42,43.48661583404437,89.54682,7,"[7, 11, 23, 26, 30, 32, 33]","['Casas', 'González', 'Mier', 'Nuevo Laredo', 'Palmillas', 'Río Bravo', 'San Carlos']"
18,43,44.387981608234895,99.762503,6,"[11, 14, 21, 26, 33, 40]","['González', 'Gustavo Díaz Ordaz', 'Matamoros', 'Nuevo Laredo', 'San Carlos', 'Victoria']"
18,44,27.81536575599871,85.066614,8,"[1, 12, 14, 21, 26, 28, 33, 34]","['Aldama', 'Güémez', 'Gustavo Díaz Ordaz', 'Matamoros', 'Nuevo Laredo', 'Ocampo', 'San Carlos', 'San Fernando']"
18,45,41.47897858696889,146.150389,4,"[6, 22, 32, 42]","['Camargo', 'Méndez', 'Río Bravo', 'Xicoténcatl']"
18,46,9.087830958501987,128.460678,8,"[7, 11, 21, 22, 23, 32, 34, 39]","['Casas', 'González', 'Matamoros', 'Méndez', 'Mier', 'Río Bravo', 'San Fernando', 'Valle Hermoso']"
18,47,10.92903244901467,89.54682,10,"[6, 7, 11, 21, 26, 30, 32, 33, 34, 39]","['Camargo', 'Casas', 'González', 'Matamoros', 'Nuevo Laredo', 'Palmillas', 'Río Bravo', 'San Carlos', 'San Fernando', 'Valle Hermoso']"
18,48,21.42255192661401,197.327862,4,"[11, 21, 31, 34]","['González', 'Matamoros', 'Reynosa', 'San Fernando']"
18,49,29.569392829720854,122.698237,5,"[11, 23, 32, 34, 40]","['González', 'Mier', 'Río Bravo', 'San Fernando', 'Victoria']"
18,50,13.20355698462998,103.28924,8,"[6, 11, 21, 26, 32, 34, 39, 40]","['Camargo', 'González', 'Matamoros', 'Nuevo Laredo', 'Río Bravo', 'San Fernando', 'Valle Hermoso', 'Victoria']"
18,51,13.0821650572063,125.23272,7,"[11, 12, 21, 23, 32, 34, 39]","['González', 'Güémez', 'Matamoros', 'Mier', 'Río Bravo', 'San Fernando', 'Valle Hermoso']"
18,52,14.739231888522388,81.262904,10,"[1, 7, 14, 21, 26, 28, 32, 33, 34, 40]","['Aldama', 'Casas', 'Gustavo Díaz Ordaz', 'Matamoros', 'Nuevo Laredo', 'Ocampo', 'Río Bravo', 'San Carlos', 'San Fernando', 'Victoria']"
18,53,29.04380812108907,103.28924,6,"[11, 14, 21, 26, 34, 40]","['González', 'Gustavo Díaz Ordaz', 'Matamoros', 'Nuevo Laredo', 'San Fernando', 'Victoria']"
18,54,28.13542551507367,101.65538,7,"[6, 11, 26, 29, 32, 34, 42]","['Camargo', 'González', 'Nuevo Laredo', 'Padilla', 'Río Bravo', 'San Fernando', 'Xicoténcatl']"
18,55,26.69000331102749,91.627469,8,"[7, 11, 14, 21, 26, 28, 33, 34]","['Casas', 'González', 'Gustavo Díaz Ordaz', 'Matamoros', 'Nuevo Laredo', 'Ocampo', 'San Carlos', 'San Fernando']"
18,56,9.33456532827706,99.762503,10,"[11, 14, 21, 22, 26, 29, 32, 34, 39, 40]","['González', 'Gustavo Díaz Ordaz', 'Matamoros', 'Méndez', 'Nuevo Laredo', 'Padilla', 'Río Bravo', 'San Fernando', 'Valle Hermoso', 'Victoria']"
18,57,43.5702958564209,78.684483,8,"[8, 14, 17, 21, 26, 30, 33, 42]","['Ciudad Madero', 'Gustavo Díaz Ordaz', 'Jiménez', 'Matamoros', 'Nuevo Laredo', 'Palmillas', 'San Carlos', 'Xicoténcatl']"
18,58,8.66174029708576,146.150389,8,"[6, 7, 11, 21, 22, 32, 34, 39]","['Camargo', 'Casas', 'González', 'Matamoros', 'Méndez', 'Río Bravo', 'San Fernando', 'Valle Hermoso']"
18,59,12.195680331399027,101.65538,9,"[6, 11, 21, 26, 29, 32, 34, 39, 42]","['Camargo', 'González', 'Matamoros', 'Nuevo Laredo', 'Padilla', 'Río Bravo', 'San Fernando', 'Valle Hermoso', 'Xicoténcatl']"
18,60,11.802306795671146,146.150389,7,"[6, 7, 11, 21, 32, 34, 39]","['Camargo', 'Casas', 'González', 'Matamoros', 'Río Bravo', 'San Fernando', 'Valle Hermoso']"
18,61,7.907489291744095,106.008269,9,"[11, 21, 22, 26, 31, 32, 34, 39, 40]","['González', 'Matamoros', 'Méndez', 'Nuevo Laredo', 'Reynosa', 'Río Bravo', 'San Fernando', 'Valle Hermoso', 'Victoria']"
18,62,13.762580065320183,106.008269,7,"[11, 13, 21, 32, 34, 39, 40]","['González', 'Guerrero', 'Matamoros', 'Río Bravo', 'San Fernando', 'Valle Hermoso', 'Victoria']"
18,63,27.66482693184512,78.684483,9,"[7, 8, 14, 21, 26, 30, 33, 34, 42]","['Casas', 'Ciudad Madero', 'Gustavo Díaz Ordaz', 'Matamoros', 'Nuevo Laredo', 'Palmillas', 'San Carlos', 'San Fernando', 'Xicoténcatl']"
18,64,6.504914034465295,197.327862,8,"[7, 11, 21, 22, 31, 32, 34, 39]","['Casas', 'González', 'Matamoros', 'Méndez', 'Reynosa', 'Río Bravo', 'San Fernando', 'Valle Hermoso']"
18,65,14.865446204871999,89.54682,9,"[7, 11, 14, 21, 26, 30, 32, 33, 34]","['Casas', 'González', 'Gustavo Díaz Ordaz', 'Matamoros', 'Nuevo Laredo', 'Palmillas', 'Río Bravo', 'San Carlos', 'San Fernando']"
18,66,7.101902079928514,125.23272,9,"[11, 12, 21, 22, 23, 31, 32, 34, 39]","['González', 'Güémez', 'Matamoros', 'Méndez', 'Mier', 'Reynosa', 'Río Bravo', 'San Fernando', 'Valle Hermoso']"
18,67,29.02191024088095,125.23272,5,"[11, 12, 23, 32, 34]","['González', 'Güémez', 'Mier', 'Río Bravo', 'San Fernando']"
18,68,5.145960288531956,128.460678,10,"[1, 7, 11, 21, 22, 23, 31, 32, 34, 39]","['Aldama', 'Casas', 'González', 'Matamoros', 'Méndez', 'Mier', 'Reynosa', 'Río Bravo', 'San Fernando', 'Valle Hermoso']"
18,69,15.643602743944205,159.121441,6,"[6, 11, 21, 32, 34, 39]","['Camargo', 'González', 'Matamoros', 'Río Bravo', 'San Fernando', 'Valle Hermoso']"
18,70,5.49095166817589,197.327862,9,"[1, 7, 11, 21, 22, 31, 32, 34, 39]","['Aldama', 'Casas', 'González', 'Matamoros', 'Méndez', 'Reynosa', 'Río Bravo', 'San Fernando', 'Valle Hermoso']"
18,71,5.029692763912493,129.804564,10,"[1, 7, 11, 21, 22, 24, 31, 32, 34, 39]","['Aldama', 'Casas', 'González', 'Matamoros', 'Méndez', 'Miguel Alemán', 'Reynosa', 'Río Bravo', 'San Fernando', 'Valle Hermoso']"
18,72,16.62166718898823,218.757001,5,"[11, 21, 32, 34, 39]","['González', 'Matamoros', 'Río Bravo', 'San Fernando', 'Valle Hermoso']"
18,73,12.780371240715173,218.757001,6,"[7, 11, 21, 32, 34, 39]","['Casas', 'González', 'Matamoros', 'Río Bravo', 'San Fernando', 'Valle Hermoso']"
18,74,10.490406215780789,122.698237,8,"[11, 21, 22, 23, 32, 34, 39, 40]","['González', 'Matamoros', 'Méndez', 'Mier', 'Río Bravo', 'San Fernando', 'Valle Hermoso', 'Victoria']"
18,75,7.562497912100159,122.698237,9,"[11, 21, 22, 23, 31, 32, 34, 39, 40]","['González', 'Matamoros', 'Méndez', 'Mier', 'Reynosa', 'Río Bravo', 'San Fernando', 'Valle Hermoso', 'Victoria']"
18,76,12.363058884183221,91.820321,9,"[6, 11, 21, 26, 28, 29, 32, 34, 39]","['Camargo', 'González', 'Matamoros', 'Nuevo Laredo', 'Ocampo', 'Padilla', 'Río Bravo', 'San Fernando', 'Valle Hermoso']"
18,77,26.64306926912415,81.262904,9,"[1, 7, 14, 21, 26, 28, 33, 34, 40]","['Aldama', 'Casas', 'Gustavo Díaz Ordaz', 'Matamoros', 'Nuevo Laredo', 'Ocampo', 'San Carlos', 'San Fernando', 'Victoria']"
18,78,6.159922654821361,128.460678,9,"[7, 11, 21, 22, 23, 31, 32, 34, 39]","['Casas', 'González', 'Matamoros', 'Méndez', 'Mier', 'Reynosa', 'Río Bravo', 'San Fernando', 'Valle Hermoso']"
18,79,7.354522964674193,103.28924,10,"[11, 14, 21, 22, 26, 31, 32, 34, 39, 40]","['González', 'Gustavo Díaz Ordaz', 'Matamoros', 'Méndez', 'Nuevo Laredo', 'Reynosa', 'Río Bravo', 'San Fernando', 'Valle Hermoso', 'Victoria']"
18,80,10.064315554364562,103.28924,9,"[6, 11, 21, 22, 26, 32, 34, 39, 40]","['Camargo', 'González', 'Matamoros', 'Méndez', 'Nuevo Laredo', 'Río Bravo', 'San Fernando', 'Valle Hermoso', 'Victoria']"
18,81,10.623338635054765,106.008269,8,"[11, 13, 21, 22, 32, 34, 39, 40]","['González', 'Guerrero', 'Matamoros', 'Méndez', 'Río Bravo', 'San Fernando', 'Valle Hermoso', 'Victoria']"
18,82,13.486776481323737,197.327862,6,"[11, 21, 31, 32, 34, 39]","['González', 'Matamoros', 'Reynosa', 'Río Bravo', 'San Fernando', 'Valle Hermoso']"
18,83,10.029810383609144,125.23272,8,"[11, 12, 21, 22, 23, 32, 34, 39]","['González', 'Güémez', 'Matamoros', 'Méndez', 'Mier', 'Río Bravo', 'San Fernando', 'Valle Hermoso']"
18,84,17.069218781235904,103.28924,7,"[6, 11, 21, 26, 32, 34, 40]","['Camargo', 'González', 'Matamoros', 'Nuevo Laredo', 'Río Bravo', 'San Fernando', 'Victoria']"
18,85,9.64548053305068,197.327862,7,"[7, 11, 21, 31, 32, 34, 39]","['Casas', 'González', 'Matamoros', 'Reynosa', 'Río Bravo', 'San Fernando', 'Valle Hermoso']"
18,86,15.911528375396944,85.066614,9,"[1, 12, 14, 21, 26, 28, 32, 33, 34]","['Aldama', 'Güémez', 'Gustavo Díaz Ordaz', 'Matamoros', 'Nuevo Laredo', 'Ocampo', 'Río Bravo', 'San Carlos', 'San Fernando']"
18,87,42.827508632726264,91.627469,7,"[1, 14, 17, 21, 26, 28, 33]","['Aldama', 'Gustavo Díaz Ordaz', 'Jiménez', 'Matamoros', 'Nuevo Laredo', 'Ocampo', 'San Carlos']"
18,88,12.938758431632442,85.066614,10,"[1, 12, 14, 21, 22, 26, 28, 32, 33, 34]","['Aldama', 'Güémez', 'Gustavo Díaz Ordaz', 'Matamoros', 'Méndez', 'Nuevo Laredo', 'Ocampo', 'Río Bravo', 'San Carlos', 'San Fernando']"
18,89,4.867233381854583,146.150389,10,"[1, 6, 7, 11, 21, 22, 31, 32, 34, 39]","['Aldama', 'Camargo', 'Casas', 'González', 'Matamoros', 'Méndez', 'Reynosa', 'Río Bravo', 'San Fernando', 'Valle Hermoso']"
18,90,17.49530944265213,122.698237,6,"[11, 21, 23, 32, 34, 40]","['González', 'Matamoros', 'Mier', 'Río Bravo', 'San Fernando', 'Victoria']"
18,91,6.042178128375481,106.008269,10,"[7, 11, 13, 21, 22, 31, 32, 34, 39, 40]","['Casas', 'González', 'Guerrero', 'Matamoros', 'Méndez', 'Reynosa', 'Río Bravo', 'San Fernando', 'Valle Hermoso', 'Victoria']"
18,92,9.179622647423328,101.65538,10,"[6, 11, 21, 22, 26, 29, 32, 34, 39, 42]","['Camargo', 'González', 'Matamoros', 'Méndez', 'Nuevo Laredo', 'Padilla', 'Río Bravo', 'San Fernando', 'Valle Hermoso', 'Xicoténcatl']"
18,93,16.06134212800495,101.65538,8,"[6, 11, 21, 26, 29, 32, 34, 42]","['Camargo', 'González', 'Matamoros', 'Nuevo Laredo', 'Padilla', 'Río Bravo', 'San Fernando', 'Xicoténcatl']"
18,94,16.0940592536933,128.460678,6,"[7, 11, 21, 23, 32, 34]","['Casas', 'González', 'Matamoros', 'Mier', 'Río Bravo', 'San Fernando']"
18,95,12.228397457087373,128.460678,7,"[7, 11, 21, 23, 32, 34, 39]","['Casas', 'González', 'Matamoros', 'Mier', 'Río Bravo', 'San Fernando', 'Valle Hermoso']"
18,96,27.742051979345796,146.150389,5,"[6, 7, 11, 32, 34]","['Camargo', 'Casas', 'González', 'Río Bravo', 'San Fernando']"
18,97,5.909245709101505,122.698237,10,"[7, 11, 21, 22, 23, 31, 32, 34, 39, 40]","['Casas', 'González', 'Matamoros', 'Méndez', 'Mier', 'Reynosa', 'Río Bravo', 'San Fernando', 'Valle Hermoso', 'Victoria']"
18,98,28.168142640762028,128.460678,5,"[7, 11, 23, 32, 34]","['Casas', 'González', 'Mier', 'Río Bravo', 'San Fernando']"
18,99,15.66796859227707,146.150389,6,"[6, 7, 11, 21, 32, 34]","['Camargo', 'Casas', 'González', 'Matamoros', 'Río Bravo', 'San Fernando']"
18,100,28.196234068296075,99.762503,7,"[11, 14, 21, 26, 33, 34, 40]","['González', 'Gustavo Díaz Ordaz', 'Matamoros', 'Nuevo Laredo', 'San Carlos', 'San Fernando', 'Victoria']"
19,1,32.56141237266288,218.757001,3,"[11, 32, 34]","['González', 'Río Bravo', 'San Fernando']"
19,2,16.62166718898823,218.757001,5,"[11, 21, 32, 34, 39]","['González', 'Matamoros', 'Río Bravo', 'San Fernando', 'Valle Hermoso']"
19,3,59.77113611663137,166.394431,3,"[11, 14, 34]","['González', 'Gustavo Díaz Ordaz', 'San Fernando']"
19,4,20.487328985594157,218.757001,4,"[11, 21, 32, 34]","['González', 'Matamoros', 'Río Bravo', 'San Fernando']"
19,5,39.789813631059396,197.327862,3,"[11, 31, 34]","['González', 'Reynosa', 'San Fernando']"
19,6,17.628241861926107,106.008269,6,"[11, 13, 21, 32, 34, 40]","['González', 'Guerrero', 'Matamoros', 'Río Bravo', 'San Fernando', 'Victoria']"
19,7,29.702325248994832,106.008269,5,"[11, 13, 32, 34, 40]","['González', 'Guerrero', 'Río Bravo', 'San Fernando', 'Victoria']"
19,8,13.486776481323737,197.327862,6,"[11, 21, 31, 32, 34, 39]","['González', 'Matamoros', 'Reynosa', 'Río Bravo', 'San Fernando', 'Valle Hermoso']"
19,9,31.4838538804033,166.394431,4,"[11, 14, 21, 34]","['González', 'Gustavo Díaz Ordaz', 'Matamoros', 'San Fernando']"
19,10,21.42255192661401,197.327862,4,"[11, 21, 31, 34]","['González', 'Matamoros', 'Reynosa', 'San Fernando']"
19,11,13.762580065320183,106.008269,7,"[11, 13, 21, 32, 34, 39, 40]","['González', 'Guerrero', 'Matamoros', 'Río Bravo', 'San Fernando', 'Valle Hermoso', 'Victoria']"
19,12,17.352438277929657,197.327862,5,"[11, 21, 31, 32, 34]","['González', 'Matamoros', 'Reynosa', 'Río Bravo', 'San Fernando']"
19,13,70.87439659669022,159.121441,3,"[6, 11, 34]","['Camargo', 'González', 'San Fernando']"
19,14,29.569392829720854,122.698237,5,"[11, 23, 32, 34, 40]","['González', 'Mier', 'Río Bravo', 'San Fernando', 'Victoria']"
19,15,29.04380812108907,103.28924,6,"[11, 14, 21, 26, 34, 40]","['González', 'Gustavo Díaz Ordaz', 'Matamoros', 'Nuevo Laredo', 'San Fernando', 'Victoria']"
19,16,13.629647646046207,122.698237,7,"[11, 21, 23, 32, 34, 39, 40]","['González', 'Matamoros', 'Mier', 'Río Bravo', 'San Fernando', 'Valle Hermoso', 'Victoria']"
19,17,9.64548053305068,197.327862,7,"[7, 11, 21, 31, 32, 34, 39]","['Casas', 'González', 'Matamoros', 'Reynosa', 'Río Bravo', 'San Fernando', 'Valle Hermoso']"
19,18,31.583347927618853,159.121441,4,"[6, 11, 32, 34]","['Camargo', 'González', 'Río Bravo', 'San Fernando']"
19,19,17.069218781235904,103.28924,7,"[6, 11, 21, 26, 32, 34, 40]","['Camargo', 'González', 'Matamoros', 'Nuevo Laredo', 'Río Bravo', 'San Fernando', 'Victoria']"
19,20,27.985636966192395,129.804564,5,"[7, 11, 24, 32, 34]","['Casas', 'González', 'Miguel Alemán', 'Río Bravo', 'San Fernando']"
19,21,27.742051979345796,146.150389,5,"[6, 7, 11, 32, 34]","['Camargo', 'Casas', 'González', 'Río Bravo', 'San Fernando']"
19,22,15.260465403002506,99.762503,8,"[4, 6, 11, 21, 26, 32, 34, 40]","['Burgos', 'Camargo', 'González', 'Matamoros', 'Nuevo Laredo', 'Río Bravo', 'San Fernando', 'Victoria']"
19,23,15.643602743944205,159.121441,6,"[6, 11, 21, 32, 34, 39]","['Camargo', 'González', 'Matamoros', 'Río Bravo', 'San Fernando', 'Valle Hermoso']"
19,24,12.045891782517742,129.804564,7,"[7, 11, 21, 24, 32, 34, 39]","['Casas', 'González', 'Matamoros', 'Miguel Alemán', 'Río Bravo', 'San Fernando', 'Valle Hermoso']"
19,25,15.911553579123666,129.804564,6,"[7, 11, 21, 24, 32, 34]","['Casas', 'González', 'Matamoros', 'Miguel Alemán', 'Río Bravo', 'San Fernando']"
19,26,15.66796859227707,146.150389,6,"[6, 7, 11, 21, 32, 34]","['Camargo', 'Casas', 'González', 'Matamoros', 'Río Bravo', 'San Fernando']"
19,27,19.509264540550127,159.121441,5,"[6, 11, 21, 32, 34]","['Camargo', 'González', 'Matamoros', 'Río Bravo', 'San Fernando']"
19,28,12.780371240715173,218.757001,6,"[7, 11, 21, 32, 34, 39]","['Casas', 'González', 'Matamoros', 'Río Bravo', 'San Fernando', 'Valle Hermoso']"
19,29,11.394803606396582,99.762503,9,"[4, 6, 11, 21, 26, 32, 34, 39, 40]","['Burgos', 'Camargo', 'González', 'Matamoros', 'Nuevo Laredo', 'Río Bravo', 'San Fernando', 'Valle Hermoso', 'Victoria']"
19,30,17.49530944265213,122.698237,6,"[11, 21, 23, 32, 34, 40]","['González', 'Matamoros', 'Mier', 'Río Bravo', 'San Fernando', 'Victoria']"
19,31,13.20355698462998,103.28924,8,"[6, 11, 21, 26, 32, 34, 39, 40]","['Camargo', 'González', 'Matamoros', 'Nuevo Laredo', 'Río Bravo', 'San Fernando', 'Valle Hermoso', 'Victoria']"
19,32,7.562497912100159,122.698237,9,"[11, 21, 22, 23, 31, 32, 34, 39, 40]","['González', 'Matamoros', 'Méndez', 'Mier', 'Reynosa', 'Río Bravo', 'San Fernando', 'Valle Hermoso', 'Victoria']"
19,33,28.168142640762028,128.460678,5,"[7, 11, 23, 32, 34]","['Casas', 'González', 'Mier', 'Río Bravo', 'San Fernando']"
19,34,5.138918504543778,125.23272,10,"[2, 11, 12, 21, 22, 23, 31, 32, 34, 39]","['Altamira', 'González', 'Güémez', 'Matamoros', 'Méndez', 'Mier', 'Reynosa', 'Río Bravo', 'San Fernando', 'Valle Hermoso']"
19,35,28.084624843001357,91.820321,7,"[6, 11, 18, 26, 29, 32, 34]","['Camargo', 'González', 'Llera', 'Nuevo Laredo', 'Padilla', 'Río Bravo', 'San Fernando']"
19,36,11.802306795671146,146.150389,7,"[6, 7, 11, 21, 32, 34, 39]","['Camargo', 'Casas', 'González', 'Matamoros', 'Río Bravo', 'San Fernando', 'Valle Hermoso']"
19,37,4.541930459080558,197.327862,9,"[2, 7, 11, 21, 22, 31, 32, 34, 39]","['Altamira', 'Casas', 'González', 'Matamoros', 'Méndez', 'Reynosa', 'Río Bravo', 'San Fernando', 'Valle Hermoso']"
19,38,12.228397457087373,128.460678,7,"[7, 11, 21, 23, 32, 34, 39]","['Casas', 'González', 'Matamoros', 'Mier', 'Río Bravo', 'San Fernando', 'Valle Hermoso']"
19,39,3.792068344553351,197.327862,10,"[0, 2, 7, 11, 21, 22, 31, 32, 34, 39]","['Abasolo', 'Altamira', 'Casas', 'González', 'Matamoros', 'Méndez', 'Reynosa', 'Río Bravo', 'San Fernando', 'Valle Hermoso']"
19,40,16.0940592536933,128.460678,6,"[7, 11, 21, 23, 32, 34]","['Casas', 'González', 'Matamoros', 'Mier', 'Río Bravo', 'San Fernando']"
19,41,3.9182121727592514,146.150389,10,"[2, 6, 7, 11, 21, 22, 31, 32, 34, 39]","['Altamira', 'Camargo', 'Casas', 'González', 'Matamoros', 'Méndez', 'Reynosa', 'Río Bravo', 'San Fernando', 'Valle Hermoso']"
19,42,5.7324467559894,106.008269,10,"[2, 11, 13, 21, 22, 31, 32, 34, 39, 40]","['Altamira', 'González', 'Guerrero', 'Matamoros', 'Méndez', 'Reynosa', 'Río Bravo', 'San Fernando', 'Valle Hermoso', 'Victoria']"
19,43,7.695430331374136,106.008269,9,"[11, 13, 21, 22, 31, 32, 34, 39, 40]","['González', 'Guerrero', 'Matamoros', 'Méndez', 'Reynosa', 'Río Bravo', 'San Fernando', 'Valle Hermoso', 'Victoria']"
19,44,6.504914034465295,197.327862,8,"[7, 11, 21, 22, 31, 32, 34, 39]","['Casas', 'González', 'Matamoros', 'Méndez', 'Reynosa', 'Río Bravo', 'San Fernando', 'Valle Hermoso']"
19,45,27.12657217531161,89.54682,8,"[6, 7, 11, 18, 19, 26, 32, 34]","['Camargo', 'Casas', 'González', 'Llera', 'Mainero', 'Nuevo Laredo', 'Río Bravo', 'San Fernando']"
19,46,9.639804742129789,218.757001,7,"[7, 11, 21, 22, 32, 34, 39]","['Casas', 'González', 'Matamoros', 'Méndez', 'Río Bravo', 'San Fernando', 'Valle Hermoso']"
19,47,10.623338635054765,106.008269,8,"[11, 13, 21, 22, 32, 34, 39, 40]","['González', 'Guerrero', 'Matamoros', 'Méndez', 'Río Bravo', 'San Fernando', 'Valle Hermoso', 'Victoria']"
19,48,15.052488788242888,89.54682,9,"[6, 7, 11, 18, 19, 21, 26, 32, 34]","['Camargo', 'Casas', 'González', 'Llera', 'Mainero', 'Matamoros', 'Nuevo Laredo', 'Río Bravo', 'San Fernando']"
19,49,22.884285306543312,150.277393,5,"[6, 21, 32, 34, 42]","['Camargo', 'Matamoros', 'Río Bravo', 'San Fernando', 'Xicoténcatl']"
19,50,74.24941736268339,150.277393,3,"[6, 34, 42]","['Camargo', 'San Fernando', 'Xicoténcatl']"
19,51,7.101902079928514,125.23272,9,"[11, 12, 21, 22, 23, 31, 32, 34, 39]","['González', 'Güémez', 'Matamoros', 'Méndez', 'Mier', 'Reynosa', 'Río Bravo', 'San Fernando', 'Valle Hermoso']"
19,52,34.95836869361204,150.277393,4,"[6, 32, 34, 42]","['Camargo', 'Río Bravo', 'San Fernando', 'Xicoténcatl']"
19,53,10.490406215780789,122.698237,8,"[11, 21, 22, 23, 32, 34, 39, 40]","['González', 'Matamoros', 'Méndez', 'Mier', 'Río Bravo', 'San Fernando', 'Valle Hermoso', 'Victoria']"
19,54,8.66174029708576,146.150389,8,"[6, 7, 11, 21, 22, 32, 34, 39]","['Camargo', 'Casas', 'González', 'Matamoros', 'Méndez', 'Río Bravo', 'San Fernando', 'Valle Hermoso']"
19,55,16.010541455932636,91.820321,8,"[6, 11, 18, 21, 26, 29, 32, 34]","['Camargo', 'González', 'Llera', 'Matamoros', 'Nuevo Laredo', 'Padilla', 'Río Bravo', 'San Fernando']"
19,56,4.196939079436624,128.460678,10,"[2, 7, 11, 21, 22, 23, 31, 32, 34, 39]","['Altamira', 'Casas', 'González', 'Matamoros', 'Méndez', 'Mier', 'Reynosa', 'Río Bravo', 'San Fernando', 'Valle Hermoso']"
19,57,9.087830958501987,128.460678,8,"[7, 11, 21, 22, 23, 32, 34, 39]","['Casas', 'González', 'Matamoros', 'Méndez', 'Mier', 'Río Bravo', 'San Fernando', 'Valle Hermoso']"
19,58,6.159922654821361,128.460678,9,"[7, 11, 21, 22, 23, 31, 32, 34, 39]","['Casas', 'González', 'Matamoros', 'Méndez', 'Mier', 'Reynosa', 'Río Bravo', 'San Fernando', 'Valle Hermoso']"
19,59,5.5995143367154245,122.698237,10,"[2, 11, 21, 22, 23, 31, 32, 34, 39, 40]","['Altamira', 'González', 'Matamoros', 'Méndez', 'Mier', 'Reynosa', 'Río Bravo', 'San Fernando', 'Valle Hermoso', 'Victoria']"
19,60,13.0821650572063,125.23272,7,"[11, 12, 21, 23, 32, 34, 39]","['González', 'Güémez', 'Matamoros', 'Mier', 'Río Bravo', 'San Fernando', 'Valle Hermoso']"
19,61,6.0436551302018975,129.804564,9,"[7, 11, 21, 22, 24, 31, 32, 34, 39]","['Casas', 'González', 'Matamoros', 'Méndez', 'Miguel Alemán', 'Reynosa', 'Río Bravo', 'San Fernando', 'Valle Hermoso']"
19,62,10.029810383609144,125.23272,8,"[11, 12, 21, 22, 23, 32, 34, 39]","['González', 'Güémez', 'Matamoros', 'Méndez', 'Mier', 'Río Bravo', 'San Fernando', 'Valle Hermoso']"
19,63,5.8811957481439885,146.150389,9,"[6, 7, 11, 21, 22, 31, 32, 34, 39]","['Camargo', 'Casas', 'González', 'Matamoros', 'Méndez', 'Reynosa', 'Río Bravo', 'San Fernando', 'Valle Hermoso']"
19,64,27.043796983190045,99.762503,7,"[4, 6, 11, 21, 26, 32, 40]","['Burgos', 'Camargo', 'González', 'Matamoros', 'Nuevo Laredo', 'Río Bravo', 'Victoria']"
19,65,8.905325283932356,129.804564,8,"[7, 11, 21, 22, 24, 32, 34, 39]","['Casas', 'González', 'Matamoros', 'Méndez', 'Miguel Alemán', 'Río Bravo', 'San Fernando', 'Valle Hermoso']"
19,66,39.01838632304321,99.762503,6,"[4, 11, 14, 21, 26, 40]","['Burgos', 'González', 'Gustavo Díaz Ordaz', 'Matamoros', 'Nuevo Laredo', 'Victoria']"
19,67,10.064315554364562,103.28924,9,"[6, 11, 21, 22, 26, 32, 34, 39, 40]","['Camargo', 'González', 'Matamoros', 'Méndez', 'Nuevo Laredo', 'Río Bravo', 'San Fernando', 'Valle Hermoso', 'Victoria']"
19,68,7.283771005422787,103.28924,10,"[6, 11, 21, 22, 26, 31, 32, 34, 39, 40]","['Camargo', 'González', 'Matamoros', 'Méndez', 'Nuevo Laredo', 'Reynosa', 'Río Bravo', 'San Fernando', 'Valle Hermoso', 'Victoria']"
19,69,16.947826853812227,125.23272,6,"[11, 12, 21, 23, 32, 34]","['González', 'Güémez', 'Matamoros', 'Mier', 'Río Bravo', 'San Fernando']"
19,70,81.97187386326387,146.150389,3,"[6, 22, 42]","['Camargo', 'Méndez', 'Xicoténcatl']"
19,71,11.186826991636964,89.54682,10,"[6, 7, 11, 18, 19, 21, 26, 32, 34, 39]","['Camargo', 'Casas', 'González', 'Llera', 'Mainero', 'Matamoros', 'Nuevo Laredo', 'Río Bravo', 'San Fernando', 'Valle Hermoso']"
19,72,29.02191024088095,125.23272,5,"[11, 12, 23, 32, 34]","['González', 'Güémez', 'Mier', 'Río Bravo', 'San Fernando']"
19,73,54.99403873176108,126.101423,4,"[11, 12, 23, 32]","['González', 'Güémez', 'Mier', 'Río Bravo']"
19,74,4.080671554817162,129.804564,10,"[2, 7, 11, 21, 22, 24, 31, 32, 34, 39]","['Altamira', 'Casas', 'González', 'Matamoros', 'Méndez', 'Miguel Alemán', 'Reynosa', 'Río Bravo', 'San Fernando', 'Valle Hermoso']"
19,75,41.47897858696889,146.150389,4,"[6, 22, 32, 42]","['Camargo', 'Méndez', 'Río Bravo', 'Xicoténcatl']"
19,76,8.614259057454806,99.762503,10,"[4, 6, 11, 21, 26, 31, 32, 34, 39, 40]","['Burgos', 'Camargo', 'González', 'Matamoros', 'Nuevo Laredo', 'Reynosa', 'Río Bravo', 'San Fernando', 'Valle Hermoso', 'Victoria']"
19,77,12.144879659326712,91.820321,9,"[6, 11, 18, 21, 26, 29, 32, 34, 39]","['Camargo', 'González', 'Llera', 'Matamoros', 'Nuevo Laredo', 'Padilla', 'Río Bravo', 'San Fernando', 'Valle Hermoso']"
19,78,88.64983778054405,141.396971,3,"[22, 24, 42]","['Méndez', 'Miguel Alemán', 'Xicoténcatl']"
19,79,9.128821975351014,91.820321,10,"[6, 11, 18, 21, 22, 26, 29, 32, 34, 39]","['Camargo', 'González', 'Llera', 'Matamoros', 'Méndez', 'Nuevo Laredo', 'Padilla', 'Río Bravo', 'San Fernando', 'Valle Hermoso']"
19,80,41.72256357381549,141.396971,4,"[22, 24, 32, 42]","['Méndez', 'Miguel Alemán', 'Río Bravo', 'Xicoténcatl']"
19,81,54.81153305719145,129.804564,4,"[11, 12, 24, 32]","['González', 'Güémez', 'Miguel Alemán', 'Río Bravo']"
19,82,13.698440577408508,87.858692,10,"[7, 8, 11, 14, 18, 19, 21, 26, 32, 34]","['Casas', 'Ciudad Madero', 'González', 'Gustavo Díaz Ordaz', 'Llera', 'Mainero', 'Matamoros', 'Nuevo Laredo', 'Río Bravo', 'San Fernando']"
19,83,52.9319862859672,133.161241,4,"[11, 24, 29, 32]","['González', 'Miguel Alemán', 'Padilla', 'Río Bravo']"
20,1,70.87439659669022,159.121441,3,"[6, 11, 34]","['Camargo', 'González', 'San Fernando']"
20,2,19.509264540550127,159.121441,5,"[6, 11, 21, 32, 34]","['Camargo', 'González', 'Matamoros', 'Río Bravo', 'San Fernando']"
20,3,39.789813631059396,197.327862,3,"[11, 31, 34]","['González', 'Reynosa', 'San Fernando']"
20,4,34.95836869361204,150.277393,4,"[6, 32, 34, 42]","['Camargo', 'Río Bravo', 'San Fernando', 'Xicoténcatl']"
20,5,20.487328985594157,218.757001,4,"[11, 21, 32, 34]","['González', 'Matamoros', 'Río Bravo', 'San Fernando']"
20,6,21.42255192661401,197.327862,4,"[11, 21, 31, 34]","['González', 'Matamoros', 'Reynosa', 'San Fernando']"
20,7,31.583347927618853,159.121441,4,"[6, 11, 32, 34]","['Camargo', 'González', 'Río Bravo', 'San Fernando']"
20,8,59.77113611663137,166.394431,3,"[11, 14, 34]","['González', 'Gustavo Díaz Ordaz', 'San Fernando']"
20,9,32.56141237266288,218.757001,3,"[11, 32, 34]","['González', 'Río Bravo', 'San Fernando']"
20,10,17.352438277929657,197.327862,5,"[11, 21, 31, 32, 34]","['González', 'Matamoros', 'Reynosa', 'Río Bravo', 'San Fernando']"
20,11,12.780371240715173,218.757001,6,"[7, 11, 21, 32, 34, 39]","['Casas', 'González', 'Matamoros', 'Río Bravo', 'San Fernando', 'Valle Hermoso']"
20,12,16.62166718898823,218.757001,5,"[11, 21, 32, 34, 39]","['González', 'Matamoros', 'Río Bravo', 'San Fernando', 'Valle Hermoso']"
20,13,74.24941736268339,150.277393,3,"[6, 34, 42]","['Camargo', 'San Fernando', 'Xicoténcatl']"
20,14,17.49530944265213,122.698237,6,"[11, 21, 23, 32, 34, 40]","['González', 'Matamoros', 'Mier', 'Río Bravo', 'San Fernando', 'Victoria']"
20,15,13.0821650572063,125.23272,7,"[11, 12, 21, 23, 32, 34, 39]","['González', 'Güémez', 'Matamoros', 'Mier', 'Río Bravo', 'San Fernando', 'Valle Hermoso']"
20,16,13.486776481323737,197.327862,6,"[11, 21, 31, 32, 34, 39]","['González', 'Matamoros', 'Reynosa', 'Río Bravo', 'San Fernando', 'Valle Hermoso']"
20,17,13.629647646046207,122.698237,7,"[11, 21, 23, 32, 34, 39, 40]","['González', 'Matamoros', 'Mier', 'Río Bravo', 'San Fernando', 'Valle Hermoso', 'Victoria']"
20,18,29.569392829720854,122.698237,5,"[11, 23, 32, 34, 40]","['González', 'Mier', 'Río Bravo', 'San Fernando', 'Victoria']"
20,19,15.643602743944205,159.121441,6,"[6, 11, 21, 32, 34, 39]","['Camargo', 'González', 'Matamoros', 'Río Bravo', 'San Fernando', 'Valle Hermoso']"
20,20,54.10531395737595,135.251233,4,"[7, 11, 24, 32]","['Casas', 'González', 'Miguel Alemán', 'Río Bravo']"
20,21,17.069218781235904,103.28924,7,"[6, 11, 21, 26, 32, 34, 40]","['Camargo', 'González', 'Matamoros', 'Nuevo Laredo', 'Río Bravo', 'San Fernando', 'Victoria']"
20,22,31.4838538804033,166.394431,4,"[11, 14, 21, 34]","['González', 'Gustavo Díaz Ordaz', 'Matamoros', 'San Fernando']"
20,23,11.802306795671146,146.150389,7,"[6, 7, 11, 21, 32, 34, 39]","['Camargo', 'Casas', 'González', 'Matamoros', 'Río Bravo', 'San Fernando', 'Valle Hermoso']"
20,24,16.947826853812227,125.23272,6,"[11, 12, 21, 23, 32, 34]","['González', 'Güémez', 'Matamoros', 'Mier', 'Río Bravo', 'San Fernando']"
20,25,13.20355698462998,103.28924,8,"[6, 11, 21, 26, 32, 34, 39, 40]","['Camargo', 'González', 'Matamoros', 'Nuevo Laredo', 'Río Bravo', 'San Fernando', 'Valle Hermoso', 'Victoria']"
20,26,27.985636966192395,129.804564,5,"[7, 11, 24, 32, 34]","['Casas', 'González', 'Miguel Alemán', 'Río Bravo', 'San Fernando']"
20,27,9.64548053305068,197.327862,7,"[7, 11, 21, 31, 32, 34, 39]","['Casas', 'González', 'Matamoros', 'Reynosa', 'Río Bravo', 'San Fernando', 'Valle Hermoso']"
20,28,13.762580065320183,106.008269,7,"[11, 13, 21, 32, 34, 39, 40]","['González', 'Guerrero', 'Matamoros', 'Río Bravo', 'San Fernando', 'Valle Hermoso', 'Victoria']"
20,29,12.301260006227523,93.902475,9,"[6, 11, 12, 18, 21, 26, 32, 34, 39]","['Camargo', 'González', 'Güémez', 'Llera', 'Matamoros', 'Nuevo Laredo', 'Río Bravo', 'San Fernando', 'Valle Hermoso']"
20,30,15.911553579123666,129.804564,6,"[7, 11, 21, 24, 32, 34]","['Casas', 'González', 'Matamoros', 'Miguel Alemán', 'Río Bravo', 'San Fernando']"
20,31,27.742051979345796,146.150389,5,"[6, 7, 11, 32, 34]","['Camargo', 'Casas', 'González', 'Río Bravo', 'San Fernando']"
20,32,10.834671761639553,106.008269,8,"[11, 13, 21, 31, 32, 34, 39, 40]","['González', 'Guerrero', 'Matamoros', 'Reynosa', 'Río Bravo', 'San Fernando', 'Valle Hermoso', 'Victoria']"
20,33,15.66796859227707,146.150389,6,"[6, 7, 11, 21, 32, 34]","['Camargo', 'Casas', 'González', 'Matamoros', 'Río Bravo', 'San Fernando']"
20,34,17.628241861926107,106.008269,6,"[11, 13, 21, 32, 34, 40]","['González', 'Guerrero', 'Matamoros', 'Río Bravo', 'San Fernando', 'Victoria']"
20,35,29.702325248994832,106.008269,5,"[11, 13, 32, 34, 40]","['González', 'Guerrero', 'Río Bravo', 'San Fernando', 'Victoria']"
20,36,29.02191024088095,125.23272,5,"[11, 12, 23, 32, 34]","['González', 'Güémez', 'Mier', 'Río Bravo', 'San Fernando']"
20,37,22.884285306543312,150.277393,5,"[6, 21, 32, 34, 42]","['Camargo', 'Matamoros', 'Río Bravo', 'San Fernando', 'Xicoténcatl']"
20,38,28.241005189902168,93.902475,7,"[6, 11, 12, 18, 26, 32, 34]","['Camargo', 'González', 'Güémez', 'Llera', 'Nuevo Laredo', 'Río Bravo', 'San Fernando']"
20,39,16.166921802833443,93.902475,8,"[6, 11, 12, 18, 21, 26, 32, 34]","['Camargo', 'González', 'Güémez', 'Llera', 'Matamoros', 'Nuevo Laredo', 'Río Bravo', 'San Fernando']"
20,40,15.260465403002506,99.762503,8,"[4, 6, 11, 21, 26, 32, 34, 40]","['Burgos', 'Camargo', 'González', 'Matamoros', 'Nuevo Laredo', 'Río Bravo', 'San Fernando', 'Victoria']"
20,41,28.168142640762028,128.460678,5,"[7, 11, 23, 32, 34]","['Casas', 'González', 'Mier', 'Río Bravo', 'San Fernando']"
20,42,12.228397457087373,128.460678,7,"[7, 11, 21, 23, 32, 34, 39]","['Casas', 'González', 'Matamoros', 'Mier', 'Río Bravo', 'San Fernando', 'Valle Hermoso']"
20,43,8.614259057454806,99.762503,10,"[4, 6, 11, 21, 26, 31, 32, 34, 39, 40]","['Burgos', 'Camargo', 'González', 'Matamoros', 'Nuevo Laredo', 'Reynosa', 'Río Bravo', 'San Fernando', 'Valle Hermoso', 'Victoria']"
20,44,16.0940592536933,128.460678,6,"[7, 11, 21, 23, 32, 34]","['Casas', 'González', 'Matamoros', 'Mier', 'Río Bravo', 'San Fernando']"
20,45,54.99403873176108,126.101423,4,"[11, 12, 23, 32]","['González', 'Güémez', 'Mier', 'Río Bravo']"
20,46,58.76168770819823,195.281391,3,"[10, 14, 39]","['Gómez Farías', 'Gustavo Díaz Ordaz', 'Valle Hermoso']"
20,47,42.80013302613005,89.54682,7,"[6, 7, 11, 18, 26, 32, 33]","['Camargo', 'Casas', 'González', 'Llera', 'Nuevo Laredo', 'Río Bravo', 'San Carlos']"
20,48,29.04380812108907,103.28924,6,"[11, 14, 21, 26, 34, 40]","['González', 'Gustavo Díaz Ordaz', 'Matamoros', 'Nuevo Laredo', 'San Fernando', 'Victoria']"
20,49,26.608385486191217,89.54682,8,"[6, 7, 11, 18, 26, 32, 33, 34]","['Camargo', 'Casas', 'González', 'Llera', 'Nuevo Laredo', 'Río Bravo', 'San Carlos', 'San Fernando']"
20,50,25.183585316105432,87.858692,9,"[6, 7, 8, 11, 18, 26, 32, 33, 34]","['Camargo', 'Casas', 'Ciudad Madero', 'González', 'Llera', 'Nuevo Laredo', 'Río Bravo', 'San Carlos', 'San Fernando']"
20,51,14.534302099122492,89.54682,9,"[6, 7, 11, 18, 21, 26, 32, 33, 34]","['Camargo', 'Casas', 'González', 'Llera', 'Matamoros', 'Nuevo Laredo', 'Río Bravo', 'San Carlos', 'San Fernando']"
20,52,11.394803606396582,99.762503,9,"[4, 6, 11, 21, 26, 32, 34, 39, 40]","['Burgos', 'Camargo', 'González', 'Matamoros', 'Nuevo Laredo', 'Río Bravo', 'San Fernando', 'Valle Hermoso', 'Victoria']"
20,53,27.043796983190045,99.762503,7,"[4, 6, 11, 21, 26, 32, 40]","['Burgos', 'Camargo', 'González', 'Matamoros', 'Nuevo Laredo', 'Río Bravo', 'Victoria']"
20,54,9.677215849282195,92.781591,10,"[4, 6, 7, 11, 18, 21, 26, 32, 34, 39]","['Burgos', 'Camargo', 'Casas', 'González', 'Llera', 'Matamoros', 'Nuevo Laredo', 'Río Bravo', 'San Fernando', 'Valle Hermoso']"
20,55,13.109501929036707,87.858692,10,"[6, 7, 8, 11, 18, 21, 26, 32, 33, 34]","['Camargo', 'Casas', 'Ciudad Madero', 'González', 'Llera', 'Matamoros', 'Nuevo Laredo', 'Río Bravo', 'San Carlos', 'San Fernando']"
20,56,37.38561300686736,92.781591,7,"[4, 6, 7, 11, 18, 26, 32]","['Burgos', 'Camargo', 'Casas', 'González', 'Llera', 'Nuevo Laredo', 'Río Bravo']"
20,57,39.11788037025877,99.762503,6,"[4, 6, 11, 26, 32, 40]","['Burgos', 'Camargo', 'González', 'Nuevo Laredo', 'Río Bravo', 'Victoria']"
20,58,44.64016295632704,97.088288,6,"[11, 14, 18, 21, 26, 33]","['González', 'Gustavo Díaz Ordaz', 'Llera', 'Matamoros', 'Nuevo Laredo', 'San Carlos']"
20,59,12.045891782517742,129.804564,7,"[7, 11, 21, 24, 32, 34, 39]","['Casas', 'González', 'Matamoros', 'Miguel Alemán', 'Río Bravo', 'San Fernando', 'Valle Hermoso']"
20,60,25.31152961979863,92.781591,8,"[4, 6, 7, 11, 18, 21, 26, 32]","['Burgos', 'Camargo', 'Casas', 'González', 'Llera', 'Matamoros', 'Nuevo Laredo', 'Río Bravo']"
20,61,54.72862869953086,129.804564,4,"[7, 11, 26, 39]","['Casas', 'González', 'Nuevo Laredo', 'Valle Hermoso']"
20,62,41.37533285604426,87.858692,8,"[6, 7, 8, 11, 18, 26, 32, 33]","['Camargo', 'Casas', 'Ciudad Madero', 'González', 'Llera', 'Nuevo Laredo', 'Río Bravo', 'San Carlos']"
20,63,5.860598857022222,128.460678,10,"[4, 7, 11, 21, 22, 23, 31, 32, 34, 39]","['Burgos', 'Casas', 'González', 'Matamoros', 'Méndez', 'Mier', 'Reynosa', 'Río Bravo', 'San Fernando', 'Valle Hermoso']"
20,64,7.907489291744095,106.008269,9,"[11, 21, 22, 26, 31, 32, 34, 39, 40]","['González', 'Matamoros', 'Méndez', 'Nuevo Laredo', 'Reynosa', 'Río Bravo', 'San Fernando', 'Valle Hermoso', 'Victoria']"
20,65,6.159922654821361,128.460678,9,"[7, 11, 21, 22, 23, 31, 32, 34, 39]","['Casas', 'González', 'Matamoros', 'Méndez', 'Mier', 'Reynosa', 'Río Bravo', 'San Fernando', 'Valle Hermoso']"
20,66,43.82264917234847,84.571049,8,"[6, 7, 8, 26, 32, 33, 40, 42]","['Camargo', 'Casas', 'Ciudad Madero', 'Nuevo Laredo', 'Río Bravo', 'San Carlos', 'Victoria', 'Xicoténcatl']"
20,67,9.087830958501987,128.460678,8,"[7, 11, 21, 22, 23, 32, 34, 39]","['Casas', 'González', 'Matamoros', 'Méndez', 'Mier', 'Río Bravo', 'San Fernando', 'Valle Hermoso']"
20,68,9.639804742129789,218.757001,7,"[7, 11, 21, 22, 32, 34, 39]","['Casas', 'González', 'Matamoros', 'Méndez', 'Río Bravo', 'San Fernando', 'Valle Hermoso']"
20,69,5.898218473733538,125.23272,10,"[7, 11, 12, 21, 22, 23, 31, 32, 34, 39]","['Casas', 'González', 'Güémez', 'Matamoros', 'Méndez', 'Mier', 'Reynosa', 'Río Bravo', 'San Fernando', 'Valle Hermoso']"
20,70,54.98160757845466,127.953689,4,"[11, 23, 39, 40]","['González', 'Mier', 'Valle Hermoso', 'Victoria']"
20,71,6.504914034465295,197.327862,8,"[7, 11, 21, 22, 31, 32, 34, 39]","['Casas', 'González', 'Matamoros', 'Méndez', 'Reynosa', 'Río Bravo', 'San Fernando', 'Valle Hermoso']"
20,72,13.542877645888119,92.781591,9,"[4, 6, 7, 11, 18, 21, 26, 32, 34]","['Burgos', 'Camargo', 'Casas', 'González', 'Llera', 'Matamoros', 'Nuevo Laredo', 'Río Bravo', 'San Fernando']"
20,73,81.97187386326387,146.150389,3,"[6, 22, 42]","['Camargo', 'Méndez', 'Xicoténcatl']"
20,74,5.8811957481439885,146.150389,9,"[6, 7, 11, 21, 22, 31, 32, 34, 39]","['Camargo', 'Casas', 'González', 'Matamoros', 'Méndez', 'Reynosa', 'Río Bravo', 'San Fernando', 'Valle Hermoso']"
20,75,10.668640302516568,89.54682,10,"[6, 7, 11, 18, 21, 26, 32, 33, 34, 39]","['Camargo', 'Casas', 'González', 'Llera', 'Matamoros', 'Nuevo Laredo', 'Río Bravo', 'San Carlos', 'San Fernando', 'Valle Hermoso']"
20,76,7.283771005422787,103.28924,10,"[6, 11, 21, 22, 26, 31, 32, 34, 39, 40]","['Camargo', 'González', 'Matamoros', 'Méndez', 'Nuevo Laredo', 'Reynosa', 'Río Bravo', 'San Fernando', 'Valle Hermoso', 'Victoria']"
20,77,8.66174029708576,146.150389,8,"[6, 7, 11, 21, 22, 32, 34, 39]","['Camargo', 'Casas', 'González', 'Matamoros', 'Méndez', 'Río Bravo', 'San Fernando', 'Valle Hermoso']"
20,78,6.0436551302018975,129.804564,9,"[7, 11, 21, 22, 24, 31, 32, 34, 39]","['Casas', 'González', 'Matamoros', 'Méndez', 'Miguel Alemán', 'Reynosa', 'Río Bravo', 'San Fernando', 'Valle Hermoso']"
20,79,10.029810383609144,125.23272,8,"[11, 12, 21, 22, 23, 32, 34, 39]","['González', 'Güémez', 'Matamoros', 'Méndez', 'Mier', 'Río Bravo', 'San Fernando', 'Valle Hermoso']"
20,80,25.433303132481683,74.208543,9,"[6, 7, 8, 11, 26, 32, 33, 34, 38]","['Camargo', 'Casas', 'Ciudad Madero', 'González', 'Nuevo Laredo', 'Río Bravo', 'San Carlos', 'San Fernando', 'Tula']"
20,81,88.64983778054405,141.396971,3,"[22, 24, 42]","['Méndez', 'Miguel Alemán', 'Xicoténcatl']"
20,82,13.359219745412954,74.208543,10,"[6, 7, 8, 11, 21, 26, 32, 33, 34, 38]","['Camargo', 'Casas', 'Ciudad Madero', 'González', 'Matamoros', 'Nuevo Laredo', 'Río Bravo', 'San Carlos', 'San Fernando', 'Tula']"
20,83,8.905325283932356,129.804564,8,"[7, 11, 21, 22, 24, 32, 34, 39]","['Casas', 'González', 'Matamoros', 'Méndez', 'Miguel Alemán', 'Río Bravo', 'San Fernando', 'Valle Hermoso']"
20,84,41.72256357381549,141.396971,4,"[22, 24, 32, 42]","['Méndez', 'Miguel Alemán', 'Río Bravo', 'Xicoténcatl']"
20,85,10.490406215780789,122.698237,8,"[11, 21, 22, 23, 32, 34, 39, 40]","['González', 'Matamoros', 'Méndez', 'Mier', 'Río Bravo', 'San Fernando', 'Valle Hermoso', 'Victoria']"
20,86,5.792978184482043,129.804564,10,"[7, 11, 21, 22, 24, 31, 32, 34, 39, 40]","['Casas', 'González', 'Matamoros', 'Méndez', 'Miguel Alemán', 'Reynosa', 'Río Bravo', 'San Fernando', 'Valle Hermoso', 'Victoria']"
20,87,10.064315554364562,103.28924,9,"[6, 11, 21, 22, 26, 32, 34, 39, 40]","['Camargo', 'González', 'Matamoros', 'Méndez', 'Nuevo Laredo', 'Río Bravo', 'San Fernando', 'Valle Hermoso', 'Victoria']"
20,88,41.47897858696889,146.150389,4,"[6, 22, 32, 42]","['Camargo', 'Méndez', 'Río Bravo', 'Xicoténcatl']"
20,89,5.909245709101505,122.698237,10,"[7, 11, 21, 22, 23, 31, 32, 34, 39, 40]","['Casas', 'González', 'Matamoros', 'Méndez', 'Mier', 'Reynosa', 'Río Bravo', 'San Fernando', 'Valle Hermoso', 'Victoria']"
20,90,6.042178128375481,106.008269,10,"[7, 11, 13, 21, 22, 31, 32, 34, 39, 40]","['Casas', 'González', 'Guerrero', 'Matamoros', 'Méndez', 'Reynosa', 'Río Bravo', 'San Fernando', 'Valle Hermoso', 'Victoria']"
20,91,9.248905332630365,93.902475,10,"[6, 11, 12, 18, 21, 22, 26, 32, 34, 39]","['Camargo', 'González', 'Güémez', 'Llera', 'Matamoros', 'Méndez', 'Nuevo Laredo', 'Río Bravo', 'San Fernando', 'Valle Hermoso']"
20,92,5.209383684115014,146.150389,10,"[6, 7, 11, 21, 22, 31, 32, 33, 34, 39]","['Camargo', 'Casas', 'González', 'Matamoros', 'Méndez', 'Reynosa', 'Río Bravo', 'San Carlos', 'San Fernando', 'Valle Hermoso']"
21,1,46.046991468188466,83.316397,7,"[1, 12, 23, 26, 35, 38, 39]","['Aldama', 'Güémez', 'Mier', 'Nuevo Laredo', 'San Nicolás', 'Tula', 'Valle Hermoso']"
21,2,57.53560466761939,176.097157,3,"[14, 36, 39]","['Gustavo Díaz Ordaz', 'Soto la Marina', 'Valle Hermoso']"
21,3,74.24941736268339,150.277393,3,"[6, 34, 42]","['Camargo', 'San Fernando', 'Xicoténcatl']"
21,4,22.884285306543312,150.277393,5,"[6, 21, 32, 34, 42]","['Camargo', 'Matamoros', 'Río Bravo', 'San Fernando', 'Xicoténcatl']"
21,5,32.56141237266288,218.757001,3,"[11, 32, 34]","['González', 'Río Bravo', 'San Fernando']"
21,6,34.95836869361204,150.277393,4,"[6, 32, 34, 42]","['Camargo', 'Río Bravo', 'San Fernando', 'Xicoténcatl']"
21,7,17.352438277929657,197.327862,5,"[11, 21, 31, 32, 34]","['González', 'Matamoros', 'Reynosa', 'Río Bravo', 'San Fernando']"
21,8,81.97187386326387,146.150389,3,"[6, 22, 42]","['Camargo', 'Méndez', 'Xicoténcatl']"
21,9,70.87439659669022,159.121441,3,"[6, 11, 34]","['Camargo', 'González', 'San Fernando']"
21,10,29.02191024088095,125.23272,5,"[11, 12, 23, 32, 34]","['González', 'Güémez', 'Mier', 'Río Bravo', 'San Fernando']"
21,11,20.487328985594157,218.757001,4,"[11, 21, 32, 34]","['González', 'Matamoros', 'Río Bravo', 'San Fernando']"
21,12,21.42255192661401,197.327862,4,"[11, 21, 31, 34]","['González', 'Matamoros', 'Reynosa', 'San Fernando']"
21,13,46.071400754223816,81.482774,7,"[1, 23, 26, 29, 35, 38, 39]","['Aldama', 'Mier', 'Nuevo Laredo', 'Padilla', 'San Nicolás', 'Tula', 'Valle Hermoso']"
21,14,16.62166718898823,218.757001,5,"[11, 21, 32, 34, 39]","['González', 'Matamoros', 'Río Bravo', 'San Fernando', 'Valle Hermoso']"
21,15,31.583347927618853,159.121441,4,"[6, 11, 32, 34]","['Camargo', 'González', 'Río Bravo', 'San Fernando']"
21,16,15.66796859227707,146.150389,6,"[6, 7, 11, 21, 32, 34]","['Camargo', 'Casas', 'González', 'Matamoros', 'Río Bravo', 'San Fernando']"
21,17,11.020172629634862,120.713771,8,"[11, 13, 18, 21, 22, 32, 34, 39]","['González', 'Guerrero', 'Llera', 'Matamoros', 'Méndez', 'Río Bravo', 'San Fernando', 'Valle Hermoso']"
21,18,19.509264540550127,159.121441,5,"[6, 11, 21, 32, 34]","['Camargo', 'González', 'Matamoros', 'Río Bravo', 'San Fernando']"
21,19,13.486776481323737,197.327862,6,"[11, 21, 31, 32, 34, 39]","['González', 'Matamoros', 'Reynosa', 'Río Bravo', 'San Fernando', 'Valle Hermoso']"
21,20,8.092264325954234,120.713771,9,"[11, 13, 18, 21, 22, 31, 32, 34, 39]","['González', 'Guerrero', 'Llera', 'Matamoros', 'Méndez', 'Reynosa', 'Río Bravo', 'San Fernando', 'Valle Hermoso']"
21,21,14.885834426240788,120.713771,7,"[11, 13, 18, 21, 22, 32, 34]","['González', 'Guerrero', 'Llera', 'Matamoros', 'Méndez', 'Río Bravo', 'San Fernando']"
21,22,15.643602743944205,159.121441,6,"[6, 11, 21, 32, 34, 39]","['Camargo', 'González', 'Matamoros', 'Río Bravo', 'San Fernando', 'Valle Hermoso']"
21,23,28.084624843001357,91.820321,7,"[6, 11, 18, 26, 29, 32, 34]","['Camargo', 'González', 'Llera', 'Nuevo Laredo', 'Padilla', 'Río Bravo', 'San Fernando']"
21,24,13.0821650572063,125.23272,7,"[11, 12, 21, 23, 32, 34, 39]","['González', 'Güémez', 'Matamoros', 'Mier', 'Río Bravo', 'San Fernando', 'Valle Hermoso']"
21,25,12.780371240715173,218.757001,6,"[7, 11, 21, 32, 34, 39]","['Casas', 'González', 'Matamoros', 'Río Bravo', 'San Fernando', 'Valle Hermoso']"
21,26,16.947826853812227,125.23272,6,"[11, 12, 21, 23, 32, 34]","['González', 'Güémez', 'Matamoros', 'Mier', 'Río Bravo', 'San Fernando']"
21,27,5.029692763912493,129.804564,10,"[1, 7, 11, 21, 22, 24, 31, 32, 34, 39]","['Aldama', 'Casas', 'González', 'Matamoros', 'Méndez', 'Miguel Alemán', 'Reynosa', 'Río Bravo', 'San Fernando', 'Valle Hermoso']"
21,28,8.66174029708576,146.150389,8,"[6, 7, 11, 21, 22, 32, 34, 39]","['Camargo', 'Casas', 'González', 'Matamoros', 'Méndez', 'Río Bravo', 'San Fernando', 'Valle Hermoso']"
21,29,9.64548053305068,197.327862,7,"[7, 11, 21, 31, 32, 34, 39]","['Casas', 'González', 'Matamoros', 'Reynosa', 'Río Bravo', 'San Fernando', 'Valle Hermoso']"
21,30,9.639804742129789,218.757001,7,"[7, 11, 21, 22, 32, 34, 39]","['Casas', 'González', 'Matamoros', 'Méndez', 'Río Bravo', 'San Fernando', 'Valle Hermoso']"
21,31,8.905325283932356,129.804564,8,"[7, 11, 21, 22, 24, 32, 34, 39]","['Casas', 'González', 'Matamoros', 'Méndez', 'Miguel Alemán', 'Río Bravo', 'San Fernando', 'Valle Hermoso']"
21,32,23.8722219552389,111.114446,6,"[9, 11, 13, 18, 21, 32]","['Cruillas', 'González', 'Guerrero', 'Llera', 'Matamoros', 'Río Bravo']"
21,33,5.998797199790613,120.713771,10,"[7, 11, 13, 18, 21, 22, 31, 32, 34, 39]","['Casas', 'González', 'Guerrero', 'Llera', 'Matamoros', 'Méndez', 'Reynosa', 'Río Bravo', 'San Fernando', 'Valle Hermoso']"
21,34,11.802306795671146,146.150389,7,"[6, 7, 11, 21, 32, 34, 39]","['Camargo', 'Casas', 'González', 'Matamoros', 'Río Bravo', 'San Fernando', 'Valle Hermoso']"
21,35,4.867233381854583,146.150389,10,"[1, 6, 7, 11, 21, 22, 31, 32, 34, 39]","['Aldama', 'Camargo', 'Casas', 'González', 'Matamoros', 'Méndez', 'Reynosa', 'Río Bravo', 'San Fernando', 'Valle Hermoso']"
21,36,15.911553579123666,129.804564,6,"[7, 11, 21, 24, 32, 34]","['Casas', 'González', 'Matamoros', 'Miguel Alemán', 'Río Bravo', 'San Fernando']"
21,37,6.504914034465295,197.327862,8,"[7, 11, 21, 22, 31, 32, 34, 39]","['Casas', 'González', 'Matamoros', 'Méndez', 'Reynosa', 'Río Bravo', 'San Fernando', 'Valle Hermoso']"
21,38,27.742051979345796,146.150389,5,"[6, 7, 11, 32, 34]","['Camargo', 'Casas', 'González', 'Río Bravo', 'San Fernando']"
21,39,5.8811957481439885,146.150389,9,"[6, 7, 11, 21, 22, 31, 32, 34, 39]","['Camargo', 'Casas', 'González', 'Matamoros', 'Méndez', 'Reynosa', 'Río Bravo', 'San Fernando', 'Valle Hermoso']"
21,40,27.985636966192395,129.804564,5,"[7, 11, 24, 32, 34]","['Casas', 'González', 'Miguel Alemán', 'Río Bravo', 'San Fernando']"
21,41,12.045891782517742,129.804564,7,"[7, 11, 21, 24, 32, 34, 39]","['Casas', 'González', 'Matamoros', 'Miguel Alemán', 'Río Bravo', 'San Fernando', 'Valle Hermoso']"
21,42,6.0436551302018975,129.804564,9,"[7, 11, 21, 22, 24, 31, 32, 34, 39]","['Casas', 'González', 'Matamoros', 'Méndez', 'Miguel Alemán', 'Reynosa', 'Río Bravo', 'San Fernando', 'Valle Hermoso']"
21,43,39.789813631059396,197.327862,3,"[11, 31, 34]","['González', 'Reynosa', 'San Fernando']"
21,44,47.29301522386698,129.804564,4,"[20, 24, 32, 35]","['El Mante', 'Miguel Alemán', 'Río Bravo', 'San Nicolás']"
21,45,16.0940592536933,128.460678,6,"[7, 11, 21, 23, 32, 34]","['Casas', 'González', 'Matamoros', 'Mier', 'Río Bravo', 'San Fernando']"
21,46,12.228397457087373,128.460678,7,"[7, 11, 21, 23, 32, 34, 39]","['Casas', 'González', 'Matamoros', 'Mier', 'Río Bravo', 'San Fernando', 'Valle Hermoso']"
21,47,35.94630534230762,111.114446,5,"[9, 11, 13, 18, 32]","['Cruillas', 'González', 'Guerrero', 'Llera', 'Río Bravo']"
21,48,9.087830958501987,128.460678,8,"[7, 11, 21, 22, 23, 32, 34, 39]","['Casas', 'González', 'Matamoros', 'Méndez', 'Mier', 'Río Bravo', 'San Fernando', 'Valle Hermoso']"
21,49,57.96026278850363,171.210441,3,"[14, 18, 39]","['Gustavo Díaz Ordaz', 'Llera', 'Valle Hermoso']"
21,50,41.47897858696889,146.150389,4,"[6, 22, 32, 42]","['Camargo', 'Méndez', 'Río Bravo', 'Xicoténcatl']"
21,51,6.159922654821361,128.460678,9,"[7, 11, 21, 22, 23, 31, 32, 34, 39]","['Casas', 'González', 'Matamoros', 'Méndez', 'Mier', 'Reynosa', 'Río Bravo', 'San Fernando', 'Valle Hermoso']"
21,52,28.168142640762028,128.460678,5,"[7, 11, 23, 32, 34]","['Casas', 'González', 'Mier', 'Río Bravo', 'San Fernando']"
21,53,5.865864780516636,122.698237,10,"[7, 11, 18, 21, 22, 23, 31, 32, 34, 39]","['Casas', 'González', 'Llera', 'Matamoros', 'Méndez', 'Mier', 'Reynosa', 'Río Bravo', 'San Fernando', 'Valle Hermoso']"
21,54,7.101902079928514,125.23272,9,"[11, 12, 21, 22, 23, 31, 32, 34, 39]","['González', 'Güémez', 'Matamoros', 'Méndez', 'Mier', 'Reynosa', 'Río Bravo', 'San Fernando', 'Valle Hermoso']"
21,55,13.91699016408777,81.262904,10,"[1, 6, 7, 11, 21, 26, 32, 34, 35, 38]","['Aldama', 'Camargo', 'Casas', 'González', 'Matamoros', 'Nuevo Laredo', 'Río Bravo', 'San Fernando', 'San Nicolás', 'Tula']"
21,56,10.887240210360888,122.698237,8,"[11, 18, 21, 22, 23, 32, 34, 39]","['González', 'Llera', 'Matamoros', 'Méndez', 'Mier', 'Río Bravo', 'San Fernando', 'Valle Hermoso']"
21,57,12.703902740016915,106.008269,8,"[11, 13, 18, 21, 29, 32, 34, 39]","['González', 'Guerrero', 'Llera', 'Matamoros', 'Padilla', 'Río Bravo', 'San Fernando', 'Valle Hermoso']"
21,58,14.75290200696681,122.698237,7,"[11, 18, 21, 22, 23, 32, 34]","['González', 'Llera', 'Matamoros', 'Méndez', 'Mier', 'Río Bravo', 'San Fernando']"
21,59,10.029810383609144,125.23272,8,"[11, 12, 21, 22, 23, 32, 34, 39]","['González', 'Güémez', 'Matamoros', 'Méndez', 'Mier', 'Río Bravo', 'San Fernando', 'Valle Hermoso']"
21,60,59.77113611663137,166.394431,3,"[11, 14, 34]","['González', 'Gustavo Díaz Ordaz', 'San Fernando']"
21,61,16.010541455932636,91.820321,8,"[6, 11, 18, 21, 26, 29, 32, 34]","['Camargo', 'González', 'Llera', 'Matamoros', 'Nuevo Laredo', 'Padilla', 'Río Bravo', 'San Fernando']"
21,62,12.144879659326712,91.820321,9,"[6, 11, 18, 21, 26, 29, 32, 34, 39]","['Camargo', 'González', 'Llera', 'Matamoros', 'Nuevo Laredo', 'Padilla', 'Río Bravo', 'San Fernando', 'Valle Hermoso']"
21,63,7.959331906680258,122.698237,9,"[11, 18, 21, 22, 23, 31, 32, 34, 39]","['González', 'Llera', 'Matamoros', 'Méndez', 'Mier', 'Reynosa', 'Río Bravo', 'San Fernando', 'Valle Hermoso']"
21,64,15.15279045798618,81.482774,9,"[1, 6, 7, 21, 26, 32, 34, 35, 38]","['Aldama', 'Camargo', 'Casas', 'Matamoros', 'Nuevo Laredo', 'Río Bravo', 'San Fernando', 'San Nicolás', 'Tula']"
21,65,42.577188251349526,138.045942,4,"[20, 22, 24, 32]","['El Mante', 'Méndez', 'Miguel Alemán', 'Río Bravo']"
21,66,9.128821975351014,91.820321,10,"[6, 11, 18, 21, 22, 26, 29, 32, 34, 39]","['Camargo', 'González', 'Llera', 'Matamoros', 'Méndez', 'Nuevo Laredo', 'Padilla', 'Río Bravo', 'San Fernando', 'Valle Hermoso']"
21,67,54.28411638334645,125.23272,4,"[11, 12, 23, 39]","['González', 'Güémez', 'Mier', 'Valle Hermoso']"
21,68,17.351688197374127,80.642886,10,"[7, 11, 24, 26, 32, 34, 35, 37, 38, 39]","['Casas', 'González', 'Miguel Alemán', 'Nuevo Laredo', 'Río Bravo', 'San Fernando', 'San Nicolás', 'Tampico', 'Tula', 'Valle Hermoso']"
21,69,39.756360090547076,81.262904,8,"[1, 7, 20, 24, 26, 30, 32, 35]","['Aldama', 'Casas', 'El Mante', 'Miguel Alemán', 'Nuevo Laredo', 'Palmillas', 'Río Bravo', 'San Nicolás']"
21,70,5.145960288531956,128.460678,10,"[1, 7, 11, 21, 22, 23, 31, 32, 34, 39]","['Aldama', 'Casas', 'González', 'Matamoros', 'Méndez', 'Mier', 'Reynosa', 'Río Bravo', 'San Fernando', 'Valle Hermoso']"
21,71,10.815572917395006,89.54682,10,"[6, 7, 11, 18, 21, 26, 32, 34, 35, 39]","['Camargo', 'Casas', 'González', 'Llera', 'Matamoros', 'Nuevo Laredo', 'Río Bravo', 'San Fernando', 'San Nicolás', 'Valle Hermoso']"
21,72,9.687845056041217,106.008269,9,"[11, 13, 18, 21, 22, 29, 32, 34, 39]","['González', 'Guerrero', 'Llera', 'Matamoros', 'Méndez', 'Padilla', 'Río Bravo', 'San Fernando', 'Valle Hermoso']"
21,73,31.4838538804033,166.394431,4,"[11, 14, 21, 34]","['González', 'Gustavo Díaz Ordaz', 'Matamoros', 'San Fernando']"
21,74,26.75531810106965,89.54682,8,"[6, 7, 11, 18, 26, 32, 34, 35]","['Camargo', 'Casas', 'González', 'Llera', 'Nuevo Laredo', 'Río Bravo', 'San Fernando', 'San Nicolás']"
21,75,42.0018804825928,95.229076,6,"[1, 13, 18, 26, 32, 35]","['Aldama', 'Guerrero', 'Llera', 'Nuevo Laredo', 'Río Bravo', 'San Nicolás']"
21,76,48.027494682064415,129.044191,4,"[20, 26, 32, 35]","['El Mante', 'Nuevo Laredo', 'Río Bravo', 'San Nicolás']"
21,77,14.68123471400093,89.54682,9,"[6, 7, 11, 18, 21, 26, 32, 34, 35]","['Camargo', 'Casas', 'González', 'Llera', 'Matamoros', 'Nuevo Laredo', 'Río Bravo', 'San Fernando', 'San Nicolás']"
21,78,28.694448595763873,106.008269,6,"[11, 13, 29, 32, 34, 42]","['González', 'Guerrero', 'Padilla', 'Río Bravo', 'San Fernando', 'Xicoténcatl']"
21,79,41.905069248385125,141.396971,4,"[22, 23, 32, 42]","['Méndez', 'Mier', 'Río Bravo', 'Xicoténcatl']"
21,80,89.55298255870115,141.481494,3,"[10, 22, 24]","['Gómez Farías', 'Méndez', 'Miguel Alemán']"
21,81,42.0018804825928,106.008269,5,"[1, 13, 18, 32, 35]","['Aldama', 'Guerrero', 'Llera', 'Río Bravo', 'San Nicolás']"
21,82,6.759936752360588,106.008269,10,"[11, 13, 18, 21, 22, 29, 31, 32, 34, 39]","['González', 'Guerrero', 'Llera', 'Matamoros', 'Méndez', 'Padilla', 'Reynosa', 'Río Bravo', 'San Fernando', 'Valle Hermoso']"
21,83,91.08426081306922,141.396971,3,"[22, 23, 42]","['Méndez', 'Mier', 'Xicoténcatl']"
21,84,16.620365208695148,106.008269,7,"[11, 13, 21, 29, 32, 34, 42]","['González', 'Guerrero', 'Matamoros', 'Padilla', 'Río Bravo', 'San Fernando', 'Xicoténcatl']"
21,85,25.9199080186553,69.722158,10,"[7, 11, 20, 24, 26, 30, 32, 34, 37, 41]","['Casas', 'González', 'El Mante', 'Miguel Alemán', 'Nuevo Laredo', 'Palmillas', 'Río Bravo', 'San Fernando', 'Tampico', 'Villagrán']"
21,86,11.287128661380258,81.482774,10,"[1, 6, 7, 21, 26, 32, 34, 35, 38, 39]","['Aldama', 'Camargo', 'Casas', 'Matamoros', 'Nuevo Laredo', 'Río Bravo', 'San Fernando', 'San Nicolás', 'Tula', 'Valle Hermoso']"
21,87,39.340643731000746,89.54682,7,"[6, 7, 11, 18, 26, 32, 35]","['Camargo', 'Casas', 'González', 'Llera', 'Nuevo Laredo', 'Río Bravo', 'San Nicolás']"
21,88,4.638722744673939,197.327862,10,"[7, 11, 21, 22, 31, 32, 34, 35, 37, 39]","['Casas', 'González', 'Matamoros', 'Méndez', 'Reynosa', 'Río Bravo', 'San Fernando', 'San Nicolás', 'Tampico', 'Valle Hermoso']"
21,89,41.87189773839266,97.088288,6,"[11, 13, 18, 26, 32, 35]","['González', 'Guerrero', 'Llera', 'Nuevo Laredo', 'Río Bravo', 'San Nicolás']"
21,90,5.135735183317163,197.327862,9,"[7, 11, 21, 22, 31, 32, 34, 37, 39]","['Casas', 'González', 'Matamoros', 'Méndez', 'Reynosa', 'Río Bravo', 'San Fernando', 'Tampico', 'Valle Hermoso']"
21,91,25.706609025549177,80.642886,9,"[7, 11, 14, 26, 32, 34, 35, 37, 38]","['Casas', 'González', 'Gustavo Díaz Ordaz', 'Nuevo Laredo', 'Río Bravo', 'San Fernando', 'San Nicolás', 'Tampico', 'Tula']"
21,92,27.470458831901496,81.482774,8,"[1, 7, 24, 26, 32, 34, 35, 38]","['Aldama', 'Casas', 'Miguel Alemán', 'Nuevo Laredo', 'Río Bravo', 'San Fernando', 'San Nicolás', 'Tula']"
22,1,34.95836869361204,150.277393,4,"[6, 32, 34, 42]","['Camargo', 'Río Bravo', 'San Fernando', 'Xicoténcatl']"
22,2,74.24941736268339,150.277393,3,"[6, 34, 42]","['Camargo', 'San Fernando', 'Xicoténcatl']"
22,3,32.56141237266288,218.757001,3,"[11, 32, 34]","['González', 'Río Bravo', 'San Fernando']"
22,4,16.62166718898823,218.757001,5,"[11, 21, 32, 34, 39]","['González', 'Matamoros', 'Río Bravo', 'San Fernando', 'Valle Hermoso']"
22,5,20.487328985594157,218.757001,4,"[11, 21, 32, 34]","['González', 'Matamoros', 'Río Bravo', 'San Fernando']"
22,6,13.486776481323737,197.327862,6,"[11, 21, 31, 32, 34, 39]","['González', 'Matamoros', 'Reynosa', 'Río Bravo', 'San Fernando', 'Valle Hermoso']"
22,7,29.569392829720854,122.698237,5,"[11, 23, 32, 34, 40]","['González', 'Mier', 'Río Bravo', 'San Fernando', 'Victoria']"
22,8,21.42255192661401,197.327862,4,"[11, 21, 31, 34]","['González', 'Matamoros', 'Reynosa', 'San Fernando']"
22,9,70.87439659669022,159.121441,3,"[6, 11, 34]","['Camargo', 'González', 'San Fernando']"
22,10,13.0821650572063,125.23272,7,"[11, 12, 21, 23, 32, 34, 39]","['González', 'Güémez', 'Matamoros', 'Mier', 'Río Bravo', 'San Fernando', 'Valle Hermoso']"
22,11,59.77113611663137,166.394431,3,"[11, 14, 34]","['González', 'Gustavo Díaz Ordaz', 'San Fernando']"
22,12,22.884285306543312,150.277393,5,"[6, 21, 32, 34, 42]","['Camargo', 'Matamoros', 'Río Bravo', 'San Fernando', 'Xicoténcatl']"
22,13,17.352438277929657,197.327862,5,"[11, 21, 31, 32, 34]","['González', 'Matamoros', 'Reynosa', 'Río Bravo', 'San Fernando']"
22,14,19.509264540550127,159.121441,5,"[6, 11, 21, 32, 34]","['Camargo', 'González', 'Matamoros', 'Río Bravo', 'San Fernando']"
22,15,39.789813631059396,197.327862,3,"[11, 31, 34]","['González', 'Reynosa', 'San Fernando']"
22,16,16.947826853812227,125.23272,6,"[11, 12, 21, 23, 32, 34]","['González', 'Güémez', 'Matamoros', 'Mier', 'Río Bravo', 'San Fernando']"
22,17,29.02191024088095,125.23272,5,"[11, 12, 23, 32, 34]","['González', 'Güémez', 'Mier', 'Río Bravo', 'San Fernando']"
22,18,31.583347927618853,159.121441,4,"[6, 11, 32, 34]","['Camargo', 'González', 'Río Bravo', 'San Fernando']"
22,19,15.643602743944205,159.121441,6,"[6, 11, 21, 32, 34, 39]","['Camargo', 'González', 'Matamoros', 'Río Bravo', 'San Fernando', 'Valle Hermoso']"
22,20,29.14330216830463,103.28924,6,"[6, 11, 26, 32, 34, 40]","['Camargo', 'González', 'Nuevo Laredo', 'Río Bravo', 'San Fernando', 'Victoria']"
22,21,39.902931692521356,81.262904,8,"[1, 7, 13, 18, 26, 32, 35, 42]","['Aldama', 'Casas', 'Guerrero', 'Llera', 'Nuevo Laredo', 'Río Bravo', 'San Nicolás', 'Xicoténcatl']"
22,22,17.628241861926107,106.008269,6,"[11, 13, 21, 32, 34, 40]","['González', 'Guerrero', 'Matamoros', 'Río Bravo', 'San Fernando', 'Victoria']"
22,23,17.49530944265213,122.698237,6,"[11, 21, 23, 32, 34, 40]","['González', 'Matamoros', 'Mier', 'Río Bravo', 'San Fernando', 'Victoria']"
22,24,29.702325248994832,106.008269,5,"[11, 13, 32, 34, 40]","['González', 'Guerrero', 'Río Bravo', 'San Fernando', 'Victoria']"
22,25,13.629647646046207,122.698237,7,"[11, 21, 23, 32, 34, 39, 40]","['González', 'Matamoros', 'Mier', 'Río Bravo', 'San Fernando', 'Valle Hermoso', 'Victoria']"
22,26,10.029810383609144,125.23272,8,"[11, 12, 21, 22, 23, 32, 34, 39]","['González', 'Güémez', 'Matamoros', 'Méndez', 'Mier', 'Río Bravo', 'San Fernando', 'Valle Hermoso']"
22,27,17.069218781235904,103.28924,7,"[6, 11, 21, 26, 32, 34, 40]","['Camargo', 'González', 'Matamoros', 'Nuevo Laredo', 'Río Bravo', 'San Fernando', 'Victoria']"
22,28,10.623338635054765,106.008269,8,"[11, 13, 21, 22, 32, 34, 39, 40]","['González', 'Guerrero', 'Matamoros', 'Méndez', 'Río Bravo', 'San Fernando', 'Valle Hermoso', 'Victoria']"
22,29,26.611650367021625,81.262904,9,"[1, 6, 7, 18, 26, 32, 33, 34, 42]","['Aldama', 'Camargo', 'Casas', 'Llera', 'Nuevo Laredo', 'Río Bravo', 'San Carlos', 'San Fernando', 'Xicoténcatl']"
22,30,10.490406215780789,122.698237,8,"[11, 21, 22, 23, 32, 34, 39, 40]","['González', 'Matamoros', 'Méndez', 'Mier', 'Río Bravo', 'San Fernando', 'Valle Hermoso', 'Victoria']"
22,31,26.608385486191217,89.54682,8,"[6, 7, 11, 18, 26, 32, 33, 34]","['Camargo', 'Casas', 'González', 'Llera', 'Nuevo Laredo', 'Río Bravo', 'San Carlos', 'San Fernando']"
22,32,7.562497912100159,122.698237,9,"[11, 21, 22, 23, 31, 32, 34, 39, 40]","['González', 'Matamoros', 'Méndez', 'Mier', 'Reynosa', 'Río Bravo', 'San Fernando', 'Valle Hermoso', 'Victoria']"
22,33,28.168142640762028,128.460678,5,"[7, 11, 23, 32, 34]","['Casas', 'González', 'Mier', 'Río Bravo', 'San Fernando']"
22,34,16.0940592536933,128.460678,6,"[7, 11, 21, 23, 32, 34]","['Casas', 'González', 'Matamoros', 'Mier', 'Río Bravo', 'San Fernando']"
22,35,27.742051979345796,146.150389,5,"[6, 7, 11, 32, 34]","['Camargo', 'Casas', 'González', 'Río Bravo', 'San Fernando']"
22,36,31.4838538804033,166.394431,4,"[11, 14, 21, 34]","['González', 'Gustavo Díaz Ordaz', 'Matamoros', 'San Fernando']"
22,37,12.780371240715173,218.757001,6,"[7, 11, 21, 32, 34, 39]","['Casas', 'González', 'Matamoros', 'Río Bravo', 'San Fernando', 'Valle Hermoso']"
22,38,13.762580065320183,106.008269,7,"[11, 13, 21, 32, 34, 39, 40]","['González', 'Guerrero', 'Matamoros', 'Río Bravo', 'San Fernando', 'Valle Hermoso', 'Victoria']"
22,39,9.639804742129789,218.757001,7,"[7, 11, 21, 22, 32, 34, 39]","['Casas', 'González', 'Matamoros', 'Méndez', 'Río Bravo', 'San Fernando', 'Valle Hermoso']"
22,40,15.911553579123666,129.804564,6,"[7, 11, 21, 24, 32, 34]","['Casas', 'González', 'Matamoros', 'Miguel Alemán', 'Río Bravo', 'San Fernando']"
22,41,6.504914034465295,197.327862,8,"[7, 11, 21, 22, 31, 32, 34, 39]","['Casas', 'González', 'Matamoros', 'Méndez', 'Reynosa', 'Río Bravo', 'San Fernando', 'Valle Hermoso']"
22,42,13.20355698462998,103.28924,8,"[6, 11, 21, 26, 32, 34, 39, 40]","['Camargo', 'González', 'Matamoros', 'Nuevo Laredo', 'Río Bravo', 'San Fernando', 'Valle Hermoso', 'Victoria']"
22,43,15.66796859227707,146.150389,6,"[6, 7, 11, 21, 32, 34]","['Camargo', 'Casas', 'González', 'Matamoros', 'Río Bravo', 'San Fernando']"
22,44,27.985636966192395,129.804564,5,"[7, 11, 24, 32, 34]","['Casas', 'González', 'Miguel Alemán', 'Río Bravo', 'San Fernando']"
22,45,11.802306795671146,146.150389,7,"[6, 7, 11, 21, 32, 34, 39]","['Camargo', 'Casas', 'González', 'Matamoros', 'Río Bravo', 'San Fernando', 'Valle Hermoso']"
22,46,8.66174029708576,146.150389,8,"[6, 7, 11, 21, 22, 32, 34, 39]","['Camargo', 'Casas', 'González', 'Matamoros', 'Méndez', 'Río Bravo', 'San Fernando', 'Valle Hermoso']"
22,47,5.080113864379508,197.327862,9,"[7, 8, 11, 21, 22, 31, 32, 34, 39]","['Casas', 'Ciudad Madero', 'González', 'Matamoros', 'Méndez', 'Reynosa', 'Río Bravo', 'San Fernando', 'Valle Hermoso']"
22,48,9.64548053305068,197.327862,7,"[7, 11, 21, 31, 32, 34, 39]","['Casas', 'González', 'Matamoros', 'Reynosa', 'Río Bravo', 'San Fernando', 'Valle Hermoso']"
22,49,10.064315554364562,103.28924,9,"[6, 11, 21, 22, 26, 32, 34, 39, 40]","['Camargo', 'González', 'Matamoros', 'Méndez', 'Nuevo Laredo', 'Río Bravo', 'San Fernando', 'Valle Hermoso', 'Victoria']"
22,50,6.159922654821361,128.460678,9,"[7, 11, 21, 22, 23, 31, 32, 34, 39]","['Casas', 'González', 'Matamoros', 'Méndez', 'Mier', 'Reynosa', 'Río Bravo', 'San Fernando', 'Valle Hermoso']"
22,51,5.8811957481439885,146.150389,9,"[6, 7, 11, 21, 22, 31, 32, 34, 39]","['Camargo', 'Casas', 'González', 'Matamoros', 'Méndez', 'Reynosa', 'Río Bravo', 'San Fernando', 'Valle Hermoso']"
22,52,12.045891782517742,129.804564,7,"[7, 11, 21, 24, 32, 34, 39]","['Casas', 'González', 'Matamoros', 'Miguel Alemán', 'Río Bravo', 'San Fernando', 'Valle Hermoso']"
22,53,8.905325283932356,129.804564,8,"[7, 11, 21, 22, 24, 32, 34, 39]","['Casas', 'González', 'Matamoros', 'Méndez', 'Miguel Alemán', 'Río Bravo', 'San Fernando', 'Valle Hermoso']"
22,54,45.19908356988156,141.396971,4,"[4, 24, 32, 42]","['Burgos', 'Miguel Alemán', 'Río Bravo', 'Xicoténcatl']"
22,55,7.101902079928514,125.23272,9,"[11, 12, 21, 22, 23, 31, 32, 34, 39]","['González', 'Güémez', 'Matamoros', 'Méndez', 'Mier', 'Reynosa', 'Río Bravo', 'San Fernando', 'Valle Hermoso']"
22,56,9.087830958501987,128.460678,8,"[7, 11, 21, 22, 23, 32, 34, 39]","['Casas', 'González', 'Matamoros', 'Méndez', 'Mier', 'Río Bravo', 'San Fernando', 'Valle Hermoso']"
22,57,5.909245709101505,122.698237,10,"[7, 11, 21, 22, 23, 31, 32, 34, 39, 40]","['Casas', 'González', 'Matamoros', 'Méndez', 'Mier', 'Reynosa', 'Río Bravo', 'San Fernando', 'Valle Hermoso', 'Victoria']"
22,58,4.618854960116113,129.804564,10,"[7, 8, 11, 21, 22, 24, 31, 32, 34, 39]","['Casas', 'Ciudad Madero', 'González', 'Matamoros', 'Méndez', 'Miguel Alemán', 'Reynosa', 'Río Bravo', 'San Fernando', 'Valle Hermoso']"
22,59,14.5375669799529,81.262904,10,"[1, 6, 7, 18, 21, 26, 32, 33, 34, 42]","['Aldama', 'Camargo', 'Casas', 'Llera', 'Matamoros', 'Nuevo Laredo', 'Río Bravo', 'San Carlos', 'San Fernando', 'Xicoténcatl']"
22,60,6.0436551302018975,129.804564,9,"[7, 11, 21, 22, 24, 31, 32, 34, 39]","['Casas', 'González', 'Matamoros', 'Méndez', 'Miguel Alemán', 'Reynosa', 'Río Bravo', 'San Fernando', 'Valle Hermoso']"
22,61,27.043796983190045,99.762503,7,"[4, 6, 11, 21, 26, 32, 40]","['Burgos', 'Camargo', 'González', 'Matamoros', 'Nuevo Laredo', 'Río Bravo', 'Victoria']"
22,62,7.695430331374136,106.008269,9,"[11, 13, 21, 22, 31, 32, 34, 39, 40]","['González', 'Guerrero', 'Matamoros', 'Méndez', 'Reynosa', 'Río Bravo', 'San Fernando', 'Valle Hermoso', 'Victoria']"
22,63,4.456395578058203,146.150389,10,"[6, 7, 8, 11, 21, 22, 31, 32, 34, 39]","['Camargo', 'Casas', 'Ciudad Madero', 'González', 'Matamoros', 'Méndez', 'Reynosa', 'Río Bravo', 'San Fernando', 'Valle Hermoso']"
22,64,39.11788037025877,99.762503,6,"[4, 6, 11, 26, 32, 40]","['Burgos', 'Camargo', 'González', 'Nuevo Laredo', 'Río Bravo', 'Victoria']"
22,65,14.534302099122492,89.54682,9,"[6, 7, 11, 18, 21, 26, 32, 33, 34]","['Camargo', 'Casas', 'González', 'Llera', 'Matamoros', 'Nuevo Laredo', 'Río Bravo', 'San Carlos', 'San Fernando']"
22,66,4.735122484735575,128.460678,10,"[7, 8, 11, 21, 22, 23, 31, 32, 34, 39]","['Casas', 'Ciudad Madero', 'González', 'Matamoros', 'Méndez', 'Mier', 'Reynosa', 'Río Bravo', 'San Fernando', 'Valle Hermoso']"
22,67,15.260465403002506,99.762503,8,"[4, 6, 11, 21, 26, 32, 34, 40]","['Burgos', 'Camargo', 'González', 'Matamoros', 'Nuevo Laredo', 'Río Bravo', 'San Fernando', 'Victoria']"
22,68,11.394803606396582,99.762503,9,"[4, 6, 11, 21, 26, 32, 34, 39, 40]","['Burgos', 'Camargo', 'González', 'Matamoros', 'Nuevo Laredo', 'Río Bravo', 'San Fernando', 'Valle Hermoso', 'Victoria']"
22,69,10.668640302516568,89.54682,10,"[6, 7, 11, 18, 21, 26, 32, 33, 34, 39]","['Camargo', 'Casas', 'González', 'Llera', 'Matamoros', 'Nuevo Laredo', 'Río Bravo', 'San Carlos', 'San Fernando', 'Valle Hermoso']"
22,70,53.56391419730214,128.460678,4,"[7, 11, 23, 39]","['Casas', 'González', 'Mier', 'Valle Hermoso']"
22,71,15.525901562861536,79.739177,10,"[6, 7, 8, 18, 21, 26, 32, 33, 34, 42]","['Camargo', 'Casas', 'Ciudad Madero', 'Llera', 'Matamoros', 'Nuevo Laredo', 'Río Bravo', 'San Carlos', 'San Fernando', 'Xicoténcatl']"
22,72,7.283771005422787,103.28924,10,"[6, 11, 21, 22, 26, 31, 32, 34, 39, 40]","['Camargo', 'González', 'Matamoros', 'Méndez', 'Nuevo Laredo', 'Reynosa', 'Río Bravo', 'San Fernando', 'Valle Hermoso', 'Victoria']"
22,73,13.109501929036707,87.858692,10,"[6, 7, 8, 11, 18, 21, 26, 32, 33, 34]","['Camargo', 'Casas', 'Ciudad Madero', 'González', 'Llera', 'Matamoros', 'Nuevo Laredo', 'Río Bravo', 'San Carlos', 'San Fernando']"
22,74,12.228397457087373,128.460678,7,"[7, 11, 21, 23, 32, 34, 39]","['Casas', 'González', 'Matamoros', 'Mier', 'Río Bravo', 'San Fernando', 'Valle Hermoso']"
22,75,25.183585316105432,87.858692,9,"[6, 7, 8, 11, 18, 26, 32, 33, 34]","['Camargo', 'Casas', 'Ciudad Madero', 'González', 'Llera', 'Nuevo Laredo', 'Río Bravo', 'San Carlos', 'San Fernando']"
22,76,16.010541455932636,91.820321,8,"[6, 11, 18, 21, 26, 29, 32, 34]","['Camargo', 'González', 'Llera', 'Matamoros', 'Nuevo Laredo', 'Padilla', 'Río Bravo', 'San Fernando']"
22,77,28.084624843001357,91.820321,7,"[6, 11, 18, 26, 29, 32, 34]","['Camargo', 'González', 'Llera', 'Nuevo Laredo', 'Padilla', 'Río Bravo', 'San Fernando']"
22,78,41.4428574019026,95.229076,6,"[1, 6, 18, 26, 32, 35]","['Aldama', 'Camargo', 'Llera', 'Nuevo Laredo', 'Río Bravo', 'San Nicolás']"
22,79,27.599984949930263,79.739177,9,"[6, 7, 8, 18, 26, 32, 33, 34, 42]","['Camargo', 'Casas', 'Ciudad Madero', 'Llera', 'Nuevo Laredo', 'Río Bravo', 'San Carlos', 'San Fernando', 'Xicoténcatl']"
22,80,12.144879659326712,91.820321,9,"[6, 11, 18, 21, 26, 29, 32, 34, 39]","['Camargo', 'González', 'Llera', 'Matamoros', 'Nuevo Laredo', 'Padilla', 'Río Bravo', 'San Fernando', 'Valle Hermoso']"
22,81,54.99403873176108,126.101423,4,"[11, 12, 23, 32]","['González', 'Güémez', 'Mier', 'Río Bravo']"
22,82,6.042178128375481,106.008269,10,"[7, 11, 13, 21, 22, 31, 32, 34, 39, 40]","['Casas', 'González', 'Guerrero', 'Matamoros', 'Méndez', 'Reynosa', 'Río Bravo', 'San Fernando', 'Valle Hermoso', 'Victoria']"
22,83,5.677101909842729,125.23272,10,"[8, 11, 12, 21, 22, 23, 31, 32, 34, 39]","['Ciudad Madero', 'González', 'Güémez', 'Matamoros', 'Méndez', 'Mier', 'Reynosa', 'Río Bravo', 'San Fernando', 'Valle Hermoso']"
22,84,41.31287465770246,97.088288,6,"[6, 11, 18, 26, 32, 35]","['Camargo', 'González', 'Llera', 'Nuevo Laredo', 'Río Bravo', 'San Nicolás']"
22,85,39.340643731000746,89.54682,7,"[6, 7, 11, 18, 26, 32, 35]","['Camargo', 'Casas', 'González', 'Llera', 'Nuevo Laredo', 'Río Bravo', 'San Nicolás']"
22,86,37.91584356091496,87.858692,8,"[6, 7, 8, 11, 18, 26, 32, 35]","['Camargo', 'Casas', 'Ciudad Madero', 'González', 'Llera', 'Nuevo Laredo', 'Río Bravo', 'San Nicolás']"
22,87,9.128821975351014,91.820321,10,"[6, 11, 18, 21, 22, 26, 29, 32, 34, 39]","['Camargo', 'González', 'Llera', 'Matamoros', 'Méndez', 'Nuevo Laredo', 'Padilla', 'Río Bravo', 'San Fernando', 'Valle Hermoso']"
22,88,84.47657755858837,146.150389,3,"[6, 9, 42]","['Camargo', 'Cruillas', 'Xicoténcatl']"
22,89,4.2599922116216336,197.327862,10,"[7, 8, 11, 21, 22, 31, 32, 34, 36, 39]","['Casas', 'Ciudad Madero', 'González', 'Matamoros', 'Méndez', 'Reynosa', 'Río Bravo', 'San Fernando', 'Soto la Marina', 'Valle Hermoso']"
22,90,40.70456625103741,146.150389,4,"[6, 9, 32, 42]","['Camargo', 'Cruillas', 'Río Bravo', 'Xicoténcatl']"
22,91,91.08426081306922,141.396971,3,"[22, 23, 42]","['Méndez', 'Mier', 'Xicoténcatl']"
23,1,54.615260311530626,132.960606,4,"[2, 7, 13, 39]","['Altamira', 'Casas', 'Guerrero', 'Valle Hermoso']"
23,2,89.55298255870115,141.481494,3,"[10, 22, 24]","['Gómez Farías', 'Méndez', 'Miguel Alemán']"
23,3,39.789813631059396,197.327862,3,"[11, 31, 34]","['González', 'Reynosa', 'San Fernando']"
23,4,21.42255192661401,197.327862,4,"[11, 21, 31, 34]","['González', 'Matamoros', 'Reynosa', 'San Fernando']"
23,5,74.24941736268339,150.277393,3,"[6, 34, 42]","['Camargo', 'San Fernando', 'Xicoténcatl']"
23,6,59.77113611663137,166.394431,3,"[11, 14, 34]","['González', 'Gustavo Díaz Ordaz', 'San Fernando']"
23,7,32.56141237266288,218.757001,3,"[11, 32, 34]","['González', 'Río Bravo', 'San Fernando']"
23,8,16.0940592536933,128.460678,6,"[7, 11, 21, 23, 32, 34]","['Casas', 'González', 'Matamoros', 'Mier', 'Río Bravo', 'San Fernando']"
23,9,9.64548053305068,197.327862,7,"[7, 11, 21, 31, 32, 34, 39]","['Casas', 'González', 'Matamoros', 'Reynosa', 'Río Bravo', 'San Fernando', 'Valle Hermoso']"
23,10,29.569392829720854,122.698237,5,"[11, 23, 32, 34, 40]","['González', 'Mier', 'Río Bravo', 'San Fernando', 'Victoria']"
23,11,20.487328985594157,218.757001,4,"[11, 21, 32, 34]","['González', 'Matamoros', 'Río Bravo', 'San Fernando']"
23,12,17.352438277929657,197.327862,5,"[11, 21, 31, 32, 34]","['González', 'Matamoros', 'Reynosa', 'Río Bravo', 'San Fernando']"
23,13,28.168142640762028,128.460678,5,"[7, 11, 23, 32, 34]","['Casas', 'González', 'Mier', 'Río Bravo', 'San Fernando']"
23,14,12.228397457087373,128.460678,7,"[7, 11, 21, 23, 32, 34, 39]","['Casas', 'González', 'Matamoros', 'Mier', 'Río Bravo', 'San Fernando', 'Valle Hermoso']"
23,15,16.947826853812227,125.23272,6,"[11, 12, 21, 23, 32, 34]","['González', 'Güémez', 'Matamoros', 'Mier', 'Río Bravo', 'San Fernando']"
23,16,17.49530944265213,122.698237,6,"[11, 21, 23, 32, 34, 40]","['González', 'Matamoros', 'Mier', 'Río Bravo', 'San Fernando', 'Victoria']"
23,17,13.629647646046207,122.698237,7,"[11, 21, 23, 32, 34, 39, 40]","['González', 'Matamoros', 'Mier', 'Río Bravo', 'San Fernando', 'Valle Hermoso', 'Victoria']"
23,18,31.4838538804033,166.394431,4,"[11, 14, 21, 34]","['González', 'Gustavo Díaz Ordaz', 'Matamoros', 'San Fernando']"
23,19,10.360936702754183,92.781591,10,"[4, 7, 11, 21, 23, 25, 26, 32, 34, 39]","['Burgos', 'Casas', 'González', 'Matamoros', 'Mier', 'Miquihuana', 'Nuevo Laredo', 'Río Bravo', 'San Fernando', 'Valle Hermoso']"
23,20,10.490406215780789,122.698237,8,"[11, 21, 22, 23, 32, 34, 39, 40]","['González', 'Matamoros', 'Méndez', 'Mier', 'Río Bravo', 'San Fernando', 'Valle Hermoso', 'Victoria']"
23,21,13.486776481323737,197.327862,6,"[11, 21, 31, 32, 34, 39]","['González', 'Matamoros', 'Reynosa', 'Río Bravo', 'San Fernando', 'Valle Hermoso']"
23,22,12.780371240715173,218.757001,6,"[7, 11, 21, 32, 34, 39]","['Casas', 'González', 'Matamoros', 'Río Bravo', 'San Fernando', 'Valle Hermoso']"
23,23,70.87439659669022,159.121441,3,"[6, 11, 34]","['Camargo', 'González', 'San Fernando']"
23,24,10.623338635054765,106.008269,8,"[11, 13, 21, 22, 32, 34, 39, 40]","['González', 'Guerrero', 'Matamoros', 'Méndez', 'Río Bravo', 'San Fernando', 'Valle Hermoso', 'Victoria']"
23,25,29.02191024088095,125.23272,5,"[11, 12, 23, 32, 34]","['González', 'Güémez', 'Mier', 'Río Bravo', 'San Fernando']"
23,26,7.562497912100159,122.698237,9,"[11, 21, 22, 23, 31, 32, 34, 39, 40]","['González', 'Matamoros', 'Méndez', 'Mier', 'Reynosa', 'Río Bravo', 'San Fernando', 'Valle Hermoso', 'Victoria']"
23,27,15.643602743944205,159.121441,6,"[6, 11, 21, 32, 34, 39]","['Camargo', 'González', 'Matamoros', 'Río Bravo', 'San Fernando', 'Valle Hermoso']"
23,28,7.101902079928514,125.23272,9,"[11, 12, 21, 22, 23, 31, 32, 34, 39]","['González', 'Güémez', 'Matamoros', 'Méndez', 'Mier', 'Reynosa', 'Río Bravo', 'San Fernando', 'Valle Hermoso']"
23,29,31.583347927618853,159.121441,4,"[6, 11, 32, 34]","['Camargo', 'González', 'Río Bravo', 'San Fernando']"
23,30,16.62166718898823,218.757001,5,"[11, 21, 32, 34, 39]","['González', 'Matamoros', 'Río Bravo', 'San Fernando', 'Valle Hermoso']"
23,31,29.702325248994832,106.008269,5,"[11, 13, 32, 34, 40]","['González', 'Guerrero', 'Río Bravo', 'San Fernando', 'Victoria']"
23,32,6.159922654821361,128.460678,9,"[7, 11, 21, 22, 23, 31, 32, 34, 39]","['Casas', 'González', 'Matamoros', 'Méndez', 'Mier', 'Reynosa', 'Río Bravo', 'San Fernando', 'Valle Hermoso']"
23,33,4.541930459080558,197.327862,9,"[2, 7, 11, 21, 22, 31, 32, 34, 39]","['Altamira', 'Casas', 'González', 'Matamoros', 'Méndez', 'Reynosa', 'Río Bravo', 'San Fernando', 'Valle Hermoso']"
23,34,3.792068344553351,197.327862,10,"[0, 2, 7, 11, 21, 22, 31, 32, 34, 39]","['Abasolo', 'Altamira', 'Casas', 'González', 'Matamoros', 'Méndez', 'Reynosa', 'Río Bravo', 'San Fernando', 'Valle Hermoso']"
23,35,13.0821650572063,125.23272,7,"[11, 12, 21, 23, 32, 34, 39]","['González', 'Güémez', 'Matamoros', 'Mier', 'Río Bravo', 'San Fernando', 'Valle Hermoso']"
23,36,19.509264540550127,159.121441,5,"[6, 11, 21, 32, 34]","['Camargo', 'González', 'Matamoros', 'Río Bravo', 'San Fernando']"
23,37,9.639804742129789,218.757001,7,"[7, 11, 21, 22, 32, 34, 39]","['Casas', 'González', 'Matamoros', 'Méndez', 'Río Bravo', 'San Fernando', 'Valle Hermoso']"
23,38,6.504914034465295,197.327862,8,"[7, 11, 21, 22, 31, 32, 34, 39]","['Casas', 'González', 'Matamoros', 'Méndez', 'Reynosa', 'Río Bravo', 'San Fernando', 'Valle Hermoso']"
23,39,7.695430331374136,106.008269,9,"[11, 13, 21, 22, 31, 32, 34, 39, 40]","['González', 'Guerrero', 'Matamoros', 'Méndez', 'Reynosa', 'Río Bravo', 'San Fernando', 'Valle Hermoso', 'Victoria']"
23,40,17.069218781235904,103.28924,7,"[6, 11, 21, 26, 32, 34, 40]","['Camargo', 'González', 'Matamoros', 'Nuevo Laredo', 'Río Bravo', 'San Fernando', 'Victoria']"
23,41,12.554829116085713,93.902475,9,"[6, 11, 12, 21, 26, 27, 32, 34, 39]","['Camargo', 'González', 'Güémez', 'Matamoros', 'Nuevo Laredo', 'Nuevo Morelos', 'Río Bravo', 'San Fernando', 'Valle Hermoso']"
23,42,4.196939079436624,128.460678,10,"[2, 7, 11, 21, 22, 23, 31, 32, 34, 39]","['Altamira', 'Casas', 'González', 'Matamoros', 'Méndez', 'Mier', 'Reynosa', 'Río Bravo', 'San Fernando', 'Valle Hermoso']"
23,43,17.628241861926107,106.008269,6,"[11, 13, 21, 32, 34, 40]","['González', 'Guerrero', 'Matamoros', 'Río Bravo', 'San Fernando', 'Victoria']"
23,44,9.087830958501987,128.460678,8,"[7, 11, 21, 22, 23, 32, 34, 39]","['Casas', 'González', 'Matamoros', 'Méndez', 'Mier', 'Río Bravo', 'San Fernando', 'Valle Hermoso']"
23,45,5.5995143367154245,122.698237,10,"[2, 11, 21, 22, 23, 31, 32, 34, 39, 40]","['Altamira', 'González', 'Matamoros', 'Méndez', 'Mier', 'Reynosa', 'Río Bravo', 'San Fernando', 'Valle Hermoso', 'Victoria']"
23,46,7.283771005422787,103.28924,10,"[6, 11, 21, 22, 26, 31, 32, 34, 39, 40]","['Camargo', 'González', 'Matamoros', 'Méndez', 'Nuevo Laredo', 'Reynosa', 'Río Bravo', 'San Fernando', 'Valle Hermoso', 'Victoria']"
23,47,54.99403873176108,126.101423,4,"[11, 12, 23, 32]","['González', 'Güémez', 'Mier', 'Río Bravo']"
23,48,29.04380812108907,103.28924,6,"[11, 14, 21, 26, 34, 40]","['González', 'Gustavo Díaz Ordaz', 'Matamoros', 'Nuevo Laredo', 'San Fernando', 'Victoria']"
23,49,10.064315554364562,103.28924,9,"[6, 11, 21, 22, 26, 32, 34, 39, 40]","['Camargo', 'González', 'Matamoros', 'Méndez', 'Nuevo Laredo', 'Río Bravo', 'San Fernando', 'Valle Hermoso', 'Victoria']"
23,50,13.762580065320183,106.008269,7,"[11, 13, 21, 32, 34, 39, 40]","['González', 'Guerrero', 'Matamoros', 'Río Bravo', 'San Fernando', 'Valle Hermoso', 'Victoria']"
23,51,10.029810383609144,125.23272,8,"[11, 12, 21, 22, 23, 32, 34, 39]","['González', 'Güémez', 'Matamoros', 'Méndez', 'Mier', 'Río Bravo', 'San Fernando', 'Valle Hermoso']"
23,52,11.802306795671146,146.150389,7,"[6, 7, 11, 21, 32, 34, 39]","['Camargo', 'Casas', 'González', 'Matamoros', 'Río Bravo', 'San Fernando', 'Valle Hermoso']"
23,53,13.20355698462998,103.28924,8,"[6, 11, 21, 26, 32, 34, 39, 40]","['Camargo', 'González', 'Matamoros', 'Nuevo Laredo', 'Río Bravo', 'San Fernando', 'Valle Hermoso', 'Victoria']"
23,54,15.66796859227707,146.150389,6,"[6, 7, 11, 21, 32, 34]","['Camargo', 'Casas', 'González', 'Matamoros', 'Río Bravo', 'San Fernando']"
23,55,10.01109096296276,93.902475,10,"[11, 12, 21, 22, 23, 25, 26, 32, 34, 39]","['González', 'Güémez', 'Matamoros', 'Méndez', 'Mier', 'Miquihuana', 'Nuevo Laredo', 'Río Bravo', 'San Fernando', 'Valle Hermoso']"
23,56,8.66174029708576,146.150389,8,"[6, 7, 11, 21, 22, 32, 34, 39]","['Camargo', 'Casas', 'González', 'Matamoros', 'Méndez', 'Río Bravo', 'San Fernando', 'Valle Hermoso']"
23,57,27.742051979345796,146.150389,5,"[6, 7, 11, 32, 34]","['Camargo', 'Casas', 'González', 'Río Bravo', 'San Fernando']"
23,58,22.884285306543312,150.277393,5,"[6, 21, 32, 34, 42]","['Camargo', 'Matamoros', 'Río Bravo', 'San Fernando', 'Xicoténcatl']"
23,59,5.8811957481439885,146.150389,9,"[6, 7, 11, 21, 22, 31, 32, 34, 39]","['Camargo', 'Casas', 'González', 'Matamoros', 'Méndez', 'Reynosa', 'Río Bravo', 'San Fernando', 'Valle Hermoso']"
23,60,91.08426081306922,141.396971,3,"[22, 23, 42]","['Méndez', 'Mier', 'Xicoténcatl']"
23,61,3.9182121727592514,146.150389,10,"[2, 6, 7, 11, 21, 22, 31, 32, 34, 39]","['Altamira', 'Camargo', 'Casas', 'González', 'Matamoros', 'Méndez', 'Reynosa', 'Río Bravo', 'San Fernando', 'Valle Hermoso']"
23,62,34.95836869361204,150.277393,4,"[6, 32, 34, 42]","['Camargo', 'Río Bravo', 'San Fernando', 'Xicoténcatl']"
23,63,41.905069248385125,141.396971,4,"[22, 23, 32, 42]","['Méndez', 'Mier', 'Río Bravo', 'Xicoténcatl']"
23,64,81.97187386326387,146.150389,3,"[6, 22, 42]","['Camargo', 'Méndez', 'Xicoténcatl']"
23,65,14.226598499360106,92.781591,9,"[4, 7, 11, 21, 23, 25, 26, 32, 34]","['Burgos', 'Casas', 'González', 'Matamoros', 'Mier', 'Miquihuana', 'Nuevo Laredo', 'Río Bravo', 'San Fernando']"
23,66,24.83465414651498,67.706109,10,"[2, 6, 7, 11, 25, 26, 27, 32, 33, 34]","['Altamira', 'Camargo', 'Casas', 'González', 'Miquihuana', 'Nuevo Laredo', 'Nuevo Morelos', 'Río Bravo', 'San Carlos', 'San Fernando']"
23,67,5.7324467559894,106.008269,10,"[2, 11, 13, 21, 22, 31, 32, 34, 39, 40]","['Altamira', 'González', 'Guerrero', 'Matamoros', 'Méndez', 'Reynosa', 'Río Bravo', 'San Fernando', 'Valle Hermoso', 'Victoria']"
23,68,27.985636966192395,129.804564,5,"[7, 11, 24, 32, 34]","['Casas', 'González', 'Miguel Alemán', 'Río Bravo', 'San Fernando']"
23,69,54.81153305719145,129.804564,4,"[11, 12, 24, 32]","['González', 'Güémez', 'Miguel Alemán', 'Río Bravo']"
23,70,14.534302099122492,89.54682,9,"[6, 7, 11, 18, 21, 26, 32, 33, 34]","['Camargo', 'Casas', 'González', 'Llera', 'Matamoros', 'Nuevo Laredo', 'Río Bravo', 'San Carlos', 'San Fernando']"
23,71,54.10531395737595,135.251233,4,"[7, 11, 24, 32]","['Casas', 'González', 'Miguel Alemán', 'Río Bravo']"
23,72,25.995250473270623,92.781591,8,"[4, 7, 11, 21, 23, 25, 26, 32]","['Burgos', 'Casas', 'González', 'Matamoros', 'Mier', 'Miquihuana', 'Nuevo Laredo', 'Río Bravo']"
23,73,15.911553579123666,129.804564,6,"[7, 11, 21, 24, 32, 34]","['Casas', 'González', 'Matamoros', 'Miguel Alemán', 'Río Bravo', 'San Fernando']"
23,74,16.21772247490576,93.902475,8,"[6, 11, 12, 21, 26, 32, 34, 42]","['Camargo', 'González', 'Güémez', 'Matamoros', 'Nuevo Laredo', 'Río Bravo', 'San Fernando', 'Xicoténcatl']"
23,75,26.608385486191217,89.54682,8,"[6, 7, 11, 18, 26, 32, 33, 34]","['Camargo', 'Casas', 'González', 'Llera', 'Nuevo Laredo', 'Río Bravo', 'San Carlos', 'San Fernando']"
23,76,44.73965700354259,97.088288,6,"[6, 11, 18, 26, 32, 33]","['Camargo', 'González', 'Llera', 'Nuevo Laredo', 'Río Bravo', 'San Carlos']"
23,77,42.80013302613005,89.54682,7,"[6, 7, 11, 18, 26, 32, 33]","['Camargo', 'Casas', 'González', 'Llera', 'Nuevo Laredo', 'Río Bravo', 'San Carlos']"
23,78,38.06933386033935,92.781591,7,"[4, 7, 11, 23, 25, 26, 32]","['Burgos', 'Casas', 'González', 'Mier', 'Miquihuana', 'Nuevo Laredo', 'Río Bravo']"
23,79,43.060116563201134,84.571049,8,"[2, 6, 7, 25, 26, 32, 33, 42]","['Altamira', 'Camargo', 'Casas', 'Miquihuana', 'Nuevo Laredo', 'Río Bravo', 'San Carlos', 'Xicoténcatl']"
23,80,26.8683690232623,67.706109,9,"[2, 6, 7, 25, 26, 32, 33, 34, 42]","['Altamira', 'Camargo', 'Casas', 'Miquihuana', 'Nuevo Laredo', 'Río Bravo', 'San Carlos', 'San Fernando', 'Xicoténcatl']"
23,81,15.344297124187191,69.788658,10,"[2, 6, 7, 21, 25, 26, 27, 32, 33, 34]","['Altamira', 'Camargo', 'Casas', 'Matamoros', 'Miquihuana', 'Nuevo Laredo', 'Nuevo Morelos', 'Río Bravo', 'San Carlos', 'San Fernando']"
23,82,12.045891782517742,129.804564,7,"[7, 11, 21, 24, 32, 34, 39]","['Casas', 'González', 'Matamoros', 'Miguel Alemán', 'Río Bravo', 'San Fernando', 'Valle Hermoso']"
23,83,11.394803606396582,99.762503,9,"[4, 6, 11, 21, 26, 32, 34, 39, 40]","['Burgos', 'Camargo', 'González', 'Matamoros', 'Nuevo Laredo', 'Río Bravo', 'San Fernando', 'Valle Hermoso', 'Victoria']"
23,84,27.043796983190045,99.762503,7,"[4, 6, 11, 21, 26, 32, 40]","['Burgos', 'Camargo', 'González', 'Matamoros', 'Nuevo Laredo', 'Río Bravo', 'Victoria']"
23,85,15.260465403002506,99.762503,8,"[4, 6, 11, 21, 26, 32, 34, 40]","['Burgos', 'Camargo', 'González', 'Matamoros', 'Nuevo Laredo', 'Río Bravo', 'San Fernando', 'Victoria']"
23,86,10.668640302516568,89.54682,10,"[6, 7, 11, 18, 21, 26, 32, 33, 34, 39]","['Camargo', 'Casas', 'González', 'Llera', 'Matamoros', 'Nuevo Laredo', 'Río Bravo', 'San Carlos', 'San Fernando', 'Valle Hermoso']"
23,87,8.905325283932356,129.804564,8,"[7, 11, 21, 22, 24, 32, 34, 39]","['Casas', 'González', 'Matamoros', 'Méndez', 'Miguel Alemán', 'Río Bravo', 'San Fernando', 'Valle Hermoso']"
23,88,41.47897858696889,146.150389,4,"[6, 22, 32, 42]","['Camargo', 'Méndez', 'Río Bravo', 'Xicoténcatl']"
23,89,57.082257357436454,190.624696,3,"[7, 14, 39]","['Casas', 'Gustavo Díaz Ordaz', 'Valle Hermoso']"
23,90,5.138918504543778,125.23272,10,"[2, 11, 12, 21, 22, 23, 31, 32, 34, 39]","['Altamira', 'González', 'Güémez', 'Matamoros', 'Méndez', 'Mier', 'Reynosa', 'Río Bravo', 'San Fernando', 'Valle Hermoso']"
23,91,39.11788037025877,99.762503,6,"[4, 6, 11, 26, 32, 40]","['Burgos', 'Camargo', 'González', 'Nuevo Laredo', 'Río Bravo', 'Victoria']"
23,92,8.614259057454806,99.762503,10,"[4, 6, 11, 21, 26, 31, 32, 34, 39, 40]","['Burgos', 'Camargo', 'González', 'Matamoros', 'Nuevo Laredo', 'Reynosa', 'Río Bravo', 'San Fernando', 'Valle Hermoso', 'Victoria']"
23,93,28.241005189902168,93.902475,7,"[6, 11, 12, 18, 26, 32, 34]","['Camargo', 'González', 'Güémez', 'Llera', 'Nuevo Laredo', 'Río Bravo', 'San Fernando']"
24,1,20.487328985594157,218.757001,4,"[11, 21, 32, 34]","['González', 'Matamoros', 'Río Bravo', 'San Fernando']"
24,2,21.42255192661401,197.327862,4,"[11, 21, 31, 34]","['González', 'Matamoros', 'Reynosa', 'San Fernando']"
24,3,13.486776481323737,197.327862,6,"[11, 21, 31, 32, 34, 39]","['González', 'Matamoros', 'Reynosa', 'Río Bravo', 'San Fernando', 'Valle Hermoso']"
24,4,31.4838538804033,166.394431,4,"[11, 14, 21, 34]","['González', 'Gustavo Díaz Ordaz', 'Matamoros', 'San Fernando']"
24,5,32.56141237266288,218.757001,3,"[11, 32, 34]","['González', 'Río Bravo', 'San Fernando']"
24,6,17.628241861926107,106.008269,6,"[11, 13, 21, 32, 34, 40]","['González', 'Guerrero', 'Matamoros', 'Río Bravo', 'San Fernando', 'Victoria']"
24,7,17.352438277929657,197.327862,5,"[11, 21, 31, 32, 34]","['González', 'Matamoros', 'Reynosa', 'Río Bravo', 'San Fernando']"
24,8,39.789813631059396,197.327862,3,"[11, 31, 34]","['González', 'Reynosa', 'San Fernando']"
24,9,10.623338635054765,106.008269,8,"[11, 13, 21, 22, 32, 34, 39, 40]","['González', 'Guerrero', 'Matamoros', 'Méndez', 'Río Bravo', 'San Fernando', 'Valle Hermoso', 'Victoria']"
24,10,59.77113611663137,166.394431,3,"[11, 14, 34]","['González', 'Gustavo Díaz Ordaz', 'San Fernando']"
24,11,13.762580065320183,106.008269,7,"[11, 13, 21, 32, 34, 39, 40]","['González', 'Guerrero', 'Matamoros', 'Río Bravo', 'San Fernando', 'Valle Hermoso', 'Victoria']"
24,12,31.583347927618853,159.121441,4,"[6, 11, 32, 34]","['Camargo', 'González', 'Río Bravo', 'San Fernando']"
24,13,16.62166718898823,218.757001,5,"[11, 21, 32, 34, 39]","['González', 'Matamoros', 'Río Bravo', 'San Fernando', 'Valle Hermoso']"
24,14,15.66796859227707,146.150389,6,"[6, 7, 11, 21, 32, 34]","['Camargo', 'Casas', 'González', 'Matamoros', 'Río Bravo', 'San Fernando']"
24,15,19.509264540550127,159.121441,5,"[6, 11, 21, 32, 34]","['Camargo', 'González', 'Matamoros', 'Río Bravo', 'San Fernando']"
24,16,29.702325248994832,106.008269,5,"[11, 13, 32, 34, 40]","['González', 'Guerrero', 'Río Bravo', 'San Fernando', 'Victoria']"
24,17,70.87439659669022,159.121441,3,"[6, 11, 34]","['Camargo', 'González', 'San Fernando']"
24,18,15.643602743944205,159.121441,6,"[6, 11, 21, 32, 34, 39]","['Camargo', 'González', 'Matamoros', 'Río Bravo', 'San Fernando', 'Valle Hermoso']"
24,19,4.3302517498523025,197.327862,10,"[0, 7, 8, 11, 21, 22, 31, 32, 34, 39]","['Abasolo', 'Casas', 'Ciudad Madero', 'González', 'Matamoros', 'Méndez', 'Reynosa', 'Río Bravo', 'San Fernando', 'Valle Hermoso']"
24,20,7.695430331374136,106.008269,9,"[11, 13, 21, 22, 31, 32, 34, 39, 40]","['González', 'Guerrero', 'Matamoros', 'Méndez', 'Reynosa', 'Río Bravo', 'San Fernando', 'Valle Hermoso', 'Victoria']"
24,21,34.95836869361204,150.277393,4,"[6, 32, 34, 42]","['Camargo', 'Río Bravo', 'San Fernando', 'Xicoténcatl']"
24,22,29.569392829720854,122.698237,5,"[11, 23, 32, 34, 40]","['González', 'Mier', 'Río Bravo', 'San Fernando', 'Victoria']"
24,23,17.49530944265213,122.698237,6,"[11, 21, 23, 32, 34, 40]","['González', 'Matamoros', 'Mier', 'Río Bravo', 'San Fernando', 'Victoria']"
24,24,13.20355698462998,103.28924,8,"[6, 11, 21, 26, 32, 34, 39, 40]","['Camargo', 'González', 'Matamoros', 'Nuevo Laredo', 'Río Bravo', 'San Fernando', 'Valle Hermoso', 'Victoria']"
24,25,13.629647646046207,122.698237,7,"[11, 21, 23, 32, 34, 39, 40]","['González', 'Matamoros', 'Mier', 'Río Bravo', 'San Fernando', 'Valle Hermoso', 'Victoria']"
24,26,40.70456625103741,146.150389,4,"[6, 9, 32, 42]","['Camargo', 'Cruillas', 'Río Bravo', 'Xicoténcatl']"
24,27,5.080113864379508,197.327862,9,"[7, 8, 11, 21, 22, 31, 32, 34, 39]","['Casas', 'Ciudad Madero', 'González', 'Matamoros', 'Méndez', 'Reynosa', 'Río Bravo', 'San Fernando', 'Valle Hermoso']"
24,28,12.780371240715173,218.757001,6,"[7, 11, 21, 32, 34, 39]","['Casas', 'González', 'Matamoros', 'Río Bravo', 'San Fernando', 'Valle Hermoso']"
24,29,16.0940592536933,128.460678,6,"[7, 11, 21, 23, 32, 34]","['Casas', 'González', 'Matamoros', 'Mier', 'Río Bravo', 'San Fernando']"
24,30,6.504914034465295,197.327862,8,"[7, 11, 21, 22, 31, 32, 34, 39]","['Casas', 'González', 'Matamoros', 'Méndez', 'Reynosa', 'Río Bravo', 'San Fernando', 'Valle Hermoso']"
24,31,5.998797199790613,120.713771,10,"[7, 11, 13, 18, 21, 22, 31, 32, 34, 39]","['Casas', 'González', 'Guerrero', 'Llera', 'Matamoros', 'Méndez', 'Reynosa', 'Río Bravo', 'San Fernando', 'Valle Hermoso']"
24,32,9.64548053305068,197.327862,7,"[7, 11, 21, 31, 32, 34, 39]","['Casas', 'González', 'Matamoros', 'Reynosa', 'Río Bravo', 'San Fernando', 'Valle Hermoso']"
24,33,11.802306795671146,146.150389,7,"[6, 7, 11, 21, 32, 34, 39]","['Camargo', 'Casas', 'González', 'Matamoros', 'Río Bravo', 'San Fernando', 'Valle Hermoso']"
24,34,6.042178128375481,106.008269,10,"[7, 11, 13, 21, 22, 31, 32, 34, 39, 40]","['Casas', 'González', 'Guerrero', 'Matamoros', 'Méndez', 'Reynosa', 'Río Bravo', 'San Fernando', 'Valle Hermoso', 'Victoria']"
24,35,22.884285306543312,150.277393,5,"[6, 21, 32, 34, 42]","['Camargo', 'Matamoros', 'Río Bravo', 'San Fernando', 'Xicoténcatl']"
24,36,9.639804742129789,218.757001,7,"[7, 11, 21, 22, 32, 34, 39]","['Casas', 'González', 'Matamoros', 'Méndez', 'Río Bravo', 'San Fernando', 'Valle Hermoso']"
24,37,29.04380812108907,103.28924,6,"[11, 14, 21, 26, 34, 40]","['González', 'Gustavo Díaz Ordaz', 'Matamoros', 'Nuevo Laredo', 'San Fernando', 'Victoria']"
24,38,12.228397457087373,128.460678,7,"[7, 11, 21, 23, 32, 34, 39]","['Casas', 'González', 'Matamoros', 'Mier', 'Río Bravo', 'San Fernando', 'Valle Hermoso']"
24,39,74.24941736268339,150.277393,3,"[6, 34, 42]","['Camargo', 'San Fernando', 'Xicoténcatl']"
24,40,17.069218781235904,103.28924,7,"[6, 11, 21, 26, 32, 34, 40]","['Camargo', 'González', 'Matamoros', 'Nuevo Laredo', 'Río Bravo', 'San Fernando', 'Victoria']"
24,41,6.159922654821361,128.460678,9,"[7, 11, 21, 22, 23, 31, 32, 34, 39]","['Casas', 'González', 'Matamoros', 'Méndez', 'Mier', 'Reynosa', 'Río Bravo', 'San Fernando', 'Valle Hermoso']"
24,42,7.562497912100159,122.698237,9,"[11, 21, 22, 23, 31, 32, 34, 39, 40]","['González', 'Matamoros', 'Méndez', 'Mier', 'Reynosa', 'Río Bravo', 'San Fernando', 'Valle Hermoso', 'Victoria']"
24,43,5.8811957481439885,146.150389,9,"[6, 7, 11, 21, 22, 31, 32, 34, 39]","['Camargo', 'Casas', 'González', 'Matamoros', 'Méndez', 'Reynosa', 'Río Bravo', 'San Fernando', 'Valle Hermoso']"
24,44,5.865864780516636,122.698237,10,"[7, 11, 18, 21, 22, 23, 31, 32, 34, 39]","['Casas', 'González', 'Llera', 'Matamoros', 'Méndez', 'Mier', 'Reynosa', 'Río Bravo', 'San Fernando', 'Valle Hermoso']"
24,45,8.66174029708576,146.150389,8,"[6, 7, 11, 21, 22, 32, 34, 39]","['Camargo', 'Casas', 'González', 'Matamoros', 'Méndez', 'Río Bravo', 'San Fernando', 'Valle Hermoso']"
24,46,27.742051979345796,146.150389,5,"[6, 7, 11, 32, 34]","['Camargo', 'Casas', 'González', 'Río Bravo', 'San Fernando']"
24,47,12.144879659326712,91.820321,9,"[6, 11, 18, 21, 26, 29, 32, 34, 39]","['Camargo', 'González', 'Llera', 'Matamoros', 'Nuevo Laredo', 'Padilla', 'Río Bravo', 'San Fernando', 'Valle Hermoso']"
24,48,9.087830958501987,128.460678,8,"[7, 11, 21, 22, 23, 32, 34, 39]","['Casas', 'González', 'Matamoros', 'Méndez', 'Mier', 'Río Bravo', 'San Fernando', 'Valle Hermoso']"
24,49,10.490406215780789,122.698237,8,"[11, 21, 22, 23, 32, 34, 39, 40]","['González', 'Matamoros', 'Méndez', 'Mier', 'Río Bravo', 'San Fernando', 'Valle Hermoso', 'Victoria']"
24,50,28.168142640762028,128.460678,5,"[7, 11, 23, 32, 34]","['Casas', 'González', 'Mier', 'Río Bravo', 'San Fernando']"
24,51,9.389214121849115,91.820321,10,"[6, 11, 21, 22, 26, 29, 30, 32, 34, 39]","['Camargo', 'González', 'Matamoros', 'Méndez', 'Nuevo Laredo', 'Padilla', 'Palmillas', 'Río Bravo', 'San Fernando', 'Valle Hermoso']"
24,52,10.16274280288312,125.23272,8,"[11, 12, 13, 21, 22, 32, 34, 39]","['González', 'Güémez', 'Guerrero', 'Matamoros', 'Méndez', 'Río Bravo', 'San Fernando', 'Valle Hermoso']"
24,53,9.263813369025653,99.762503,10,"[6, 11, 21, 22, 26, 29, 32, 34, 39, 40]","['Camargo', 'González', 'Matamoros', 'Méndez', 'Nuevo Laredo', 'Padilla', 'Río Bravo', 'San Fernando', 'Valle Hermoso', 'Victoria']"
24,54,42.15890464025531,129.044191,4,"[9, 20, 26, 32]","['Cruillas', 'El Mante', 'Nuevo Laredo', 'Río Bravo']"
24,55,10.064315554364562,103.28924,9,"[6, 11, 21, 22, 26, 32, 34, 39, 40]","['Camargo', 'González', 'Matamoros', 'Méndez', 'Nuevo Laredo', 'Río Bravo', 'San Fernando', 'Valle Hermoso', 'Victoria']"
24,56,81.97187386326387,146.150389,3,"[6, 22, 42]","['Camargo', 'Méndez', 'Xicoténcatl']"
24,57,7.234834499202491,125.23272,9,"[11, 12, 13, 21, 22, 31, 32, 34, 39]","['González', 'Güémez', 'Guerrero', 'Matamoros', 'Méndez', 'Reynosa', 'Río Bravo', 'San Fernando', 'Valle Hermoso']"
24,58,4.735122484735575,128.460678,10,"[7, 8, 11, 21, 22, 23, 31, 32, 34, 39]","['Casas', 'Ciudad Madero', 'González', 'Matamoros', 'Méndez', 'Mier', 'Reynosa', 'Río Bravo', 'San Fernando', 'Valle Hermoso']"
24,59,13.520339732833088,87.858692,10,"[1, 6, 7, 11, 18, 21, 26, 32, 33, 34]","['Aldama', 'Camargo', 'Casas', 'González', 'Llera', 'Matamoros', 'Nuevo Laredo', 'Río Bravo', 'San Carlos', 'San Fernando']"
24,60,5.810034329116704,125.23272,10,"[8, 11, 12, 13, 21, 22, 31, 32, 34, 39]","['Ciudad Madero', 'González', 'Güémez', 'Guerrero', 'Matamoros', 'Méndez', 'Reynosa', 'Río Bravo', 'San Fernando', 'Valle Hermoso']"
24,61,27.00271539277308,89.54682,8,"[6, 7, 11, 18, 26, 32, 34, 41]","['Camargo', 'Casas', 'González', 'Llera', 'Nuevo Laredo', 'Río Bravo', 'San Fernando', 'Villagrán']"
24,62,10.668640302516568,89.54682,10,"[6, 7, 11, 18, 21, 26, 32, 33, 34, 39]","['Camargo', 'Casas', 'González', 'Llera', 'Matamoros', 'Nuevo Laredo', 'Río Bravo', 'San Carlos', 'San Fernando', 'Valle Hermoso']"
24,63,16.010541455932636,91.820321,8,"[6, 11, 18, 21, 26, 29, 32, 34]","['Camargo', 'González', 'Llera', 'Matamoros', 'Nuevo Laredo', 'Padilla', 'Río Bravo', 'San Fernando']"
24,64,13.0821650572063,125.23272,7,"[11, 12, 21, 23, 32, 34, 39]","['González', 'Güémez', 'Matamoros', 'Mier', 'Río Bravo', 'San Fernando', 'Valle Hermoso']"
24,65,14.534302099122492,89.54682,9,"[6, 7, 11, 18, 21, 26, 32, 33, 34]","['Camargo', 'Casas', 'González', 'Llera', 'Matamoros', 'Nuevo Laredo', 'Río Bravo', 'San Carlos', 'San Fernando']"
24,66,4.456395578058203,146.150389,10,"[6, 7, 8, 11, 21, 22, 31, 32, 34, 39]","['Camargo', 'Casas', 'Ciudad Madero', 'González', 'Matamoros', 'Méndez', 'Reynosa', 'Río Bravo', 'San Fernando', 'Valle Hermoso']"
24,67,7.283771005422787,103.28924,10,"[6, 11, 21, 22, 26, 31, 32, 34, 39, 40]","['Camargo', 'González', 'Matamoros', 'Méndez', 'Nuevo Laredo', 'Reynosa', 'Río Bravo', 'San Fernando', 'Valle Hermoso', 'Victoria']"
24,68,89.5044624580781,138.045942,3,"[20, 22, 24]","['El Mante', 'Méndez', 'Miguel Alemán']"
24,69,14.461159517412998,81.262904,10,"[1, 6, 7, 18, 20, 21, 26, 32, 33, 34]","['Aldama', 'Camargo', 'Casas', 'Llera', 'El Mante', 'Matamoros', 'Nuevo Laredo', 'Río Bravo', 'San Carlos', 'San Fernando']"
24,70,88.64983778054405,141.396971,3,"[22, 24, 42]","['Méndez', 'Miguel Alemán', 'Xicoténcatl']"
24,71,27.985130795785803,91.820321,7,"[11, 14, 18, 21, 26, 29, 34]","['González', 'Gustavo Díaz Ordaz', 'Llera', 'Matamoros', 'Nuevo Laredo', 'Padilla', 'San Fernando']"
24,72,16.947826853812227,125.23272,6,"[11, 12, 21, 23, 32, 34]","['González', 'Güémez', 'Matamoros', 'Mier', 'Río Bravo', 'San Fernando']"
24,73,26.535242904481727,81.262904,9,"[1, 6, 7, 18, 20, 26, 32, 33, 34]","['Aldama', 'Camargo', 'Casas', 'Llera', 'El Mante', 'Nuevo Laredo', 'Río Bravo', 'San Carlos', 'San Fernando']"
24,74,55.12697115103506,126.101423,4,"[11, 12, 13, 32]","['González', 'Güémez', 'Guerrero', 'Río Bravo']"
24,75,41.72256357381549,141.396971,4,"[22, 24, 32, 42]","['Méndez', 'Miguel Alemán', 'Río Bravo', 'Xicoténcatl']"
24,76,26.761587898259773,89.550148,8,"[1, 6, 7, 18, 26, 32, 33, 34]","['Aldama', 'Camargo', 'Casas', 'Llera', 'Nuevo Laredo', 'Río Bravo', 'San Carlos', 'San Fernando']"
24,77,25.594423119901812,87.858692,9,"[1, 6, 7, 11, 18, 26, 32, 33, 34]","['Aldama', 'Camargo', 'Casas', 'González', 'Llera', 'Nuevo Laredo', 'Río Bravo', 'San Carlos', 'San Fernando']"
24,78,29.02191024088095,125.23272,5,"[11, 12, 23, 32, 34]","['González', 'Güémez', 'Mier', 'Río Bravo', 'San Fernando']"
25,1,39.789813631059396,197.327862,3,"[11, 31, 34]","['González', 'Reynosa', 'San Fernando']"
25,2,74.24941736268339,150.277393,3,"[6, 34, 42]","['Camargo', 'San Fernando', 'Xicoténcatl']"
25,3,9.64548053305068,197.327862,7,"[7, 11, 21, 31, 32, 34, 39]","['Casas', 'González', 'Matamoros', 'Reynosa', 'Río Bravo', 'San Fernando', 'Valle Hermoso']"
25,4,17.352438277929657,197.327862,5,"[11, 21, 31, 32, 34]","['González', 'Matamoros', 'Reynosa', 'Río Bravo', 'San Fernando']"
25,5,15.911553579123666,129.804564,6,"[7, 11, 21, 24, 32, 34]","['Casas', 'González', 'Matamoros', 'Miguel Alemán', 'Río Bravo', 'San Fernando']"
25,6,12.780371240715173,218.757001,6,"[7, 11, 21, 32, 34, 39]","['Casas', 'González', 'Matamoros', 'Río Bravo', 'San Fernando', 'Valle Hermoso']"
25,7,16.62166718898823,218.757001,5,"[11, 21, 32, 34, 39]","['González', 'Matamoros', 'Río Bravo', 'San Fernando', 'Valle Hermoso']"
25,8,70.87439659669022,159.121441,3,"[6, 11, 34]","['Camargo', 'González', 'San Fernando']"
25,9,21.42255192661401,197.327862,4,"[11, 21, 31, 34]","['González', 'Matamoros', 'Reynosa', 'San Fernando']"
25,10,20.487328985594157,218.757001,4,"[11, 21, 32, 34]","['González', 'Matamoros', 'Río Bravo', 'San Fernando']"
25,11,9.639804742129789,218.757001,7,"[7, 11, 21, 22, 32, 34, 39]","['Casas', 'González', 'Matamoros', 'Méndez', 'Río Bravo', 'San Fernando', 'Valle Hermoso']"
25,12,16.841070434131,110.47534,7,"[11, 21, 25, 26, 31, 32, 34]","['González', 'Matamoros', 'Miquihuana', 'Nuevo Laredo', 'Reynosa', 'Río Bravo', 'San Fernando']"
25,13,13.486776481323737,197.327862,6,"[11, 21, 31, 32, 34, 39]","['González', 'Matamoros', 'Reynosa', 'Río Bravo', 'San Fernando', 'Valle Hermoso']"
25,14,12.975408637525074,110.47534,8,"[11, 21, 25, 26, 31, 32, 34, 39]","['González', 'Matamoros', 'Miquihuana', 'Nuevo Laredo', 'Reynosa', 'Río Bravo', 'San Fernando', 'Valle Hermoso']"
25,15,31.4838538804033,166.394431,4,"[11, 14, 21, 34]","['González', 'Gustavo Díaz Ordaz', 'Matamoros', 'San Fernando']"
25,16,31.583347927618853,159.121441,4,"[6, 11, 32, 34]","['Camargo', 'González', 'Río Bravo', 'San Fernando']"
25,17,20.911184082815346,110.47534,6,"[11, 21, 25, 26, 31, 34]","['González', 'Matamoros', 'Miquihuana', 'Nuevo Laredo', 'Reynosa', 'San Fernando']"
25,18,19.509264540550127,159.121441,5,"[6, 11, 21, 32, 34]","['Camargo', 'González', 'Matamoros', 'Río Bravo', 'San Fernando']"
25,19,59.77113611663137,166.394431,3,"[11, 14, 34]","['González', 'Gustavo Díaz Ordaz', 'San Fernando']"
25,20,19.975961141795498,116.83644,6,"[11, 21, 25, 26, 32, 34]","['González', 'Matamoros', 'Miquihuana', 'Nuevo Laredo', 'Río Bravo', 'San Fernando']"
25,21,8.905325283932356,129.804564,8,"[7, 11, 21, 22, 24, 32, 34, 39]","['Casas', 'González', 'Matamoros', 'Méndez', 'Miguel Alemán', 'Río Bravo', 'San Fernando', 'Valle Hermoso']"
25,22,32.56141237266288,218.757001,3,"[11, 32, 34]","['González', 'Río Bravo', 'San Fernando']"
25,23,34.95836869361204,150.277393,4,"[6, 32, 34, 42]","['Camargo', 'Río Bravo', 'San Fernando', 'Xicoténcatl']"
25,24,39.27844578726073,110.47534,5,"[11, 25, 26, 31, 34]","['González', 'Miquihuana', 'Nuevo Laredo', 'Reynosa', 'San Fernando']"
25,25,27.985636966192395,129.804564,5,"[7, 11, 24, 32, 34]","['Casas', 'González', 'Miguel Alemán', 'Río Bravo', 'San Fernando']"
25,26,12.733874837311458,116.83644,8,"[7, 11, 21, 25, 26, 32, 34, 39]","['Casas', 'González', 'Matamoros', 'Miquihuana', 'Nuevo Laredo', 'Río Bravo', 'San Fernando', 'Valle Hermoso']"
25,27,22.884285306543312,150.277393,5,"[6, 21, 32, 34, 42]","['Camargo', 'Matamoros', 'Río Bravo', 'San Fernando', 'Xicoténcatl']"
25,28,89.5044624580781,138.045942,3,"[20, 22, 24]","['El Mante', 'Méndez', 'Miguel Alemán']"
25,29,9.59463340704604,116.83644,9,"[7, 11, 21, 22, 25, 26, 32, 34, 39]","['Casas', 'González', 'Matamoros', 'Méndez', 'Miquihuana', 'Nuevo Laredo', 'Río Bravo', 'San Fernando', 'Valle Hermoso']"
25,30,32.05004452886421,116.83644,5,"[11, 25, 26, 32, 34]","['González', 'Miquihuana', 'Nuevo Laredo', 'Río Bravo', 'San Fernando']"
25,31,6.504914034465295,197.327862,8,"[7, 11, 21, 22, 31, 32, 34, 39]","['Casas', 'González', 'Matamoros', 'Méndez', 'Reynosa', 'Río Bravo', 'San Fernando', 'Valle Hermoso']"
25,32,15.643602743944205,159.121441,6,"[6, 11, 21, 32, 34, 39]","['Camargo', 'González', 'Matamoros', 'Río Bravo', 'San Fernando', 'Valle Hermoso']"
25,33,49.519340361142994,106.008269,5,"[11, 18, 26, 31, 35]","['González', 'Llera', 'Nuevo Laredo', 'Reynosa', 'San Nicolás']"
25,34,16.110299345189574,116.83644,7,"[11, 21, 25, 26, 32, 34, 39]","['González', 'Matamoros', 'Miquihuana', 'Nuevo Laredo', 'Río Bravo', 'San Fernando', 'Valle Hermoso']"
25,35,12.045891782517742,129.804564,7,"[7, 11, 21, 24, 32, 34, 39]","['Casas', 'González', 'Matamoros', 'Miguel Alemán', 'Río Bravo', 'San Fernando', 'Valle Hermoso']"
25,36,27.742051979345796,146.150389,5,"[6, 7, 11, 32, 34]","['Camargo', 'Casas', 'González', 'Río Bravo', 'San Fernando']"
25,37,8.66174029708576,146.150389,8,"[6, 7, 11, 21, 22, 32, 34, 39]","['Camargo', 'Casas', 'González', 'Matamoros', 'Méndez', 'Río Bravo', 'San Fernando', 'Valle Hermoso']"
25,38,9.598984129646965,110.47534,9,"[7, 11, 21, 25, 26, 31, 32, 34, 39]","['Casas', 'González', 'Matamoros', 'Miquihuana', 'Nuevo Laredo', 'Reynosa', 'Río Bravo', 'San Fernando', 'Valle Hermoso']"
25,39,4.541930459080558,197.327862,9,"[2, 7, 11, 21, 22, 31, 32, 34, 39]","['Altamira', 'Casas', 'González', 'Matamoros', 'Méndez', 'Reynosa', 'Río Bravo', 'San Fernando', 'Valle Hermoso']"
25,40,11.802306795671146,146.150389,7,"[6, 7, 11, 21, 32, 34, 39]","['Camargo', 'Casas', 'González', 'Matamoros', 'Río Bravo', 'San Fernando', 'Valle Hermoso']"
25,41,15.66796859227707,146.150389,6,"[6, 7, 11, 21, 32, 34]","['Camargo', 'Casas', 'González', 'Matamoros', 'Río Bravo', 'San Fernando']"
25,42,3.9182121727592514,146.150389,10,"[2, 6, 7, 11, 21, 22, 31, 32, 34, 39]","['Altamira', 'Camargo', 'Casas', 'González', 'Matamoros', 'Méndez', 'Reynosa', 'Río Bravo', 'San Fernando', 'Valle Hermoso']"
25,43,5.8811957481439885,146.150389,9,"[6, 7, 11, 21, 22, 31, 32, 34, 39]","['Camargo', 'Casas', 'González', 'Matamoros', 'Méndez', 'Reynosa', 'Río Bravo', 'San Fernando', 'Valle Hermoso']"
25,44,6.459742699381546,110.47534,10,"[7, 11, 21, 22, 25, 26, 31, 32, 34, 39]","['Casas', 'González', 'Matamoros', 'Méndez', 'Miquihuana', 'Nuevo Laredo', 'Reynosa', 'Río Bravo', 'San Fernando', 'Valle Hermoso']"
25,45,4.196939079436624,128.460678,10,"[2, 7, 11, 21, 22, 23, 31, 32, 34, 39]","['Altamira', 'Casas', 'González', 'Matamoros', 'Méndez', 'Mier', 'Reynosa', 'Río Bravo', 'San Fernando', 'Valle Hermoso']"
25,46,4.080671554817162,129.804564,10,"[2, 7, 11, 21, 22, 24, 31, 32, 34, 39]","['Altamira', 'Casas', 'González', 'Matamoros', 'Méndez', 'Miguel Alemán', 'Reynosa', 'Río Bravo', 'San Fernando', 'Valle Hermoso']"
25,47,6.159922654821361,128.460678,9,"[7, 11, 21, 22, 23, 31, 32, 34, 39]","['Casas', 'González', 'Matamoros', 'Méndez', 'Mier', 'Reynosa', 'Río Bravo', 'San Fernando', 'Valle Hermoso']"
25,48,6.0436551302018975,129.804564,9,"[7, 11, 21, 22, 24, 31, 32, 34, 39]","['Casas', 'González', 'Matamoros', 'Méndez', 'Miguel Alemán', 'Reynosa', 'Río Bravo', 'San Fernando', 'Valle Hermoso']"
25,49,29.02191024088095,125.23272,5,"[11, 12, 23, 32, 34]","['González', 'Güémez', 'Mier', 'Río Bravo', 'San Fernando']"
25,50,16.947826853812227,125.23272,6,"[11, 12, 21, 23, 32, 34]","['González', 'Güémez', 'Matamoros', 'Mier', 'Río Bravo', 'San Fernando']"
25,51,54.99403873176108,126.101423,4,"[11, 12, 23, 32]","['González', 'Güémez', 'Mier', 'Río Bravo']"
25,52,12.228397457087373,128.460678,7,"[7, 11, 21, 23, 32, 34, 39]","['Casas', 'González', 'Matamoros', 'Mier', 'Río Bravo', 'San Fernando', 'Valle Hermoso']"
25,53,8.304323286324191,120.713771,9,"[11, 18, 21, 22, 26, 31, 32, 34, 39]","['González', 'Llera', 'Matamoros', 'Méndez', 'Nuevo Laredo', 'Reynosa', 'Río Bravo', 'San Fernando', 'Valle Hermoso']"
25,54,13.0821650572063,125.23272,7,"[11, 12, 21, 23, 32, 34, 39]","['González', 'Güémez', 'Matamoros', 'Mier', 'Río Bravo', 'San Fernando', 'Valle Hermoso']"
25,55,11.439213993988684,120.713771,8,"[11, 18, 21, 22, 26, 32, 34, 39]","['González', 'Llera', 'Matamoros', 'Méndez', 'Nuevo Laredo', 'Río Bravo', 'San Fernando', 'Valle Hermoso']"
25,56,6.21085616016057,120.713771,10,"[7, 11, 18, 21, 22, 26, 31, 32, 34, 39]","['Casas', 'González', 'Llera', 'Matamoros', 'Méndez', 'Nuevo Laredo', 'Reynosa', 'Río Bravo', 'San Fernando', 'Valle Hermoso']"
25,57,19.423987358167697,122.698237,6,"[11, 21, 23, 25, 32, 34]","['González', 'Matamoros', 'Mier', 'Miquihuana', 'Río Bravo', 'San Fernando']"
25,58,28.168142640762028,128.460678,5,"[7, 11, 23, 32, 34]","['Casas', 'González', 'Mier', 'Río Bravo', 'San Fernando']"
25,59,51.13003696758984,129.044191,4,"[20, 26, 32, 33]","['El Mante', 'Nuevo Laredo', 'Río Bravo', 'San Carlos']"
25,60,7.101902079928514,125.23272,9,"[11, 12, 21, 22, 23, 31, 32, 34, 39]","['González', 'Güémez', 'Matamoros', 'Méndez', 'Mier', 'Reynosa', 'Río Bravo', 'San Fernando', 'Valle Hermoso']"
25,61,7.959331906680258,122.698237,9,"[11, 18, 21, 22, 23, 31, 32, 34, 39]","['González', 'Llera', 'Matamoros', 'Méndez', 'Mier', 'Reynosa', 'Río Bravo', 'San Fernando', 'Valle Hermoso']"
25,62,10.029810383609144,125.23272,8,"[11, 12, 21, 22, 23, 32, 34, 39]","['González', 'Güémez', 'Matamoros', 'Méndez', 'Mier', 'Río Bravo', 'San Fernando', 'Valle Hermoso']"
25,63,5.865864780516636,122.698237,10,"[7, 11, 18, 21, 22, 23, 31, 32, 34, 39]","['Casas', 'González', 'Llera', 'Matamoros', 'Méndez', 'Mier', 'Reynosa', 'Río Bravo', 'San Fernando', 'Valle Hermoso']"
25,64,12.862595784982494,81.482774,10,"[2, 6, 7, 21, 26, 31, 32, 34, 35, 38]","['Altamira', 'Camargo', 'Casas', 'Matamoros', 'Nuevo Laredo', 'Reynosa', 'Río Bravo', 'San Fernando', 'San Nicolás', 'Tula']"
25,65,31.152078656697615,106.008269,6,"[11, 18, 21, 26, 31, 35]","['González', 'Llera', 'Matamoros', 'Nuevo Laredo', 'Reynosa', 'San Nicolás']"
25,66,16.0940592536933,128.460678,6,"[7, 11, 21, 23, 32, 34]","['Casas', 'González', 'Matamoros', 'Mier', 'Río Bravo', 'San Fernando']"
25,67,9.087830958501987,128.460678,8,"[7, 11, 21, 22, 23, 32, 34, 39]","['Casas', 'González', 'Matamoros', 'Méndez', 'Mier', 'Río Bravo', 'San Fernando', 'Valle Hermoso']"
25,68,41.42442518205788,129.804564,4,"[9, 20, 24, 32]","['Cruillas', 'El Mante', 'Miguel Alemán', 'Río Bravo']"
25,69,10.887240210360888,122.698237,8,"[11, 18, 21, 22, 23, 32, 34, 39]","['González', 'Llera', 'Matamoros', 'Méndez', 'Mier', 'Río Bravo', 'San Fernando', 'Valle Hermoso']"
25,70,14.75290200696681,122.698237,7,"[11, 18, 21, 22, 23, 32, 34]","['González', 'Llera', 'Matamoros', 'Méndez', 'Mier', 'Río Bravo', 'San Fernando']"
25,71,41.31287465770246,97.088288,6,"[6, 11, 18, 26, 32, 35]","['Camargo', 'González', 'Llera', 'Nuevo Laredo', 'Río Bravo', 'San Nicolás']"
25,72,37.527883924776695,80.642886,8,"[2, 7, 11, 14, 21, 26, 35, 38]","['Altamira', 'Casas', 'González', 'Gustavo Díaz Ordaz', 'Matamoros', 'Nuevo Laredo', 'San Nicolás', 'Tula']"
25,73,31.49807074523642,122.698237,5,"[11, 23, 25, 32, 34]","['González', 'Mier', 'Miquihuana', 'Río Bravo', 'San Fernando']"
25,74,15.30487579059461,120.713771,7,"[11, 18, 21, 22, 26, 32, 34]","['González', 'Llera', 'Matamoros', 'Méndez', 'Nuevo Laredo', 'Río Bravo', 'San Fernando']"
25,75,5.138918504543778,125.23272,10,"[2, 11, 12, 21, 22, 23, 31, 32, 34, 39]","['Altamira', 'González', 'Güémez', 'Matamoros', 'Méndez', 'Mier', 'Reynosa', 'Río Bravo', 'San Fernando', 'Valle Hermoso']"
25,76,16.069230995340494,81.482774,9,"[2, 7, 21, 23, 26, 32, 34, 35, 38]","['Altamira', 'Casas', 'Matamoros', 'Mier', 'Nuevo Laredo', 'Río Bravo', 'San Fernando', 'San Nicolás', 'Tula']"
25,77,17.974629514068827,106.008269,7,"[11, 21, 26, 29, 31, 34, 42]","['González', 'Matamoros', 'Nuevo Laredo', 'Padilla', 'Reynosa', 'San Fernando', 'Xicoténcatl']"
25,78,12.718251138616193,87.858692,10,"[2, 6, 7, 11, 18, 21, 26, 32, 34, 35]","['Altamira', 'Camargo', 'Casas', 'González', 'Llera', 'Matamoros', 'Nuevo Laredo', 'Río Bravo', 'San Fernando', 'San Nicolás']"
25,79,28.084624843001357,91.820321,7,"[6, 11, 18, 26, 29, 32, 34]","['Camargo', 'González', 'Llera', 'Nuevo Laredo', 'Padilla', 'Río Bravo', 'San Fernando']"
25,80,25.04205234206116,80.642886,9,"[2, 6, 7, 11, 26, 32, 34, 35, 38]","['Altamira', 'Camargo', 'Casas', 'González', 'Nuevo Laredo', 'Río Bravo', 'San Fernando', 'San Nicolás', 'Tula']"
25,81,40.948151237884005,141.396971,4,"[9, 24, 32, 42]","['Cruillas', 'Miguel Alemán', 'Río Bravo', 'Xicoténcatl']"
25,82,12.96796895499244,80.642886,10,"[2, 6, 7, 11, 21, 26, 32, 34, 35, 38]","['Altamira', 'Camargo', 'Casas', 'González', 'Matamoros', 'Nuevo Laredo', 'Río Bravo', 'San Fernando', 'San Nicolás', 'Tula']"
25,83,9.988053396706244,106.008269,9,"[11, 18, 21, 26, 29, 31, 32, 34, 39]","['González', 'Llera', 'Matamoros', 'Nuevo Laredo', 'Padilla', 'Reynosa', 'Río Bravo', 'San Fernando', 'Valle Hermoso']"
25,84,26.655824053854097,89.54682,8,"[7, 11, 14, 18, 21, 26, 34, 35]","['Casas', 'González', 'Gustavo Díaz Ordaz', 'Llera', 'Matamoros', 'Nuevo Laredo', 'San Fernando', 'San Nicolás']"
25,85,16.010541455932636,91.820321,8,"[6, 11, 18, 21, 26, 29, 32, 34]","['Camargo', 'González', 'Llera', 'Matamoros', 'Nuevo Laredo', 'Padilla', 'Río Bravo', 'San Fernando']"
25,86,34.07788760744905,81.482774,8,"[2, 7, 21, 23, 26, 34, 35, 38]","['Altamira', 'Casas', 'Matamoros', 'Mier', 'Nuevo Laredo', 'San Fernando', 'San Nicolás', 'Tula']"
25,87,12.144879659326712,91.820321,9,"[6, 11, 18, 21, 26, 29, 32, 34, 39]","['Camargo', 'González', 'Llera', 'Matamoros', 'Nuevo Laredo', 'Padilla', 'Río Bravo', 'San Fernando', 'Valle Hermoso']"
25,88,9.128821975351014,91.820321,10,"[6, 11, 18, 21, 22, 26, 29, 32, 34, 39]","['Camargo', 'González', 'Llera', 'Matamoros', 'Méndez', 'Nuevo Laredo', 'Padilla', 'Río Bravo', 'San Fernando', 'Valle Hermoso']"
25,89,39.24114968378519,89.54682,7,"[7, 11, 14, 18, 21, 26, 35]","['Casas', 'González', 'Gustavo Díaz Ordaz', 'Llera', 'Matamoros', 'Nuevo Laredo', 'San Nicolás']"
25,90,13.853715193312166,106.008269,8,"[11, 18, 21, 26, 29, 31, 32, 34]","['González', 'Llera', 'Matamoros', 'Nuevo Laredo', 'Padilla', 'Reynosa', 'Río Bravo', 'San Fernando']"
25,91,6.971995712730545,106.008269,10,"[11, 18, 21, 22, 26, 29, 31, 32, 34, 39]","['González', 'Llera', 'Matamoros', 'Méndez', 'Nuevo Laredo', 'Padilla', 'Reynosa', 'Río Bravo', 'San Fernando', 'Valle Hermoso']"
25,92,81.97187386326387,146.150389,3,"[6, 22, 42]","['Camargo', 'Méndez', 'Xicoténcatl']"
25,93,14.68123471400093,89.54682,9,"[6, 7, 11, 18, 21, 26, 32, 34, 35]","['Camargo', 'Casas', 'González', 'Llera', 'Matamoros', 'Nuevo Laredo', 'Río Bravo', 'San Fernando', 'San Nicolás']"
25,94,10.815572917395006,89.54682,10,"[6, 7, 11, 18, 21, 26, 32, 34, 35, 39]","['Camargo', 'Casas', 'González', 'Llera', 'Matamoros', 'Nuevo Laredo', 'Río Bravo', 'San Fernando', 'San Nicolás', 'Valle Hermoso']"
25,95,88.64983778054405,141.396971,3,"[22, 24, 42]","['Méndez', 'Miguel Alemán', 'Xicoténcatl']"
25,96,40.70456625103741,146.150389,4,"[6, 9, 32, 42]","['Camargo', 'Cruillas', 'Río Bravo', 'Xicoténcatl']"
26,1,29.02191024088095,125.23272,5,"[11, 12, 23, 32, 34]","['González', 'Güémez', 'Mier', 'Río Bravo', 'San Fernando']"
26,2,20.487328985594157,218.757001,4,"[11, 21, 32, 34]","['González', 'Matamoros', 'Río Bravo', 'San Fernando']"
26,3,32.56141237266288,218.757001,3,"[11, 32, 34]","['González', 'Río Bravo', 'San Fernando']"
26,4,19.55691977744167,110.47534,6,"[11, 13, 21, 25, 32, 34]","['González', 'Guerrero', 'Matamoros', 'Miquihuana', 'Río Bravo', 'San Fernando']"
26,5,39.789813631059396,197.327862,3,"[11, 31, 34]","['González', 'Reynosa', 'San Fernando']"
26,6,21.42255192661401,197.327862,4,"[11, 21, 31, 34]","['González', 'Matamoros', 'Reynosa', 'San Fernando']"
26,7,16.62166718898823,218.757001,5,"[11, 21, 32, 34, 39]","['González', 'Matamoros', 'Río Bravo', 'San Fernando', 'Valle Hermoso']"
26,8,70.87439659669022,159.121441,3,"[6, 11, 34]","['Camargo', 'González', 'San Fernando']"
26,9,13.486776481323737,197.327862,6,"[11, 21, 31, 32, 34, 39]","['González', 'Matamoros', 'Reynosa', 'Río Bravo', 'San Fernando', 'Valle Hermoso']"
26,10,12.780371240715173,218.757001,6,"[7, 11, 21, 32, 34, 39]","['Casas', 'González', 'Matamoros', 'Río Bravo', 'San Fernando', 'Valle Hermoso']"
26,11,9.639804742129789,218.757001,7,"[7, 11, 21, 22, 32, 34, 39]","['Casas', 'González', 'Matamoros', 'Méndez', 'Río Bravo', 'San Fernando', 'Valle Hermoso']"
26,12,17.352438277929657,197.327862,5,"[11, 21, 31, 32, 34]","['González', 'Matamoros', 'Reynosa', 'Río Bravo', 'San Fernando']"
26,13,91.08426081306922,141.396971,3,"[22, 23, 42]","['Méndez', 'Mier', 'Xicoténcatl']"
26,14,31.631003164510393,110.47534,5,"[11, 13, 25, 32, 34]","['González', 'Guerrero', 'Miquihuana', 'Río Bravo', 'San Fernando']"
26,15,6.504914034465295,197.327862,8,"[7, 11, 21, 22, 31, 32, 34, 39]","['Casas', 'González', 'Matamoros', 'Méndez', 'Reynosa', 'Río Bravo', 'San Fernando', 'Valle Hermoso']"
26,16,9.64548053305068,197.327862,7,"[7, 11, 21, 31, 32, 34, 39]","['Casas', 'González', 'Matamoros', 'Reynosa', 'Río Bravo', 'San Fernando', 'Valle Hermoso']"
26,17,6.0436551302018975,129.804564,9,"[7, 11, 21, 22, 24, 31, 32, 34, 39]","['Casas', 'González', 'Matamoros', 'Méndez', 'Miguel Alemán', 'Reynosa', 'Río Bravo', 'San Fernando', 'Valle Hermoso']"
26,18,28.168142640762028,128.460678,5,"[7, 11, 23, 32, 34]","['Casas', 'González', 'Mier', 'Río Bravo', 'San Fernando']"
26,19,12.228397457087373,128.460678,7,"[7, 11, 21, 23, 32, 34, 39]","['Casas', 'González', 'Matamoros', 'Mier', 'Río Bravo', 'San Fernando', 'Valle Hermoso']"
26,20,7.959331906680258,122.698237,9,"[11, 18, 21, 22, 23, 31, 32, 34, 39]","['González', 'Llera', 'Matamoros', 'Méndez', 'Mier', 'Reynosa', 'Río Bravo', 'San Fernando', 'Valle Hermoso']"
26,21,31.4838538804033,166.394431,4,"[11, 14, 21, 34]","['González', 'Gustavo Díaz Ordaz', 'Matamoros', 'San Fernando']"
26,22,54.28411638334645,125.23272,4,"[11, 12, 23, 39]","['González', 'Güémez', 'Mier', 'Valle Hermoso']"
26,23,5.998797199790613,120.713771,10,"[7, 11, 13, 18, 21, 22, 31, 32, 34, 39]","['Casas', 'González', 'Guerrero', 'Llera', 'Matamoros', 'Méndez', 'Reynosa', 'Río Bravo', 'San Fernando', 'Valle Hermoso']"
26,24,16.947826853812227,125.23272,6,"[11, 12, 21, 23, 32, 34]","['González', 'Güémez', 'Matamoros', 'Mier', 'Río Bravo', 'San Fernando']"
26,25,10.029810383609144,125.23272,8,"[11, 12, 21, 22, 23, 32, 34, 39]","['González', 'Güémez', 'Matamoros', 'Méndez', 'Mier', 'Río Bravo', 'San Fernando', 'Valle Hermoso']"
26,26,14.885834426240788,120.713771,7,"[11, 13, 18, 21, 22, 32, 34]","['González', 'Guerrero', 'Llera', 'Matamoros', 'Méndez', 'Río Bravo', 'San Fernando']"
26,27,9.087830958501987,128.460678,8,"[7, 11, 21, 22, 23, 32, 34, 39]","['Casas', 'González', 'Matamoros', 'Méndez', 'Mier', 'Río Bravo', 'San Fernando', 'Valle Hermoso']"
26,28,13.0821650572063,125.23272,7,"[11, 12, 21, 23, 32, 34, 39]","['González', 'Güémez', 'Matamoros', 'Mier', 'Río Bravo', 'San Fernando', 'Valle Hermoso']"
26,29,16.0940592536933,128.460678,6,"[7, 11, 21, 23, 32, 34]","['Casas', 'González', 'Matamoros', 'Mier', 'Río Bravo', 'San Fernando']"
26,30,19.423987358167697,122.698237,6,"[11, 21, 23, 25, 32, 34]","['González', 'Matamoros', 'Mier', 'Miquihuana', 'Río Bravo', 'San Fernando']"
26,31,5.865864780516636,122.698237,10,"[7, 11, 18, 21, 22, 23, 31, 32, 34, 39]","['Casas', 'González', 'Llera', 'Matamoros', 'Méndez', 'Mier', 'Reynosa', 'Río Bravo', 'San Fernando', 'Valle Hermoso']"
26,32,31.583347927618853,159.121441,4,"[6, 11, 32, 34]","['Camargo', 'González', 'Río Bravo', 'San Fernando']"
26,33,31.49807074523642,122.698237,5,"[11, 23, 25, 32, 34]","['González', 'Mier', 'Miquihuana', 'Río Bravo', 'San Fernando']"
26,34,8.092264325954234,120.713771,9,"[11, 13, 18, 21, 22, 31, 32, 34, 39]","['González', 'Guerrero', 'Llera', 'Matamoros', 'Méndez', 'Reynosa', 'Río Bravo', 'San Fernando', 'Valle Hermoso']"
26,35,15.911553579123666,129.804564,6,"[7, 11, 21, 24, 32, 34]","['Casas', 'González', 'Matamoros', 'Miguel Alemán', 'Río Bravo', 'San Fernando']"
26,36,14.75290200696681,122.698237,7,"[11, 18, 21, 22, 23, 32, 34]","['González', 'Llera', 'Matamoros', 'Méndez', 'Mier', 'Río Bravo', 'San Fernando']"
26,37,9.175592042692216,110.47534,9,"[7, 11, 13, 21, 22, 25, 32, 34, 39]","['Casas', 'González', 'Guerrero', 'Matamoros', 'Méndez', 'Miquihuana', 'Río Bravo', 'San Fernando', 'Valle Hermoso']"
26,38,9.687845056041217,106.008269,9,"[11, 13, 18, 21, 22, 29, 32, 34, 39]","['González', 'Guerrero', 'Llera', 'Matamoros', 'Méndez', 'Padilla', 'Río Bravo', 'San Fernando', 'Valle Hermoso']"
26,39,6.159922654821361,128.460678,9,"[7, 11, 21, 22, 23, 31, 32, 34, 39]","['Casas', 'González', 'Matamoros', 'Méndez', 'Mier', 'Reynosa', 'Río Bravo', 'San Fernando', 'Valle Hermoso']"
26,40,81.97187386326387,146.150389,3,"[6, 22, 42]","['Camargo', 'Méndez', 'Xicoténcatl']"
26,41,74.24941736268339,150.277393,3,"[6, 34, 42]","['Camargo', 'San Fernando', 'Xicoténcatl']"
26,42,6.247683739011588,110.47534,10,"[7, 11, 13, 21, 22, 25, 31, 32, 34, 39]","['Casas', 'González', 'Guerrero', 'Matamoros', 'Méndez', 'Miquihuana', 'Reynosa', 'Río Bravo', 'San Fernando', 'Valle Hermoso']"
26,43,5.223533477444023,129.804564,10,"[7, 11, 21, 22, 24, 31, 32, 34, 36, 39]","['Casas', 'González', 'Matamoros', 'Méndez', 'Miguel Alemán', 'Reynosa', 'Río Bravo', 'San Fernando', 'Soto la Marina', 'Valle Hermoso']"
26,44,27.742051979345796,146.150389,5,"[6, 7, 11, 32, 34]","['Camargo', 'Casas', 'González', 'Río Bravo', 'San Fernando']"
26,45,15.691257980835747,110.47534,7,"[11, 13, 21, 25, 32, 34, 39]","['González', 'Guerrero', 'Matamoros', 'Miquihuana', 'Río Bravo', 'San Fernando', 'Valle Hermoso']"
26,46,5.339801002063486,128.460678,10,"[7, 11, 21, 22, 23, 31, 32, 34, 36, 39]","['Casas', 'González', 'Matamoros', 'Méndez', 'Mier', 'Reynosa', 'Río Bravo', 'San Fernando', 'Soto la Marina', 'Valle Hermoso']"
26,47,12.045891782517742,129.804564,7,"[7, 11, 21, 24, 32, 34, 39]","['Casas', 'González', 'Matamoros', 'Miguel Alemán', 'Río Bravo', 'San Fernando', 'Valle Hermoso']"
26,48,7.101902079928514,125.23272,9,"[11, 12, 21, 22, 23, 31, 32, 34, 39]","['González', 'Güémez', 'Matamoros', 'Méndez', 'Mier', 'Reynosa', 'Río Bravo', 'San Fernando', 'Valle Hermoso']"
26,49,11.802306795671146,146.150389,7,"[6, 7, 11, 21, 32, 34, 39]","['Camargo', 'Casas', 'González', 'Matamoros', 'Río Bravo', 'San Fernando', 'Valle Hermoso']"
26,50,22.884285306543312,150.277393,5,"[6, 21, 32, 34, 42]","['Camargo', 'Matamoros', 'Río Bravo', 'San Fernando', 'Xicoténcatl']"
26,51,8.66174029708576,146.150389,8,"[6, 7, 11, 21, 22, 32, 34, 39]","['Camargo', 'Casas', 'González', 'Matamoros', 'Méndez', 'Río Bravo', 'San Fernando', 'Valle Hermoso']"
26,52,19.509264540550127,159.121441,5,"[6, 11, 21, 32, 34]","['Camargo', 'González', 'Matamoros', 'Río Bravo', 'San Fernando']"
26,53,41.26358933172761,141.396971,4,"[9, 13, 32, 42]","['Cruillas', 'Guerrero', 'Río Bravo', 'Xicoténcatl']"
26,54,15.643602743944205,159.121441,6,"[6, 11, 21, 32, 34, 39]","['Camargo', 'González', 'Matamoros', 'Río Bravo', 'San Fernando', 'Valle Hermoso']"
26,55,59.77113611663137,166.394431,3,"[11, 14, 34]","['González', 'Gustavo Díaz Ordaz', 'San Fernando']"
26,56,34.95836869361204,150.277393,4,"[6, 32, 34, 42]","['Camargo', 'Río Bravo', 'San Fernando', 'Xicoténcatl']"
26,57,8.905325283932356,129.804564,8,"[7, 11, 21, 22, 24, 32, 34, 39]","['Casas', 'González', 'Matamoros', 'Méndez', 'Miguel Alemán', 'Río Bravo', 'San Fernando', 'Valle Hermoso']"
26,58,16.67011805151667,82.016092,10,"[6, 8, 18, 21, 26, 28, 32, 33, 34, 36]","['Camargo', 'Ciudad Madero', 'Llera', 'Matamoros', 'Nuevo Laredo', 'Ocampo', 'Río Bravo', 'San Carlos', 'San Fernando', 'Soto la Marina']"
26,59,5.8811957481439885,146.150389,9,"[6, 7, 11, 21, 22, 31, 32, 34, 39]","['Camargo', 'Casas', 'González', 'Matamoros', 'Méndez', 'Reynosa', 'Río Bravo', 'San Fernando', 'Valle Hermoso']"
26,60,6.759936752360588,106.008269,10,"[11, 13, 18, 21, 22, 29, 31, 32, 34, 39]","['González', 'Guerrero', 'Llera', 'Matamoros', 'Méndez', 'Padilla', 'Reynosa', 'Río Bravo', 'San Fernando', 'Valle Hermoso']"
26,61,27.985636966192395,129.804564,5,"[7, 11, 24, 32, 34]","['Casas', 'González', 'Miguel Alemán', 'Río Bravo', 'San Fernando']"
26,62,5.061074095386112,146.150389,10,"[6, 7, 11, 21, 22, 31, 32, 34, 36, 39]","['Camargo', 'Casas', 'González', 'Matamoros', 'Méndez', 'Reynosa', 'Río Bravo', 'San Fernando', 'Soto la Marina', 'Valle Hermoso']"
26,63,26.608385486191217,89.54682,8,"[6, 7, 11, 18, 26, 32, 33, 34]","['Camargo', 'Casas', 'González', 'Llera', 'Nuevo Laredo', 'Río Bravo', 'San Carlos', 'San Fernando']"
26,64,5.791502537730062,125.23272,10,"[11, 12, 21, 22, 23, 31, 32, 34, 36, 39]","['González', 'Güémez', 'Matamoros', 'Méndez', 'Mier', 'Reynosa', 'Río Bravo', 'San Fernando', 'Soto la Marina', 'Valle Hermoso']"
26,65,15.66796859227707,146.150389,6,"[6, 7, 11, 21, 32, 34]","['Camargo', 'Casas', 'González', 'Matamoros', 'Río Bravo', 'San Fernando']"
26,66,13.109501929036707,87.858692,10,"[6, 7, 8, 11, 18, 21, 26, 32, 33, 34]","['Camargo', 'Casas', 'Ciudad Madero', 'González', 'Llera', 'Matamoros', 'Nuevo Laredo', 'Río Bravo', 'San Carlos', 'San Fernando']"
26,67,10.668640302516568,89.54682,10,"[6, 7, 11, 18, 21, 26, 32, 33, 34, 39]","['Camargo', 'Casas', 'González', 'Llera', 'Matamoros', 'Nuevo Laredo', 'Río Bravo', 'San Carlos', 'San Fernando', 'Valle Hermoso']"
26,68,25.183585316105432,87.858692,9,"[6, 7, 8, 11, 18, 26, 32, 33, 34]","['Camargo', 'Casas', 'Ciudad Madero', 'González', 'Llera', 'Nuevo Laredo', 'Río Bravo', 'San Carlos', 'San Fernando']"
26,69,52.9319862859672,133.161241,4,"[11, 24, 29, 32]","['González', 'Miguel Alemán', 'Padilla', 'Río Bravo']"
26,70,16.569564536622835,106.008269,7,"[11, 13, 18, 21, 29, 32, 34]","['González', 'Guerrero', 'Llera', 'Matamoros', 'Padilla', 'Río Bravo', 'San Fernando']"
26,71,40.70456625103741,146.150389,4,"[6, 9, 32, 42]","['Camargo', 'Cruillas', 'Río Bravo', 'Xicoténcatl']"
26,72,16.010541455932636,91.820321,8,"[6, 11, 18, 21, 26, 29, 32, 34]","['Camargo', 'González', 'Llera', 'Matamoros', 'Nuevo Laredo', 'Padilla', 'Río Bravo', 'San Fernando']"
26,73,14.534302099122492,89.54682,9,"[6, 7, 11, 18, 21, 26, 32, 33, 34]","['Camargo', 'Casas', 'González', 'Llera', 'Matamoros', 'Nuevo Laredo', 'Río Bravo', 'San Carlos', 'San Fernando']"
26,74,9.128821975351014,91.820321,10,"[6, 11, 18, 21, 22, 26, 29, 32, 34, 39]","['Camargo', 'González', 'Llera', 'Matamoros', 'Méndez', 'Nuevo Laredo', 'Padilla', 'Río Bravo', 'San Fernando', 'Valle Hermoso']"
26,75,12.144879659326712,91.820321,9,"[6, 11, 18, 21, 26, 29, 32, 34, 39]","['Camargo', 'González', 'Llera', 'Matamoros', 'Nuevo Laredo', 'Padilla', 'Río Bravo', 'San Fernando', 'Valle Hermoso']"
26,76,25.057505314419846,79.739177,10,"[6, 7, 8, 11, 18, 26, 32, 33, 34, 42]","['Camargo', 'Casas', 'Ciudad Madero', 'González', 'Llera', 'Nuevo Laredo', 'Río Bravo', 'San Carlos', 'San Fernando', 'Xicoténcatl']"
26,77,43.7917324898691,84.571049,8,"[6, 7, 8, 18, 26, 32, 33, 42]","['Camargo', 'Casas', 'Ciudad Madero', 'Llera', 'Nuevo Laredo', 'Río Bravo', 'San Carlos', 'Xicoténcatl']"
26,78,28.084624843001357,91.820321,7,"[6, 11, 18, 26, 29, 32, 34]","['Camargo', 'González', 'Llera', 'Nuevo Laredo', 'Padilla', 'Río Bravo', 'San Fernando']"
26,79,27.599984949930263,79.739177,9,"[6, 7, 8, 18, 26, 32, 33, 34, 42]","['Camargo', 'Casas', 'Ciudad Madero', 'Llera', 'Nuevo Laredo', 'Río Bravo', 'San Carlos', 'San Fernando', 'Xicoténcatl']"
26,80,25.15767699114604,74.208543,10,"[6, 7, 8, 11, 18, 26, 32, 33, 34, 38]","['Camargo', 'Casas', 'Ciudad Madero', 'González', 'Llera', 'Nuevo Laredo', 'Río Bravo', 'San Carlos', 'San Fernando', 'Tula']"
26,81,34.60661363547022,106.008269,5,"[11, 13, 34, 39, 40]","['González', 'Guerrero', 'San Fernando', 'Valle Hermoso', 'Victoria']"
26,82,38.47486664160517,87.858692,8,"[7, 8, 11, 13, 18, 26, 32, 35]","['Casas', 'Ciudad Madero', 'González', 'Guerrero', 'Llera', 'Nuevo Laredo', 'Río Bravo', 'San Nicolás']"
26,83,41.87189773839266,97.088288,6,"[11, 13, 18, 26, 32, 35]","['González', 'Guerrero', 'Llera', 'Nuevo Laredo', 'Río Bravo', 'San Nicolás']"
26,84,21.174571393224596,106.008269,6,"[11, 13, 32, 34, 39, 40]","['González', 'Guerrero', 'Río Bravo', 'San Fernando', 'Valle Hermoso', 'Victoria']"
26,85,53.56391419730214,128.460678,4,"[7, 11, 23, 39]","['Casas', 'González', 'Mier', 'Valle Hermoso']"
26,86,39.340643731000746,89.54682,7,"[6, 7, 11, 18, 26, 32, 35]","['Camargo', 'Casas', 'González', 'Llera', 'Nuevo Laredo', 'Río Bravo', 'San Nicolás']"
26,87,10.623338635054765,106.008269,8,"[11, 13, 21, 22, 32, 34, 39, 40]","['González', 'Guerrero', 'Matamoros', 'Méndez', 'Río Bravo', 'San Fernando', 'Valle Hermoso', 'Victoria']"
26,88,5.080113864379508,197.327862,9,"[7, 8, 11, 21, 22, 31, 32, 34, 39]","['Casas', 'Ciudad Madero', 'González', 'Matamoros', 'Méndez', 'Reynosa', 'Río Bravo', 'San Fernando', 'Valle Hermoso']"
26,89,4.2599922116216336,197.327862,10,"[7, 8, 11, 21, 22, 31, 32, 34, 36, 39]","['Casas', 'Ciudad Madero', 'González', 'Matamoros', 'Méndez', 'Reynosa', 'Río Bravo', 'San Fernando', 'Soto la Marina', 'Valle Hermoso']"
26,90,53.36517065740027,129.804564,4,"[7, 11, 24, 39]","['Casas', 'González', 'Miguel Alemán', 'Valle Hermoso']"
27,1,57.96026278850363,171.210441,3,"[14, 18, 39]","['Gustavo Díaz Ordaz', 'Llera', 'Valle Hermoso']"
27,2,89.5044624580781,138.045942,3,"[20, 22, 24]","['El Mante', 'Méndez', 'Miguel Alemán']"
27,3,57.67453030661876,186.503869,3,"[14, 39, 42]","['Gustavo Díaz Ordaz', 'Valle Hermoso', 'Xicoténcatl']"
27,4,20.487328985594157,218.757001,4,"[11, 21, 32, 34]","['González', 'Matamoros', 'Río Bravo', 'San Fernando']"
27,5,4.080671554817162,129.804564,10,"[2, 7, 11, 21, 22, 24, 31, 32, 34, 39]","['Altamira', 'Casas', 'González', 'Matamoros', 'Méndez', 'Miguel Alemán', 'Reynosa', 'Río Bravo', 'San Fernando', 'Valle Hermoso']"
27,6,31.4838538804033,166.394431,4,"[11, 14, 21, 34]","['González', 'Gustavo Díaz Ordaz', 'Matamoros', 'San Fernando']"
27,7,17.080759273086198,125.23272,6,"[11, 12, 13, 21, 32, 34]","['González', 'Güémez', 'Guerrero', 'Matamoros', 'Río Bravo', 'San Fernando']"
27,8,41.72256357381549,141.396971,4,"[22, 24, 32, 42]","['Méndez', 'Miguel Alemán', 'Río Bravo', 'Xicoténcatl']"
27,9,32.56141237266288,218.757001,3,"[11, 32, 34]","['González', 'Río Bravo', 'San Fernando']"
27,10,13.486776481323737,197.327862,6,"[11, 21, 31, 32, 34, 39]","['González', 'Matamoros', 'Reynosa', 'Río Bravo', 'San Fernando', 'Valle Hermoso']"
27,11,4.541930459080558,197.327862,9,"[2, 7, 11, 21, 22, 31, 32, 34, 39]","['Altamira', 'Casas', 'González', 'Matamoros', 'Méndez', 'Reynosa', 'Río Bravo', 'San Fernando', 'Valle Hermoso']"
27,12,12.045891782517742,129.804564,7,"[7, 11, 21, 24, 32, 34, 39]","['Casas', 'González', 'Matamoros', 'Miguel Alemán', 'Río Bravo', 'San Fernando', 'Valle Hermoso']"
27,13,16.226991672967277,128.460678,6,"[7, 11, 13, 21, 32, 34]","['Casas', 'González', 'Guerrero', 'Matamoros', 'Río Bravo', 'San Fernando']"
27,14,21.42255192661401,197.327862,4,"[11, 21, 31, 34]","['González', 'Matamoros', 'Reynosa', 'San Fernando']"
27,15,12.780371240715173,218.757001,6,"[7, 11, 21, 32, 34, 39]","['Casas', 'González', 'Matamoros', 'Río Bravo', 'San Fernando', 'Valle Hermoso']"
27,16,27.985636966192395,129.804564,5,"[7, 11, 24, 32, 34]","['Casas', 'González', 'Miguel Alemán', 'Río Bravo', 'San Fernando']"
27,17,17.352438277929657,197.327862,5,"[11, 21, 31, 32, 34]","['González', 'Matamoros', 'Reynosa', 'Río Bravo', 'San Fernando']"
27,18,6.0436551302018975,129.804564,9,"[7, 11, 21, 22, 24, 31, 32, 34, 39]","['Casas', 'González', 'Matamoros', 'Méndez', 'Miguel Alemán', 'Reynosa', 'Río Bravo', 'San Fernando', 'Valle Hermoso']"
27,19,15.911553579123666,129.804564,6,"[7, 11, 21, 24, 32, 34]","['Casas', 'González', 'Matamoros', 'Miguel Alemán', 'Río Bravo', 'San Fernando']"
27,20,70.87439659669022,159.121441,3,"[6, 11, 34]","['Camargo', 'González', 'San Fernando']"
27,21,31.583347927618853,159.121441,4,"[6, 11, 32, 34]","['Camargo', 'González', 'Río Bravo', 'San Fernando']"
27,22,8.905325283932356,129.804564,8,"[7, 11, 21, 22, 24, 32, 34, 39]","['Casas', 'González', 'Matamoros', 'Méndez', 'Miguel Alemán', 'Río Bravo', 'San Fernando', 'Valle Hermoso']"
27,23,6.504914034465295,197.327862,8,"[7, 11, 21, 22, 31, 32, 34, 39]","['Casas', 'González', 'Matamoros', 'Méndez', 'Reynosa', 'Río Bravo', 'San Fernando', 'Valle Hermoso']"
27,24,34.95836869361204,150.277393,4,"[6, 32, 34, 42]","['Camargo', 'Río Bravo', 'San Fernando', 'Xicoténcatl']"
27,25,9.64548053305068,197.327862,7,"[7, 11, 21, 31, 32, 34, 39]","['Casas', 'González', 'Matamoros', 'Reynosa', 'Río Bravo', 'San Fernando', 'Valle Hermoso']"
27,26,59.77113611663137,166.394431,3,"[11, 14, 34]","['González', 'Gustavo Díaz Ordaz', 'San Fernando']"
27,27,13.762580065320183,106.008269,7,"[11, 13, 21, 32, 34, 39, 40]","['González', 'Guerrero', 'Matamoros', 'Río Bravo', 'San Fernando', 'Valle Hermoso', 'Victoria']"
27,28,5.8811957481439885,146.150389,9,"[6, 7, 11, 21, 22, 31, 32, 34, 39]","['Camargo', 'Casas', 'González', 'Matamoros', 'Méndez', 'Reynosa', 'Río Bravo', 'San Fernando', 'Valle Hermoso']"
27,29,39.789813631059396,197.327862,3,"[11, 31, 34]","['González', 'Reynosa', 'San Fernando']"
27,30,16.62166718898823,218.757001,5,"[11, 21, 32, 34, 39]","['González', 'Matamoros', 'Río Bravo', 'San Fernando', 'Valle Hermoso']"
27,31,41.47897858696889,146.150389,4,"[6, 22, 32, 42]","['Camargo', 'Méndez', 'Río Bravo', 'Xicoténcatl']"
27,32,88.64983778054405,141.396971,3,"[22, 24, 42]","['Méndez', 'Miguel Alemán', 'Xicoténcatl']"
27,33,28.301075060036,128.460678,5,"[7, 11, 13, 32, 34]","['Casas', 'González', 'Guerrero', 'Río Bravo', 'San Fernando']"
27,34,8.66174029708576,146.150389,8,"[6, 7, 11, 21, 22, 32, 34, 39]","['Camargo', 'Casas', 'González', 'Matamoros', 'Méndez', 'Río Bravo', 'San Fernando', 'Valle Hermoso']"
27,35,5.7324467559894,106.008269,10,"[2, 11, 13, 21, 22, 31, 32, 34, 39, 40]","['Altamira', 'González', 'Guerrero', 'Matamoros', 'Méndez', 'Reynosa', 'Río Bravo', 'San Fernando', 'Valle Hermoso', 'Victoria']"
27,36,57.082257357436454,190.624696,3,"[7, 14, 39]","['Casas', 'Gustavo Díaz Ordaz', 'Valle Hermoso']"
27,37,7.695430331374136,106.008269,9,"[11, 13, 21, 22, 31, 32, 34, 39, 40]","['González', 'Guerrero', 'Matamoros', 'Méndez', 'Reynosa', 'Río Bravo', 'San Fernando', 'Valle Hermoso', 'Victoria']"
27,38,74.24941736268339,150.277393,3,"[6, 34, 42]","['Camargo', 'San Fernando', 'Xicoténcatl']"
27,39,12.361329876361348,128.460678,7,"[7, 11, 13, 21, 32, 34, 39]","['Casas', 'González', 'Guerrero', 'Matamoros', 'Río Bravo', 'San Fernando', 'Valle Hermoso']"
27,40,9.639804742129789,218.757001,7,"[7, 11, 21, 22, 32, 34, 39]","['Casas', 'González', 'Matamoros', 'Méndez', 'Río Bravo', 'San Fernando', 'Valle Hermoso']"
27,41,9.220763377775967,128.460678,8,"[7, 11, 13, 21, 22, 32, 34, 39]","['Casas', 'González', 'Guerrero', 'Matamoros', 'Méndez', 'Río Bravo', 'San Fernando', 'Valle Hermoso']"
27,42,13.215097476480278,125.23272,7,"[11, 12, 13, 21, 32, 34, 39]","['González', 'Güémez', 'Guerrero', 'Matamoros', 'Río Bravo', 'San Fernando', 'Valle Hermoso']"
27,43,19.509264540550127,159.121441,5,"[6, 11, 21, 32, 34]","['Camargo', 'González', 'Matamoros', 'Río Bravo', 'San Fernando']"
27,44,15.643602743944205,159.121441,6,"[6, 11, 21, 32, 34, 39]","['Camargo', 'González', 'Matamoros', 'Río Bravo', 'San Fernando', 'Valle Hermoso']"
27,45,17.628241861926107,106.008269,6,"[11, 13, 21, 32, 34, 40]","['González', 'Guerrero', 'Matamoros', 'Río Bravo', 'San Fernando', 'Victoria']"
27,46,22.884285306543312,150.277393,5,"[6, 21, 32, 34, 42]","['Camargo', 'Matamoros', 'Río Bravo', 'San Fernando', 'Xicoténcatl']"
27,47,15.66796859227707,146.150389,6,"[6, 7, 11, 21, 32, 34]","['Camargo', 'Casas', 'González', 'Matamoros', 'Río Bravo', 'San Fernando']"
27,48,10.623338635054765,106.008269,8,"[11, 13, 21, 22, 32, 34, 39, 40]","['González', 'Guerrero', 'Matamoros', 'Méndez', 'Río Bravo', 'San Fernando', 'Valle Hermoso', 'Victoria']"
27,49,29.702325248994832,106.008269,5,"[11, 13, 32, 34, 40]","['González', 'Guerrero', 'Río Bravo', 'San Fernando', 'Victoria']"
27,50,11.802306795671146,146.150389,7,"[6, 7, 11, 21, 32, 34, 39]","['Camargo', 'Casas', 'González', 'Matamoros', 'Río Bravo', 'San Fernando', 'Valle Hermoso']"
27,51,14.534302099122492,89.54682,9,"[6, 7, 11, 18, 21, 26, 32, 33, 34]","['Camargo', 'Casas', 'González', 'Llera', 'Matamoros', 'Nuevo Laredo', 'Río Bravo', 'San Carlos', 'San Fernando']"
27,52,7.234834499202491,125.23272,9,"[11, 12, 13, 21, 22, 31, 32, 34, 39]","['González', 'Güémez', 'Guerrero', 'Matamoros', 'Méndez', 'Reynosa', 'Río Bravo', 'San Fernando', 'Valle Hermoso']"
27,53,3.9182121727592514,146.150389,10,"[2, 6, 7, 11, 21, 22, 31, 32, 34, 39]","['Altamira', 'Camargo', 'Casas', 'González', 'Matamoros', 'Méndez', 'Reynosa', 'Río Bravo', 'San Fernando', 'Valle Hermoso']"
27,54,27.742051979345796,146.150389,5,"[6, 7, 11, 32, 34]","['Camargo', 'Casas', 'González', 'Río Bravo', 'San Fernando']"
27,55,10.16274280288312,125.23272,8,"[11, 12, 13, 21, 22, 32, 34, 39]","['González', 'Güémez', 'Guerrero', 'Matamoros', 'Méndez', 'Río Bravo', 'San Fernando', 'Valle Hermoso']"
27,56,55.12697115103506,126.101423,4,"[11, 12, 13, 32]","['González', 'Güémez', 'Guerrero', 'Río Bravo']"
27,57,29.154842660154923,125.23272,5,"[11, 12, 13, 32, 34]","['González', 'Güémez', 'Guerrero', 'Río Bravo', 'San Fernando']"
27,58,44.94039170699414,95.229076,6,"[1, 14, 18, 26, 32, 33]","['Aldama', 'Gustavo Díaz Ordaz', 'Llera', 'Nuevo Laredo', 'Río Bravo', 'San Carlos']"
27,59,29.04380812108907,103.28924,6,"[11, 14, 21, 26, 34, 40]","['González', 'Gustavo Díaz Ordaz', 'Matamoros', 'Nuevo Laredo', 'San Fernando', 'Victoria']"
27,60,26.608385486191217,89.54682,8,"[6, 7, 11, 18, 26, 32, 33, 34]","['Camargo', 'Casas', 'González', 'Llera', 'Nuevo Laredo', 'Río Bravo', 'San Carlos', 'San Fernando']"
27,61,3.870118395051585,197.327862,10,"[2, 7, 11, 21, 22, 31, 32, 33, 34, 39]","['Altamira', 'Casas', 'González', 'Matamoros', 'Méndez', 'Reynosa', 'Río Bravo', 'San Carlos', 'San Fernando', 'Valle Hermoso']"
27,62,24.64540191080648,87.858692,9,"[2, 6, 7, 11, 18, 26, 32, 33, 34]","['Altamira', 'Camargo', 'Casas', 'González', 'Llera', 'Nuevo Laredo', 'Río Bravo', 'San Carlos', 'San Fernando']"
27,63,4.3298714987106,128.460678,10,"[2, 7, 11, 13, 21, 22, 31, 32, 34, 39]","['Altamira', 'Casas', 'González', 'Guerrero', 'Matamoros', 'Méndez', 'Reynosa', 'Río Bravo', 'San Fernando', 'Valle Hermoso']"
27,64,40.83714945074531,87.858692,8,"[2, 6, 7, 11, 18, 26, 32, 33]","['Altamira', 'Camargo', 'Casas', 'González', 'Llera', 'Nuevo Laredo', 'Río Bravo', 'San Carlos']"
27,65,81.97187386326387,146.150389,3,"[6, 22, 42]","['Camargo', 'Méndez', 'Xicoténcatl']"
27,66,6.292855074095337,128.460678,9,"[7, 11, 13, 21, 22, 31, 32, 34, 39]","['Casas', 'González', 'Guerrero', 'Matamoros', 'Méndez', 'Reynosa', 'Río Bravo', 'San Fernando', 'Valle Hermoso']"
27,67,10.064315554364562,103.28924,9,"[6, 11, 21, 22, 26, 32, 34, 39, 40]","['Camargo', 'González', 'Matamoros', 'Méndez', 'Nuevo Laredo', 'Río Bravo', 'San Fernando', 'Valle Hermoso', 'Victoria']"
27,68,10.668640302516568,89.54682,10,"[6, 7, 11, 18, 21, 26, 32, 33, 34, 39]","['Camargo', 'Casas', 'González', 'Llera', 'Matamoros', 'Nuevo Laredo', 'Río Bravo', 'San Carlos', 'San Fernando', 'Valle Hermoso']"
27,69,12.144879659326712,91.820321,9,"[6, 11, 18, 21, 26, 29, 32, 34, 39]","['Camargo', 'González', 'Llera', 'Matamoros', 'Nuevo Laredo', 'Padilla', 'Río Bravo', 'San Fernando', 'Valle Hermoso']"
27,70,12.571318523737755,87.858692,10,"[2, 6, 7, 11, 18, 21, 26, 32, 33, 34]","['Altamira', 'Camargo', 'Casas', 'González', 'Llera', 'Matamoros', 'Nuevo Laredo', 'Río Bravo', 'San Carlos', 'San Fernando']"
27,71,42.577188251349526,138.045942,4,"[20, 22, 24, 32]","['El Mante', 'Méndez', 'Miguel Alemán', 'Río Bravo']"
27,72,44.73965700354259,97.088288,6,"[6, 11, 18, 26, 32, 33]","['Camargo', 'González', 'Llera', 'Nuevo Laredo', 'Río Bravo', 'San Carlos']"
27,73,16.010541455932636,91.820321,8,"[6, 11, 18, 21, 26, 29, 32, 34]","['Camargo', 'González', 'Llera', 'Matamoros', 'Nuevo Laredo', 'Padilla', 'Río Bravo', 'San Fernando']"
27,74,13.20355698462998,103.28924,8,"[6, 11, 21, 26, 32, 34, 39, 40]","['Camargo', 'González', 'Matamoros', 'Nuevo Laredo', 'Río Bravo', 'San Fernando', 'Valle Hermoso', 'Victoria']"
27,75,17.069218781235904,103.28924,7,"[6, 11, 21, 26, 32, 34, 40]","['Camargo', 'González', 'Matamoros', 'Nuevo Laredo', 'Río Bravo', 'San Fernando', 'Victoria']"
27,76,42.834519265088105,84.571049,8,"[1, 7, 10, 14, 18, 26, 32, 33]","['Aldama', 'Casas', 'Gómez Farías', 'Gustavo Díaz Ordaz', 'Llera', 'Nuevo Laredo', 'Río Bravo', 'San Carlos']"
27,77,7.283771005422787,103.28924,10,"[6, 11, 21, 22, 26, 31, 32, 34, 39, 40]","['Camargo', 'González', 'Matamoros', 'Méndez', 'Nuevo Laredo', 'Reynosa', 'Río Bravo', 'San Fernando', 'Valle Hermoso', 'Victoria']"
27,78,28.084624843001357,91.820321,7,"[6, 11, 18, 26, 29, 32, 34]","['Camargo', 'González', 'Llera', 'Nuevo Laredo', 'Padilla', 'Río Bravo', 'San Fernando']"
27,79,26.809454515734267,73.454405,9,"[2, 7, 10, 14, 21, 26, 33, 34, 40]","['Altamira', 'Casas', 'Gómez Farías', 'Gustavo Díaz Ordaz', 'Matamoros', 'Nuevo Laredo', 'San Carlos', 'San Fernando', 'Victoria']"
27,80,9.128821975351014,91.820321,10,"[6, 11, 18, 21, 22, 26, 29, 32, 34, 39]","['Camargo', 'González', 'Llera', 'Matamoros', 'Méndez', 'Nuevo Laredo', 'Padilla', 'Río Bravo', 'San Fernando', 'Valle Hermoso']"
27,81,42.80013302613005,89.54682,7,"[6, 7, 11, 18, 26, 32, 33]","['Camargo', 'Casas', 'González', 'Llera', 'Nuevo Laredo', 'Río Bravo', 'San Carlos']"
27,82,14.723508240552945,78.541369,10,"[2, 7, 14, 21, 26, 32, 33, 34, 40, 42]","['Altamira', 'Casas', 'Gustavo Díaz Ordaz', 'Matamoros', 'Nuevo Laredo', 'Río Bravo', 'San Carlos', 'San Fernando', 'Victoria', 'Xicoténcatl']"
27,83,26.62734562115471,78.541369,9,"[2, 7, 14, 21, 26, 33, 34, 40, 42]","['Altamira', 'Casas', 'Gustavo Díaz Ordaz', 'Matamoros', 'Nuevo Laredo', 'San Carlos', 'San Fernando', 'Victoria', 'Xicoténcatl']"
27,84,53.36517065740027,129.804564,4,"[7, 11, 24, 39]","['Casas', 'González', 'Miguel Alemán', 'Valle Hermoso']"
27,85,14.834865175881092,71.232803,10,"[2, 6, 7, 10, 21, 26, 32, 33, 34, 40]","['Altamira', 'Camargo', 'Casas', 'Gómez Farías', 'Matamoros', 'Nuevo Laredo', 'Río Bravo', 'San Carlos', 'San Fernando', 'Victoria']"
27,86,52.9319862859672,133.161241,4,"[11, 24, 29, 32]","['González', 'Miguel Alemán', 'Padilla', 'Río Bravo']"
28,1,21.42255192661401,197.327862,4,"[11, 21, 31, 34]","['González', 'Matamoros', 'Reynosa', 'San Fernando']"
28,2,16.62166718898823,218.757001,5,"[11, 21, 32, 34, 39]","['González', 'Matamoros', 'Río Bravo', 'San Fernando', 'Valle Hermoso']"
28,3,70.87439659669022,159.121441,3,"[6, 11, 34]","['Camargo', 'González', 'San Fernando']"
28,4,39.789813631059396,197.327862,3,"[11, 31, 34]","['González', 'Reynosa', 'San Fernando']"
28,5,32.56141237266288,218.757001,3,"[11, 32, 34]","['González', 'Río Bravo', 'San Fernando']"
28,6,20.487328985594157,218.757001,4,"[11, 21, 32, 34]","['González', 'Matamoros', 'Río Bravo', 'San Fernando']"
28,7,31.583347927618853,159.121441,4,"[6, 11, 32, 34]","['Camargo', 'González', 'Río Bravo', 'San Fernando']"
28,8,31.4838538804033,166.394431,4,"[11, 14, 21, 34]","['González', 'Gustavo Díaz Ordaz', 'Matamoros', 'San Fernando']"
28,9,17.352438277929657,197.327862,5,"[11, 21, 31, 32, 34]","['González', 'Matamoros', 'Reynosa', 'Río Bravo', 'San Fernando']"
28,10,19.509264540550127,159.121441,5,"[6, 11, 21, 32, 34]","['Camargo', 'González', 'Matamoros', 'Río Bravo', 'San Fernando']"
28,11,34.95836869361204,150.277393,4,"[6, 32, 34, 42]","['Camargo', 'Río Bravo', 'San Fernando', 'Xicoténcatl']"
28,12,13.486776481323737,197.327862,6,"[11, 21, 31, 32, 34, 39]","['González', 'Matamoros', 'Reynosa', 'Río Bravo', 'San Fernando', 'Valle Hermoso']"
28,13,9.64548053305068,197.327862,7,"[7, 11, 21, 31, 32, 34, 39]","['Casas', 'González', 'Matamoros', 'Reynosa', 'Río Bravo', 'San Fernando', 'Valle Hermoso']"
28,14,12.780371240715173,218.757001,6,"[7, 11, 21, 32, 34, 39]","['Casas', 'González', 'Matamoros', 'Río Bravo', 'San Fernando', 'Valle Hermoso']"
28,15,29.702325248994832,106.008269,5,"[11, 13, 32, 34, 40]","['González', 'Guerrero', 'Río Bravo', 'San Fernando', 'Victoria']"
28,16,22.884285306543312,150.277393,5,"[6, 21, 32, 34, 42]","['Camargo', 'Matamoros', 'Río Bravo', 'San Fernando', 'Xicoténcatl']"
28,17,41.739863275901484,129.044191,4,"[9, 13, 20, 32]","['Cruillas', 'Guerrero', 'El Mante', 'Río Bravo']"
28,18,15.643602743944205,159.121441,6,"[6, 11, 21, 32, 34, 39]","['Camargo', 'González', 'Matamoros', 'Río Bravo', 'San Fernando', 'Valle Hermoso']"
28,19,17.49530944265213,122.698237,6,"[11, 21, 23, 32, 34, 40]","['González', 'Matamoros', 'Mier', 'Río Bravo', 'San Fernando', 'Victoria']"
28,20,59.77113611663137,166.394431,3,"[11, 14, 34]","['González', 'Gustavo Díaz Ordaz', 'San Fernando']"
28,21,74.24941736268339,150.277393,3,"[6, 34, 42]","['Camargo', 'San Fernando', 'Xicoténcatl']"
28,22,12.228397457087373,128.460678,7,"[7, 11, 21, 23, 32, 34, 39]","['Casas', 'González', 'Matamoros', 'Mier', 'Río Bravo', 'San Fernando', 'Valle Hermoso']"
28,23,15.66796859227707,146.150389,6,"[6, 7, 11, 21, 32, 34]","['Camargo', 'Casas', 'González', 'Matamoros', 'Río Bravo', 'San Fernando']"
28,24,13.762580065320183,106.008269,7,"[11, 13, 21, 32, 34, 39, 40]","['González', 'Guerrero', 'Matamoros', 'Río Bravo', 'San Fernando', 'Valle Hermoso', 'Victoria']"
28,25,13.629647646046207,122.698237,7,"[11, 21, 23, 32, 34, 39, 40]","['González', 'Matamoros', 'Mier', 'Río Bravo', 'San Fernando', 'Valle Hermoso', 'Victoria']"
28,26,16.0940592536933,128.460678,6,"[7, 11, 21, 23, 32, 34]","['Casas', 'González', 'Matamoros', 'Mier', 'Río Bravo', 'San Fernando']"
28,27,27.742051979345796,146.150389,5,"[6, 7, 11, 32, 34]","['Camargo', 'Casas', 'González', 'Río Bravo', 'San Fernando']"
28,28,17.628241861926107,106.008269,6,"[11, 13, 21, 32, 34, 40]","['González', 'Guerrero', 'Matamoros', 'Río Bravo', 'San Fernando', 'Victoria']"
28,29,11.802306795671146,146.150389,7,"[6, 7, 11, 21, 32, 34, 39]","['Camargo', 'Casas', 'González', 'Matamoros', 'Río Bravo', 'San Fernando', 'Valle Hermoso']"
28,30,81.97187386326387,146.150389,3,"[6, 22, 42]","['Camargo', 'Méndez', 'Xicoténcatl']"
28,31,12.045891782517742,129.804564,7,"[7, 11, 21, 24, 32, 34, 39]","['Casas', 'González', 'Matamoros', 'Miguel Alemán', 'Río Bravo', 'San Fernando', 'Valle Hermoso']"
28,32,29.14330216830463,103.28924,6,"[6, 11, 26, 32, 34, 40]","['Camargo', 'González', 'Nuevo Laredo', 'Río Bravo', 'San Fernando', 'Victoria']"
28,33,13.20355698462998,103.28924,8,"[6, 11, 21, 26, 32, 34, 39, 40]","['Camargo', 'González', 'Matamoros', 'Nuevo Laredo', 'Río Bravo', 'San Fernando', 'Valle Hermoso', 'Victoria']"
28,34,17.069218781235904,103.28924,7,"[6, 11, 21, 26, 32, 34, 40]","['Camargo', 'González', 'Matamoros', 'Nuevo Laredo', 'Río Bravo', 'San Fernando', 'Victoria']"
28,35,11.394803606396582,99.762503,9,"[4, 6, 11, 21, 26, 32, 34, 39, 40]","['Burgos', 'Camargo', 'González', 'Matamoros', 'Nuevo Laredo', 'Río Bravo', 'San Fernando', 'Valle Hermoso', 'Victoria']"
28,36,15.911553579123666,129.804564,6,"[7, 11, 21, 24, 32, 34]","['Casas', 'González', 'Matamoros', 'Miguel Alemán', 'Río Bravo', 'San Fernando']"
28,37,28.168142640762028,128.460678,5,"[7, 11, 23, 32, 34]","['Casas', 'González', 'Mier', 'Río Bravo', 'San Fernando']"
28,38,5.8811957481439885,146.150389,9,"[6, 7, 11, 21, 22, 31, 32, 34, 39]","['Camargo', 'Casas', 'González', 'Matamoros', 'Méndez', 'Reynosa', 'Río Bravo', 'San Fernando', 'Valle Hermoso']"
28,39,6.504914034465295,197.327862,8,"[7, 11, 21, 22, 31, 32, 34, 39]","['Casas', 'González', 'Matamoros', 'Méndez', 'Reynosa', 'Río Bravo', 'San Fernando', 'Valle Hermoso']"
28,40,9.639804742129789,218.757001,7,"[7, 11, 21, 22, 32, 34, 39]","['Casas', 'González', 'Matamoros', 'Méndez', 'Río Bravo', 'San Fernando', 'Valle Hermoso']"
28,41,8.66174029708576,146.150389,8,"[6, 7, 11, 21, 22, 32, 34, 39]","['Camargo', 'Casas', 'González', 'Matamoros', 'Méndez', 'Río Bravo', 'San Fernando', 'Valle Hermoso']"
28,42,5.135735183317163,197.327862,9,"[7, 11, 21, 22, 31, 32, 34, 37, 39]","['Casas', 'González', 'Matamoros', 'Méndez', 'Reynosa', 'Río Bravo', 'San Fernando', 'Tampico', 'Valle Hermoso']"
28,43,6.042178128375481,106.008269,10,"[7, 11, 13, 21, 22, 31, 32, 34, 39, 40]","['Casas', 'González', 'Guerrero', 'Matamoros', 'Méndez', 'Reynosa', 'Río Bravo', 'San Fernando', 'Valle Hermoso', 'Victoria']"
28,44,40.70456625103741,146.150389,4,"[6, 9, 32, 42]","['Camargo', 'Cruillas', 'Río Bravo', 'Xicoténcatl']"
28,45,7.695430331374136,106.008269,9,"[11, 13, 21, 22, 31, 32, 34, 39, 40]","['González', 'Guerrero', 'Matamoros', 'Méndez', 'Reynosa', 'Río Bravo', 'San Fernando', 'Valle Hermoso', 'Victoria']"
28,46,7.283771005422787,103.28924,10,"[6, 11, 21, 22, 26, 31, 32, 34, 39, 40]","['Camargo', 'González', 'Matamoros', 'Méndez', 'Nuevo Laredo', 'Reynosa', 'Río Bravo', 'San Fernando', 'Valle Hermoso', 'Victoria']"
28,47,15.260465403002506,99.762503,8,"[4, 6, 11, 21, 26, 32, 34, 40]","['Burgos', 'Camargo', 'González', 'Matamoros', 'Nuevo Laredo', 'Río Bravo', 'San Fernando', 'Victoria']"
28,48,8.89298596413218,99.762503,10,"[4, 11, 21, 23, 26, 31, 32, 34, 39, 40]","['Burgos', 'González', 'Matamoros', 'Mier', 'Nuevo Laredo', 'Reynosa', 'Río Bravo', 'San Fernando', 'Valle Hermoso', 'Victoria']"
28,49,4.512016896995856,146.150389,10,"[6, 7, 11, 21, 22, 31, 32, 34, 37, 39]","['Camargo', 'Casas', 'González', 'Matamoros', 'Méndez', 'Reynosa', 'Río Bravo', 'San Fernando', 'Tampico', 'Valle Hermoso']"
28,50,39.11788037025877,99.762503,6,"[4, 6, 11, 26, 32, 40]","['Burgos', 'Camargo', 'González', 'Nuevo Laredo', 'Río Bravo', 'Victoria']"
28,51,27.043796983190045,99.762503,7,"[4, 6, 11, 21, 26, 32, 40]","['Burgos', 'Camargo', 'González', 'Matamoros', 'Nuevo Laredo', 'Río Bravo', 'Victoria']"
28,52,28.270904573818694,91.820321,7,"[6, 11, 16, 26, 29, 32, 34]","['Camargo', 'González', 'Jaumave', 'Nuevo Laredo', 'Padilla', 'Río Bravo', 'San Fernando']"
28,53,46.044388834438045,96.206293,6,"[1, 6, 26, 30, 32, 33]","['Aldama', 'Camargo', 'Nuevo Laredo', 'Palmillas', 'Río Bravo', 'San Carlos']"
28,54,29.569392829720854,122.698237,5,"[11, 23, 32, 34, 40]","['González', 'Mier', 'Río Bravo', 'San Fernando', 'Victoria']"
28,55,16.196821186749965,91.820321,8,"[6, 11, 16, 21, 26, 29, 32, 34]","['Camargo', 'González', 'Jaumave', 'Matamoros', 'Nuevo Laredo', 'Padilla', 'Río Bravo', 'San Fernando']"
28,56,6.0436551302018975,129.804564,9,"[7, 11, 21, 22, 24, 31, 32, 34, 39]","['Casas', 'González', 'Matamoros', 'Méndez', 'Miguel Alemán', 'Reynosa', 'Río Bravo', 'San Fernando', 'Valle Hermoso']"
28,57,4.674476279053766,129.804564,10,"[7, 11, 21, 22, 24, 31, 32, 34, 37, 39]","['Casas', 'González', 'Matamoros', 'Méndez', 'Miguel Alemán', 'Reynosa', 'Río Bravo', 'San Fernando', 'Tampico', 'Valle Hermoso']"
28,58,6.159922654821361,128.460678,9,"[7, 11, 21, 22, 23, 31, 32, 34, 39]","['Casas', 'González', 'Matamoros', 'Méndez', 'Mier', 'Reynosa', 'Río Bravo', 'San Fernando', 'Valle Hermoso']"
28,59,12.331159390144041,91.820321,9,"[6, 11, 16, 21, 26, 29, 32, 34, 39]","['Camargo', 'González', 'Jaumave', 'Matamoros', 'Nuevo Laredo', 'Padilla', 'Río Bravo', 'San Fernando', 'Valle Hermoso']"
28,60,27.985636966192395,129.804564,5,"[7, 11, 24, 32, 34]","['Casas', 'González', 'Miguel Alemán', 'Río Bravo', 'San Fernando']"
28,61,10.623338635054765,106.008269,8,"[11, 13, 21, 22, 32, 34, 39, 40]","['González', 'Guerrero', 'Matamoros', 'Méndez', 'Río Bravo', 'San Fernando', 'Valle Hermoso', 'Victoria']"
28,62,9.087830958501987,128.460678,8,"[7, 11, 21, 22, 23, 32, 34, 39]","['Casas', 'González', 'Matamoros', 'Méndez', 'Mier', 'Río Bravo', 'San Fernando', 'Valle Hermoso']"
28,63,10.064315554364562,103.28924,9,"[6, 11, 21, 22, 26, 32, 34, 39, 40]","['Camargo', 'González', 'Matamoros', 'Méndez', 'Nuevo Laredo', 'Río Bravo', 'San Fernando', 'Valle Hermoso', 'Victoria']"
28,64,25.24403958267558,70.007497,10,"[6, 7, 11, 26, 28, 32, 33, 34, 37, 40]","['Camargo', 'Casas', 'González', 'Nuevo Laredo', 'Ocampo', 'Río Bravo', 'San Carlos', 'San Fernando', 'Tampico', 'Victoria']"
28,65,43.06052517262815,89.54682,7,"[6, 7, 11, 26, 30, 32, 33]","['Camargo', 'Casas', 'González', 'Nuevo Laredo', 'Palmillas', 'Río Bravo', 'San Carlos']"
28,66,4.790743803673229,128.460678,10,"[7, 11, 21, 22, 23, 31, 32, 34, 37, 39]","['Casas', 'González', 'Matamoros', 'Méndez', 'Mier', 'Reynosa', 'Río Bravo', 'San Fernando', 'Tampico', 'Valle Hermoso']"
28,67,10.490406215780789,122.698237,8,"[11, 21, 22, 23, 32, 34, 39, 40]","['González', 'Matamoros', 'Méndez', 'Mier', 'Río Bravo', 'San Fernando', 'Valle Hermoso', 'Victoria']"
28,68,5.909245709101505,122.698237,10,"[7, 11, 21, 22, 23, 31, 32, 34, 39, 40]","['Casas', 'González', 'Matamoros', 'Méndez', 'Mier', 'Reynosa', 'Río Bravo', 'San Fernando', 'Valle Hermoso', 'Victoria']"
28,69,7.562497912100159,122.698237,9,"[11, 21, 22, 23, 31, 32, 34, 39, 40]","['González', 'Matamoros', 'Méndez', 'Mier', 'Reynosa', 'Río Bravo', 'San Fernando', 'Valle Hermoso', 'Victoria']"
28,70,25.277462662487917,67.706109,10,"[6, 7, 11, 26, 30, 32, 33, 34, 37, 42]","['Camargo', 'Casas', 'González', 'Nuevo Laredo', 'Palmillas', 'Río Bravo', 'San Carlos', 'San Fernando', 'Tampico', 'Xicoténcatl']"
28,71,25.144043315836875,78.541369,10,"[6, 7, 11, 26, 32, 33, 34, 37, 40, 42]","['Camargo', 'Casas', 'González', 'Nuevo Laredo', 'Río Bravo', 'San Carlos', 'San Fernando', 'Tampico', 'Victoria', 'Xicoténcatl']"
28,72,10.856914590451453,89.54682,10,"[6, 7, 11, 16, 21, 26, 32, 33, 34, 39]","['Camargo', 'Casas', 'González', 'Jaumave', 'Matamoros', 'Nuevo Laredo', 'Río Bravo', 'San Carlos', 'San Fernando', 'Valle Hermoso']"
28,73,26.77598639615204,81.262904,9,"[1, 6, 7, 26, 30, 32, 33, 34, 42]","['Aldama', 'Camargo', 'Casas', 'Nuevo Laredo', 'Palmillas', 'Río Bravo', 'San Carlos', 'San Fernando', 'Xicoténcatl']"
28,74,13.42551539447246,87.858692,10,"[6, 7, 11, 21, 26, 30, 32, 33, 34, 37]","['Camargo', 'Casas', 'González', 'Matamoros', 'Nuevo Laredo', 'Palmillas', 'Río Bravo', 'San Carlos', 'San Fernando', 'Tampico']"
28,75,8.905325283932356,129.804564,8,"[7, 11, 21, 22, 24, 32, 34, 39]","['Casas', 'González', 'Matamoros', 'Méndez', 'Miguel Alemán', 'Río Bravo', 'San Fernando', 'Valle Hermoso']"
28,76,9.315101706168344,91.820321,10,"[6, 11, 16, 21, 22, 26, 29, 32, 34, 39]","['Camargo', 'González', 'Jaumave', 'Matamoros', 'Méndez', 'Nuevo Laredo', 'Padilla', 'Río Bravo', 'San Fernando', 'Valle Hermoso']"
28,77,41.69134632148001,87.858692,8,"[6, 7, 11, 26, 30, 32, 33, 37]","['Camargo', 'Casas', 'González', 'Nuevo Laredo', 'Palmillas', 'Río Bravo', 'San Carlos', 'Tampico']"
28,78,14.722576387057378,89.54682,9,"[6, 7, 11, 16, 21, 26, 32, 33, 34]","['Camargo', 'Casas', 'González', 'Jaumave', 'Matamoros', 'Nuevo Laredo', 'Río Bravo', 'San Carlos', 'San Fernando']"
28,79,14.701903009083313,81.262904,10,"[1, 6, 7, 21, 26, 30, 32, 33, 34, 42]","['Aldama', 'Camargo', 'Casas', 'Matamoros', 'Nuevo Laredo', 'Palmillas', 'Río Bravo', 'San Carlos', 'San Fernando', 'Xicoténcatl']"
28,80,25.427480922977974,87.858692,9,"[6, 7, 11, 16, 26, 32, 33, 34, 37]","['Camargo', 'Casas', 'González', 'Jaumave', 'Nuevo Laredo', 'Río Bravo', 'San Carlos', 'San Fernando', 'Tampico']"
28,81,26.796659774126102,89.54682,8,"[6, 7, 11, 16, 26, 32, 33, 34]","['Camargo', 'Casas', 'González', 'Jaumave', 'Nuevo Laredo', 'Río Bravo', 'San Carlos', 'San Fernando']"
28,82,89.5044624580781,138.045942,3,"[20, 22, 24]","['El Mante', 'Méndez', 'Miguel Alemán']"
28,83,26.78949735824304,91.627469,8,"[6, 7, 11, 26, 28, 32, 33, 34]","['Camargo', 'Casas', 'González', 'Nuevo Laredo', 'Ocampo', 'Río Bravo', 'San Carlos', 'San Fernando']"
28,84,10.849752174568396,91.627469,10,"[6, 7, 11, 21, 26, 28, 32, 33, 34, 39]","['Camargo', 'Casas', 'González', 'Matamoros', 'Nuevo Laredo', 'Ocampo', 'Río Bravo', 'San Carlos', 'San Fernando', 'Valle Hermoso']"
28,85,42.83431458943982,84.571049,8,"[1, 6, 7, 26, 32, 33, 40, 42]","['Aldama', 'Camargo', 'Casas', 'Nuevo Laredo', 'Río Bravo', 'San Carlos', 'Victoria', 'Xicoténcatl']"
29,1,89.5044624580781,138.045942,3,"[20, 22, 24]","['El Mante', 'Méndez', 'Miguel Alemán']"
29,2,17.352438277929657,197.327862,5,"[11, 21, 31, 32, 34]","['González', 'Matamoros', 'Reynosa', 'Río Bravo', 'San Fernando']"
29,3,20.487328985594157,218.757001,4,"[11, 21, 32, 34]","['González', 'Matamoros', 'Río Bravo', 'San Fernando']"
29,4,13.486776481323737,197.327862,6,"[11, 21, 31, 32, 34, 39]","['González', 'Matamoros', 'Reynosa', 'Río Bravo', 'San Fernando', 'Valle Hermoso']"
29,5,16.62166718898823,218.757001,5,"[11, 21, 32, 34, 39]","['González', 'Matamoros', 'Río Bravo', 'San Fernando', 'Valle Hermoso']"
29,6,21.42255192661401,197.327862,4,"[11, 21, 31, 34]","['González', 'Matamoros', 'Reynosa', 'San Fernando']"
29,7,32.56141237266288,218.757001,3,"[11, 32, 34]","['González', 'Río Bravo', 'San Fernando']"
29,8,57.082257357436454,190.624696,3,"[7, 14, 39]","['Casas', 'Gustavo Díaz Ordaz', 'Valle Hermoso']"
29,9,6.504914034465295,197.327862,8,"[7, 11, 21, 22, 31, 32, 34, 39]","['Casas', 'González', 'Matamoros', 'Méndez', 'Reynosa', 'Río Bravo', 'San Fernando', 'Valle Hermoso']"
29,10,9.64548053305068,197.327862,7,"[7, 11, 21, 31, 32, 34, 39]","['Casas', 'González', 'Matamoros', 'Reynosa', 'Río Bravo', 'San Fernando', 'Valle Hermoso']"
29,11,29.569392829720854,122.698237,5,"[11, 23, 32, 34, 40]","['González', 'Mier', 'Río Bravo', 'San Fernando', 'Victoria']"
29,12,20.8581871564537,95.229076,8,"[1, 14, 18, 19, 26, 32, 34, 39]","['Aldama', 'Gustavo Díaz Ordaz', 'Llera', 'Mainero', 'Nuevo Laredo', 'Río Bravo', 'San Fernando', 'Valle Hermoso']"
29,13,29.702325248994832,106.008269,5,"[11, 13, 32, 34, 40]","['González', 'Guerrero', 'Río Bravo', 'San Fernando', 'Victoria']"
29,14,39.789813631059396,197.327862,3,"[11, 31, 34]","['González', 'Reynosa', 'San Fernando']"
29,15,9.087830958501987,128.460678,8,"[7, 11, 21, 22, 23, 32, 34, 39]","['Casas', 'González', 'Matamoros', 'Méndez', 'Mier', 'Río Bravo', 'San Fernando', 'Valle Hermoso']"
29,16,12.228397457087373,128.460678,7,"[7, 11, 21, 23, 32, 34, 39]","['Casas', 'González', 'Matamoros', 'Mier', 'Río Bravo', 'San Fernando', 'Valle Hermoso']"
29,17,16.0940592536933,128.460678,6,"[7, 11, 21, 23, 32, 34]","['Casas', 'González', 'Matamoros', 'Mier', 'Río Bravo', 'San Fernando']"
29,18,31.4838538804033,166.394431,4,"[11, 14, 21, 34]","['González', 'Gustavo Díaz Ordaz', 'Matamoros', 'San Fernando']"
29,19,4.541930459080558,197.327862,9,"[2, 7, 11, 21, 22, 31, 32, 34, 39]","['Altamira', 'Casas', 'González', 'Matamoros', 'Méndez', 'Reynosa', 'Río Bravo', 'San Fernando', 'Valle Hermoso']"
29,20,34.95836869361204,150.277393,4,"[6, 32, 34, 42]","['Camargo', 'Río Bravo', 'San Fernando', 'Xicoténcatl']"
29,21,19.509264540550127,159.121441,5,"[6, 11, 21, 32, 34]","['Camargo', 'González', 'Matamoros', 'Río Bravo', 'San Fernando']"
29,22,10.623338635054765,106.008269,8,"[11, 13, 21, 22, 32, 34, 39, 40]","['González', 'Guerrero', 'Matamoros', 'Méndez', 'Río Bravo', 'San Fernando', 'Valle Hermoso', 'Victoria']"
29,23,28.168142640762028,128.460678,5,"[7, 11, 23, 32, 34]","['Casas', 'González', 'Mier', 'Río Bravo', 'San Fernando']"
29,24,7.695430331374136,106.008269,9,"[11, 13, 21, 22, 31, 32, 34, 39, 40]","['González', 'Guerrero', 'Matamoros', 'Méndez', 'Reynosa', 'Río Bravo', 'San Fernando', 'Valle Hermoso', 'Victoria']"
29,25,17.628241861926107,106.008269,6,"[11, 13, 21, 32, 34, 40]","['González', 'Guerrero', 'Matamoros', 'Río Bravo', 'San Fernando', 'Victoria']"
29,26,59.77113611663137,166.394431,3,"[11, 14, 34]","['González', 'Gustavo Díaz Ordaz', 'San Fernando']"
29,27,5.7324467559894,106.008269,10,"[2, 11, 13, 21, 22, 31, 32, 34, 39, 40]","['Altamira', 'González', 'Guerrero', 'Matamoros', 'Méndez', 'Reynosa', 'Río Bravo', 'San Fernando', 'Valle Hermoso', 'Victoria']"
29,28,74.24941736268339,150.277393,3,"[6, 34, 42]","['Camargo', 'San Fernando', 'Xicoténcatl']"
29,29,27.985636966192395,129.804564,5,"[7, 11, 24, 32, 34]","['Casas', 'González', 'Miguel Alemán', 'Río Bravo', 'San Fernando']"
29,30,22.884285306543312,150.277393,5,"[6, 21, 32, 34, 42]","['Camargo', 'Matamoros', 'Río Bravo', 'San Fernando', 'Xicoténcatl']"
29,31,9.639804742129789,218.757001,7,"[7, 11, 21, 22, 32, 34, 39]","['Casas', 'González', 'Matamoros', 'Méndez', 'Río Bravo', 'San Fernando', 'Valle Hermoso']"
29,32,12.780371240715173,218.757001,6,"[7, 11, 21, 32, 34, 39]","['Casas', 'González', 'Matamoros', 'Río Bravo', 'San Fernando', 'Valle Hermoso']"
29,33,29.14330216830463,103.28924,6,"[6, 11, 26, 32, 34, 40]","['Camargo', 'González', 'Nuevo Laredo', 'Río Bravo', 'San Fernando', 'Victoria']"
29,34,13.20355698462998,103.28924,8,"[6, 11, 21, 26, 32, 34, 39, 40]","['Camargo', 'González', 'Matamoros', 'Nuevo Laredo', 'Río Bravo', 'San Fernando', 'Valle Hermoso', 'Victoria']"
29,35,15.911553579123666,129.804564,6,"[7, 11, 21, 24, 32, 34]","['Casas', 'González', 'Matamoros', 'Miguel Alemán', 'Río Bravo', 'San Fernando']"
29,36,15.643602743944205,159.121441,6,"[6, 11, 21, 32, 34, 39]","['Camargo', 'González', 'Matamoros', 'Río Bravo', 'San Fernando', 'Valle Hermoso']"
29,37,13.762580065320183,106.008269,7,"[11, 13, 21, 32, 34, 39, 40]","['González', 'Guerrero', 'Matamoros', 'Río Bravo', 'San Fernando', 'Valle Hermoso', 'Victoria']"
29,38,10.665651279607514,95.229076,10,"[1, 14, 18, 19, 21, 26, 31, 32, 34, 39]","['Aldama', 'Gustavo Díaz Ordaz', 'Llera', 'Mainero', 'Matamoros', 'Nuevo Laredo', 'Reynosa', 'Río Bravo', 'San Fernando', 'Valle Hermoso']"
29,39,41.60693085662751,129.044191,4,"[9, 20, 23, 32]","['Cruillas', 'El Mante', 'Mier', 'Río Bravo']"
29,40,17.49530944265213,122.698237,6,"[11, 21, 23, 32, 34, 40]","['González', 'Matamoros', 'Mier', 'Río Bravo', 'San Fernando', 'Victoria']"
29,41,8.66174029708576,146.150389,8,"[6, 7, 11, 21, 22, 32, 34, 39]","['Camargo', 'Casas', 'González', 'Matamoros', 'Méndez', 'Río Bravo', 'San Fernando', 'Valle Hermoso']"
29,42,6.159922654821361,128.460678,9,"[7, 11, 21, 22, 23, 31, 32, 34, 39]","['Casas', 'González', 'Matamoros', 'Méndez', 'Mier', 'Reynosa', 'Río Bravo', 'San Fernando', 'Valle Hermoso']"
29,43,13.629647646046207,122.698237,7,"[11, 21, 23, 32, 34, 39, 40]","['González', 'Matamoros', 'Mier', 'Río Bravo', 'San Fernando', 'Valle Hermoso', 'Victoria']"
29,44,12.045891782517742,129.804564,7,"[7, 11, 21, 24, 32, 34, 39]","['Casas', 'González', 'Matamoros', 'Miguel Alemán', 'Río Bravo', 'San Fernando', 'Valle Hermoso']"
29,45,7.562497912100159,122.698237,9,"[11, 21, 22, 23, 31, 32, 34, 39, 40]","['González', 'Matamoros', 'Méndez', 'Mier', 'Reynosa', 'Río Bravo', 'San Fernando', 'Valle Hermoso', 'Victoria']"
29,46,11.802306795671146,146.150389,7,"[6, 7, 11, 21, 32, 34, 39]","['Camargo', 'Casas', 'González', 'Matamoros', 'Río Bravo', 'San Fernando', 'Valle Hermoso']"
29,47,5.8811957481439885,146.150389,9,"[6, 7, 11, 21, 22, 31, 32, 34, 39]","['Camargo', 'Casas', 'González', 'Matamoros', 'Méndez', 'Reynosa', 'Río Bravo', 'San Fernando', 'Valle Hermoso']"
29,48,27.742051979345796,146.150389,5,"[6, 7, 11, 32, 34]","['Camargo', 'Casas', 'González', 'Río Bravo', 'San Fernando']"
29,49,41.42442518205788,129.804564,4,"[9, 20, 24, 32]","['Cruillas', 'El Mante', 'Miguel Alemán', 'Río Bravo']"
29,50,15.66796859227707,146.150389,6,"[6, 7, 11, 21, 32, 34]","['Camargo', 'Casas', 'González', 'Matamoros', 'Río Bravo', 'San Fernando']"
29,51,6.0436551302018975,129.804564,9,"[7, 11, 21, 22, 24, 31, 32, 34, 39]","['Casas', 'González', 'Matamoros', 'Méndez', 'Miguel Alemán', 'Reynosa', 'Río Bravo', 'San Fernando', 'Valle Hermoso']"
29,52,31.583347927618853,159.121441,4,"[6, 11, 32, 34]","['Camargo', 'González', 'Río Bravo', 'San Fernando']"
29,53,70.87439659669022,159.121441,3,"[6, 11, 34]","['Camargo', 'González', 'San Fernando']"
29,54,8.905325283932356,129.804564,8,"[7, 11, 21, 22, 24, 32, 34, 39]","['Casas', 'González', 'Matamoros', 'Méndez', 'Miguel Alemán', 'Río Bravo', 'San Fernando', 'Valle Hermoso']"
29,55,11.186826991636964,89.54682,10,"[6, 7, 11, 18, 19, 21, 26, 32, 34, 39]","['Camargo', 'Casas', 'González', 'Llera', 'Mainero', 'Matamoros', 'Nuevo Laredo', 'Río Bravo', 'San Fernando', 'Valle Hermoso']"
29,56,17.111122921703668,97.088288,8,"[6, 11, 18, 19, 21, 26, 32, 34]","['Camargo', 'González', 'Llera', 'Mainero', 'Matamoros', 'Nuevo Laredo', 'Río Bravo', 'San Fernando']"
29,57,17.069218781235904,103.28924,7,"[6, 11, 21, 26, 32, 34, 40]","['Camargo', 'González', 'Matamoros', 'Nuevo Laredo', 'Río Bravo', 'San Fernando', 'Victoria']"
29,58,16.814745435815507,99.762503,8,"[6, 11, 19, 21, 26, 32, 34, 40]","['Camargo', 'González', 'Mainero', 'Matamoros', 'Nuevo Laredo', 'Río Bravo', 'San Fernando', 'Victoria']"
29,59,15.052488788242888,89.54682,9,"[6, 7, 11, 18, 19, 21, 26, 32, 34]","['Camargo', 'Casas', 'González', 'Llera', 'Mainero', 'Matamoros', 'Nuevo Laredo', 'Río Bravo', 'San Fernando']"
29,60,4.196939079436624,128.460678,10,"[2, 7, 11, 21, 22, 23, 31, 32, 34, 39]","['Altamira', 'Casas', 'González', 'Matamoros', 'Méndez', 'Mier', 'Reynosa', 'Río Bravo', 'San Fernando', 'Valle Hermoso']"
29,61,10.490406215780789,122.698237,8,"[11, 21, 22, 23, 32, 34, 39, 40]","['González', 'Matamoros', 'Méndez', 'Mier', 'Río Bravo', 'San Fernando', 'Valle Hermoso', 'Victoria']"
29,62,13.245461125097748,97.088288,9,"[6, 11, 18, 19, 21, 26, 32, 34, 39]","['Camargo', 'González', 'Llera', 'Mainero', 'Matamoros', 'Nuevo Laredo', 'Río Bravo', 'San Fernando', 'Valle Hermoso']"
29,63,9.933025955233889,99.762503,10,"[6, 11, 19, 21, 22, 26, 32, 34, 39, 40]","['Camargo', 'González', 'Mainero', 'Matamoros', 'Méndez', 'Nuevo Laredo', 'Río Bravo', 'San Fernando', 'Valle Hermoso', 'Victoria']"
29,64,12.949083639209585,99.762503,9,"[6, 11, 19, 21, 26, 32, 34, 39, 40]","['Camargo', 'González', 'Mainero', 'Matamoros', 'Nuevo Laredo', 'Río Bravo', 'San Fernando', 'Valle Hermoso', 'Victoria']"
29,65,3.9182121727592514,146.150389,10,"[2, 6, 7, 11, 21, 22, 31, 32, 34, 39]","['Altamira', 'Camargo', 'Casas', 'González', 'Matamoros', 'Méndez', 'Reynosa', 'Río Bravo', 'San Fernando', 'Valle Hermoso']"
29,66,28.888828822884232,99.762503,7,"[6, 11, 19, 26, 32, 34, 40]","['Camargo', 'González', 'Mainero', 'Nuevo Laredo', 'Río Bravo', 'San Fernando', 'Victoria']"
29,67,13.339223029234399,74.208543,10,"[2, 6, 7, 11, 19, 21, 26, 32, 34, 38]","['Altamira', 'Camargo', 'Casas', 'González', 'Mainero', 'Matamoros', 'Nuevo Laredo', 'Río Bravo', 'San Fernando', 'Tula']"
29,68,41.130656912453624,141.396971,4,"[9, 23, 32, 42]","['Cruillas', 'Mier', 'Río Bravo', 'Xicoténcatl']"
29,69,10.300155400373457,97.088288,10,"[11, 14, 18, 19, 21, 22, 26, 32, 34, 39]","['González', 'Gustavo Díaz Ordaz', 'Llera', 'Mainero', 'Matamoros', 'Méndez', 'Nuevo Laredo', 'Río Bravo', 'San Fernando', 'Valle Hermoso']"
29,70,5.5995143367154245,122.698237,10,"[2, 11, 21, 22, 23, 31, 32, 34, 39, 40]","['Altamira', 'González', 'Matamoros', 'Méndez', 'Mier', 'Reynosa', 'Río Bravo', 'San Fernando', 'Valle Hermoso', 'Victoria']"
29,71,25.413306416303122,74.208543,9,"[2, 6, 7, 11, 19, 26, 32, 34, 38]","['Altamira', 'Camargo', 'Casas', 'González', 'Mainero', 'Nuevo Laredo', 'Río Bravo', 'San Fernando', 'Tula']"
29,72,10.064315554364562,103.28924,9,"[6, 11, 21, 22, 26, 32, 34, 39, 40]","['Camargo', 'González', 'Matamoros', 'Méndez', 'Nuevo Laredo', 'Río Bravo', 'San Fernando', 'Valle Hermoso', 'Victoria']"
29,73,7.283771005422787,103.28924,10,"[6, 11, 21, 22, 26, 31, 32, 34, 39, 40]","['Camargo', 'González', 'Matamoros', 'Méndez', 'Nuevo Laredo', 'Reynosa', 'Río Bravo', 'San Fernando', 'Valle Hermoso', 'Victoria']"
29,74,16.01439440816623,81.482774,9,"[2, 6, 7, 19, 21, 26, 32, 34, 38]","['Altamira', 'Camargo', 'Casas', 'Mainero', 'Matamoros', 'Nuevo Laredo', 'Río Bravo', 'San Fernando', 'Tula']"
29,75,29.185206308772397,97.088288,7,"[6, 11, 18, 19, 26, 32, 34]","['Camargo', 'González', 'Llera', 'Mainero', 'Nuevo Laredo', 'Río Bravo', 'San Fernando']"
29,76,13.44619582854929,95.229076,9,"[1, 14, 18, 19, 21, 26, 32, 34, 39]","['Aldama', 'Gustavo Díaz Ordaz', 'Llera', 'Mainero', 'Matamoros', 'Nuevo Laredo', 'Río Bravo', 'San Fernando', 'Valle Hermoso']"
29,77,4.080671554817162,129.804564,10,"[2, 7, 11, 21, 22, 24, 31, 32, 34, 39]","['Altamira', 'Casas', 'González', 'Matamoros', 'Méndez', 'Miguel Alemán', 'Reynosa', 'Río Bravo', 'San Fernando', 'Valle Hermoso']"
29,78,12.148732611560305,81.482774,10,"[2, 6, 7, 19, 21, 26, 32, 34, 38, 39]","['Altamira', 'Camargo', 'Casas', 'Mainero', 'Matamoros', 'Nuevo Laredo', 'Río Bravo', 'San Fernando', 'Tula', 'Valle Hermoso']"
29,79,40.70456625103741,146.150389,4,"[6, 9, 32, 42]","['Camargo', 'Cruillas', 'Río Bravo', 'Xicoténcatl']"
29,80,27.12657217531161,89.54682,8,"[6, 7, 11, 18, 19, 26, 32, 34]","['Camargo', 'Casas', 'González', 'Llera', 'Mainero', 'Nuevo Laredo', 'Río Bravo', 'San Fernando']"
29,81,84.47657755858837,146.150389,3,"[6, 9, 42]","['Camargo', 'Cruillas', 'Xicoténcatl']"
29,82,33.77783757923238,67.706109,9,"[2, 6, 7, 19, 20, 22, 26, 32, 38]","['Altamira', 'Camargo', 'Casas', 'Mainero', 'El Mante', 'Méndez', 'Nuevo Laredo', 'Río Bravo', 'Tula']"
29,83,15.293029441476868,69.722158,10,"[2, 6, 7, 19, 21, 26, 32, 34, 38, 42]","['Altamira', 'Camargo', 'Casas', 'Mainero', 'Matamoros', 'Nuevo Laredo', 'Río Bravo', 'San Fernando', 'Tula', 'Xicoténcatl']"
29,84,27.36711282854559,69.722158,9,"[2, 6, 7, 19, 26, 32, 34, 38, 42]","['Altamira', 'Camargo', 'Casas', 'Mainero', 'Nuevo Laredo', 'Río Bravo', 'San Fernando', 'Tula', 'Xicoténcatl']"
29,85,57.96026278850363,171.210441,3,"[14, 18, 39]","['Gustavo Díaz Ordaz', 'Llera', 'Valle Hermoso']"
29,86,21.703754192163657,67.706109,10,"[2, 6, 7, 19, 20, 21, 22, 26, 32, 38]","['Altamira', 'Camargo', 'Casas', 'Mainero', 'El Mante', 'Matamoros', 'Méndez', 'Nuevo Laredo', 'Río Bravo', 'Tula']"
29,87,27.988983748019393,81.482774,8,"[2, 7, 14, 19, 21, 26, 34, 38]","['Altamira', 'Casas', 'Gustavo Díaz Ordaz', 'Mainero', 'Matamoros', 'Nuevo Laredo', 'San Fernando', 'Tula']"
29,88,29.31518905297253,95.229076,7,"[1, 6, 18, 19, 26, 32, 34]","['Aldama', 'Camargo', 'Llera', 'Mainero', 'Nuevo Laredo', 'Río Bravo', 'San Fernando']"
