p,seed,solucion,f1_promedio_ponderado_km,f2_distancia_maxima_km,indices_centros,centros
3,0,1,57.53560466761939,176.097157,"[14, 36, 39]","['Gustavo Díaz Ordaz', 'Soto la Marina', 'Valle Hermoso']"
3,0,2,70.87439659669022,159.121441,"[6, 11, 34]","['Camargo', 'González', 'San Fernando']"
3,0,3,74.24941736268339,150.277393,"[6, 34, 42]","['Camargo', 'San Fernando', 'Xicoténcatl']"
3,0,4,59.77113611663137,166.394431,"[11, 14, 34]","['González', 'Gustavo Díaz Ordaz', 'San Fernando']"
3,0,5,39.789813631059396,197.327862,"[11, 31, 34]","['González', 'Reynosa', 'San Fernando']"
3,0,6,32.56141237266288,218.757001,"[11, 32, 34]","['González', 'Río Bravo', 'San Fernando']"
3,0,7,89.5044624580781,138.045942,"[20, 22, 24]","['El Mante', 'Méndez', 'Miguel Alemán']"
3,0,8,81.97187386326387,146.150389,"[6, 22, 42]","['Camargo', 'Méndez', 'Xicoténcatl']"
3,0,9,57.96026278850363,171.210441,"[14, 18, 39]","['Gustavo Díaz Ordaz', 'Llera', 'Valle Hermoso']"
3,0,10,57.082257357436454,190.624696,"[7, 14, 39]","['Casas', 'Gustavo Díaz Ordaz', 'Valle Hermoso']"
3,0,11,88.64983778054405,141.396971,"[22, 24, 42]","['Méndez', 'Miguel Alemán', 'Xicoténcatl']"
3,1,1,59.77113611663137,166.394431,"[11, 14, 34]","['González', 'Gustavo Díaz Ordaz', 'San Fernando']"
3,1,2,39.789813631059396,197.327862,"[11, 31, 34]","['González', 'Reynosa', 'San Fernando']"
3,1,3,32.56141237266288,218.757001,"[11, 32, 34]","['González', 'Río Bravo', 'San Fernando']"
3,1,4,57.53560466761939,176.097157,"[14, 36, 39]","['Gustavo Díaz Ordaz', 'Soto la Marina', 'Valle Hermoso']"
3,1,5,74.24941736268339,150.277393,"[6, 34, 42]","['Camargo', 'San Fernando', 'Xicoténcatl']"
3,1,6,70.87439659669022,159.121441,"[6, 11, 34]","['Camargo', 'González', 'San Fernando']"
3,1,7,57.082257357436454,190.624696,"[7, 14, 39]","['Casas', 'Gustavo Díaz Ordaz', 'Valle Hermoso']"
3,1,8,81.97187386326387,146.150389,"[6, 22, 42]","['Camargo', 'Méndez', 'Xicoténcatl']"
3,1,9,89.5044624580781,138.045942,"[20, 22, 24]","['El Mante', 'Méndez', 'Miguel Alemán']"
3,1,10,88.64983778054405,141.396971,"[22, 24, 42]","['Méndez', 'Miguel Alemán', 'Xicoténcatl']"
3,1,11,57.96026278850363,171.210441,"[14, 18, 39]","['Gustavo Díaz Ordaz', 'Llera', 'Valle Hermoso']"
3,2,1,57.53560466761939,176.097157,"[14, 36, 39]","['Gustavo Díaz Ordaz', 'Soto la Marina', 'Valle Hermoso']"
3,2,2,59.77113611663137,166.394431,"[11, 14, 34]","['González', 'Gustavo Díaz Ordaz', 'San Fernando']"
3,2,3,39.789813631059396,197.327862,"[11, 31, 34]","['González', 'Reynosa', 'San Fernando']"
3,2,4,88.64983778054405,141.396971,"[22, 24, 42]","['Méndez', 'Miguel Alemán', 'Xicoténcatl']"
3,2,5,74.24941736268339,150.277393,"[6, 34, 42]","['Camargo', 'San Fernando', 'Xicoténcatl']"
3,2,6,32.56141237266288,218.757001,"[11, 32, 34]","['González', 'Río Bravo', 'San Fernando']"
3,2,7,70.87439659669022,159.121441,"[6, 11, 34]","['Camargo', 'González', 'San Fernando']"
3,2,8,81.97187386326387,146.150389,"[6, 22, 42]","['Camargo', 'Méndez', 'Xicoténcatl']"
3,2,9,89.5044624580781,138.045942,"[20, 22, 24]","['El Mante', 'Méndez', 'Miguel Alemán']"
3,2,10,57.082257357436454,190.624696,"[7, 14, 39]","['Casas', 'Gustavo Díaz Ordaz', 'Valle Hermoso']"
3,2,11,57.96026278850363,171.210441,"[14, 18, 39]","['Gustavo Díaz Ordaz', 'Llera', 'Valle Hermoso']"
3,3,1,74.24941736268339,150.277393,"[6, 34, 42]","['Camargo', 'San Fernando', 'Xicoténcatl']"
3,3,2,81.97187386326387,146.150389,"[6, 22, 42]","['Camargo', 'Méndez', 'Xicoténcatl']"
3,3,3,57.53560466761939,176.097157,"[14, 36, 39]","['Gustavo Díaz Ordaz', 'Soto la Marina', 'Valle Hermoso']"
3,3,4,39.789813631059396,197.327862,"[11, 31, 34]","['González', 'Reynosa', 'San Fernando']"
3,3,5,88.64983778054405,141.396971,"[22, 24, 42]","['Méndez', 'Miguel Alemán', 'Xicoténcatl']"
3,3,6,59.77113611663137,166.394431,"[11, 14, 34]","['González', 'Gustavo Díaz Ordaz', 'San Fernando']"
3,3,7,70.87439659669022,159.121441,"[6, 11, 34]","['Camargo', 'González', 'San Fernando']"
3,3,8,32.56141237266288,218.757001,"[11, 32, 34]","['González', 'Río Bravo', 'San Fernando']"
3,3,9,57.082257357436454,190.624696,"[7, 14, 39]","['Casas', 'Gustavo Díaz Ordaz', 'Valle Hermoso']"
3,3,10,57.96026278850363,171.210441,"[14, 18, 39]","['Gustavo Díaz Ordaz', 'Llera', 'Valle Hermoso']"
3,3,11,89.5044624580781,138.045942,"[20, 22, 24]","['El Mante', 'Méndez', 'Miguel Alemán']"
3,4,1,74.24941736268339,150.277393,"[6, 34, 42]","['Camargo', 'San Fernando', 'Xicoténcatl']"
3,4,2,70.87439659669022,159.121441,"[6, 11, 34]","['Camargo', 'González', 'San Fernando']"
3,4,3,39.789813631059396,197.327862,"[11, 31, 34]","['González', 'Reynosa', 'San Fernando']"
3,4,4,81.97187386326387,146.150389,"[6, 22, 42]","['Camargo', 'Méndez', 'Xicoténcatl']"
3,4,5,32.56141237266288,218.757001,"[11, 32, 34]","['González', 'Río Bravo', 'San Fernando']"
3,4,6,59.77113611663137,166.394431,"[11, 14, 34]","['González', 'Gustavo Díaz Ordaz', 'San Fernando']"
3,4,7,57.082257357436454,190.624696,"[7, 14, 39]","['Casas', 'Gustavo Díaz Ordaz', 'Valle Hermoso']"
3,4,8,89.5044624580781,138.045942,"[20, 22, 24]","['El Mante', 'Méndez', 'Miguel Alemán']"
3,4,9,57.53560466761939,176.097157,"[14, 36, 39]","['Gustavo Díaz Ordaz', 'Soto la Marina', 'Valle Hermoso']"
3,4,10,88.64983778054405,141.396971,"[22, 24, 42]","['Méndez', 'Miguel Alemán', 'Xicoténcatl']"
3,4,11,57.96026278850363,171.210441,"[14, 18, 39]","['Gustavo Díaz Ordaz', 'Llera', 'Valle Hermoso']"
3,5,1,57.96026278850363,171.210441,"[14, 18, 39]","['Gustavo Díaz Ordaz', 'Llera', 'Valle Hermoso']"
3,5,2,70.87439659669022,159.121441,"[6, 11, 34]","['Camargo', 'González', 'San Fernando']"
3,5,3,32.56141237266288,218.757001,"[11, 32, 34]","['González', 'Río Bravo', 'San Fernando']"
3,5,4,74.24941736268339,150.277393,"[6, 34, 42]","['Camargo', 'San Fernando', 'Xicoténcatl']"
3,5,5,88.64983778054405,141.396971,"[22, 24, 42]","['Méndez', 'Miguel Alemán', 'Xicoténcatl']"
3,5,6,39.789813631059396,197.327862,"[11, 31, 34]","['González', 'Reynosa', 'San Fernando']"
3,5,7,57.082257357436454,190.624696,"[7, 14, 39]","['Casas', 'Gustavo Díaz Ordaz', 'Valle Hermoso']"
3,5,8,89.5044624580781,138.045942,"[20, 22, 24]","['El Mante', 'Méndez', 'Miguel Alemán']"
3,5,9,81.97187386326387,146.150389,"[6, 22, 42]","['Camargo', 'Méndez', 'Xicoténcatl']"
3,5,10,59.77113611663137,166.394431,"[11, 14, 34]","['González', 'Gustavo Díaz Ordaz', 'San Fernando']"
3,5,11,57.53560466761939,176.097157,"[14, 36, 39]","['Gustavo Díaz Ordaz', 'Soto la Marina', 'Valle Hermoso']"
3,6,1,32.56141237266288,218.757001,"[11, 32, 34]","['González', 'Río Bravo', 'San Fernando']"
3,6,2,39.789813631059396,197.327862,"[11, 31, 34]","['González', 'Reynosa', 'San Fernando']"
3,6,3,74.24941736268339,150.277393,"[6, 34, 42]","['Camargo', 'San Fernando', 'Xicoténcatl']"
3,6,4,59.77113611663137,166.394431,"[11, 14, 34]","['González', 'Gustavo Díaz Ordaz', 'San Fernando']"
3,6,5,70.87439659669022,159.121441,"[6, 11, 34]","['Camargo', 'González', 'San Fernando']"
3,6,6,57.082257357436454,190.624696,"[7, 14, 39]","['Casas', 'Gustavo Díaz Ordaz', 'Valle Hermoso']"
3,6,7,89.5044624580781,138.045942,"[20, 22, 24]","['El Mante', 'Méndez', 'Miguel Alemán']"
3,6,8,88.64983778054405,141.396971,"[22, 24, 42]","['Méndez', 'Miguel Alemán', 'Xicoténcatl']"
3,6,9,57.53560466761939,176.097157,"[14, 36, 39]","['Gustavo Díaz Ordaz', 'Soto la Marina', 'Valle Hermoso']"
3,6,10,81.97187386326387,146.150389,"[6, 22, 42]","['Camargo', 'Méndez', 'Xicoténcatl']"
3,6,11,57.96026278850363,171.210441,"[14, 18, 39]","['Gustavo Díaz Ordaz', 'Llera', 'Valle Hermoso']"
3,7,1,74.24941736268339,150.277393,"[6, 34, 42]","['Camargo', 'San Fernando', 'Xicoténcatl']"
3,7,2,32.56141237266288,218.757001,"[11, 32, 34]","['González', 'Río Bravo', 'San Fernando']"
3,7,3,57.96026278850363,171.210441,"[14, 18, 39]","['Gustavo Díaz Ordaz', 'Llera', 'Valle Hermoso']"
3,7,4,57.082257357436454,190.624696,"[7, 14, 39]","['Casas', 'Gustavo Díaz Ordaz', 'Valle Hermoso']"
3,7,5,70.87439659669022,159.121441,"[6, 11, 34]","['Camargo', 'González', 'San Fernando']"
3,7,6,39.789813631059396,197.327862,"[11, 31, 34]","['González', 'Reynosa', 'San Fernando']"
3,7,7,59.77113611663137,166.394431,"[11, 14, 34]","['González', 'Gustavo Díaz Ordaz', 'San Fernando']"
3,7,8,81.97187386326387,146.150389,"[6, 22, 42]","['Camargo', 'Méndez', 'Xicoténcatl']"
3,7,9,88.64983778054405,141.396971,"[22, 24, 42]","['Méndez', 'Miguel Alemán', 'Xicoténcatl']"
3,7,10,57.53560466761939,176.097157,"[14, 36, 39]","['Gustavo Díaz Ordaz', 'Soto la Marina', 'Valle Hermoso']"
3,7,11,89.5044624580781,138.045942,"[20, 22, 24]","['El Mante', 'Méndez', 'Miguel Alemán']"
3,8,1,57.082257357436454,190.624696,"[7, 14, 39]","['Casas', 'Gustavo Díaz Ordaz', 'Valle Hermoso']"
3,8,2,59.77113611663137,166.394431,"[11, 14, 34]","['González', 'Gustavo Díaz Ordaz', 'San Fernando']"
3,8,3,39.789813631059396,197.327862,"[11, 31, 34]","['González', 'Reynosa', 'San Fernando']"
3,8,4,88.64983778054405,141.396971,"[22, 24, 42]","['Méndez', 'Miguel Alemán', 'Xicoténcatl']"
3,8,5,32.56141237266288,218.757001,"[11, 32, 34]","['González', 'Río Bravo', 'San Fernando']"
3,8,6,70.87439659669022,159.121441,"[6, 11, 34]","['Camargo', 'González', 'San Fernando']"
3,8,7,57.96026278850363,171.210441,"[14, 18, 39]","['Gustavo Díaz Ordaz', 'Llera', 'Valle Hermoso']"
3,8,8,74.24941736268339,150.277393,"[6, 34, 42]","['Camargo', 'San Fernando', 'Xicoténcatl']"
3,8,9,81.97187386326387,146.150389,"[6, 22, 42]","['Camargo', 'Méndez', 'Xicoténcatl']"
3,8,10,89.5044624580781,138.045942,"[20, 22, 24]","['El Mante', 'Méndez', 'Miguel Alemán']"
3,8,11,57.53560466761939,176.097157,"[14, 36, 39]","['Gustavo Díaz Ordaz', 'Soto la Marina', 'Valle Hermoso']"
3,9,1,32.56141237266288,218.757001,"[11, 32, 34]","['González', 'Río Bravo', 'San Fernando']"
3,9,2,39.789813631059396,197.327862,"[11, 31, 34]","['González', 'Reynosa', 'San Fernando']"
3,9,3,59.77113611663137,166.394431,"[11, 14, 34]","['González', 'Gustavo Díaz Ordaz', 'San Fernando']"
3,9,4,89.5044624580781,138.045942,"[20, 22, 24]","['El Mante', 'Méndez', 'Miguel Alemán']"
3,9,5,74.24941736268339,150.277393,"[6, 34, 42]","['Camargo', 'San Fernando', 'Xicoténcatl']"
3,9,6,81.97187386326387,146.150389,"[6, 22, 42]","['Camargo', 'Méndez', 'Xicoténcatl']"
3,9,7,57.53560466761939,176.097157,"[14, 36, 39]","['Gustavo Díaz Ordaz', 'Soto la Marina', 'Valle Hermoso']"
3,9,8,70.87439659669022,159.121441,"[6, 11, 34]","['Camargo', 'González', 'San Fernando']"
3,9,9,57.96026278850363,171.210441,"[14, 18, 39]","['Gustavo Díaz Ordaz', 'Llera', 'Valle Hermoso']"
3,9,10,88.64983778054405,141.396971,"[22, 24, 42]","['Méndez', 'Miguel Alemán', 'Xicoténcatl']"
3,9,11,57.082257357436454,190.624696,"[7, 14, 39]","['Casas', 'Gustavo Díaz Ordaz', 'Valle Hermoso']"
3,10,1,32.56141237266288,218.757001,"[11, 32, 34]","['González', 'Río Bravo', 'San Fernando']"
3,10,2,59.77113611663137,166.394431,"[11, 14, 34]","['González', 'Gustavo Díaz Ordaz', 'San Fernando']"
3,10,3,70.87439659669022,159.121441,"[6, 11, 34]","['Camargo', 'González', 'San Fernando']"
3,10,4,39.789813631059396,197.327862,"[11, 31, 34]","['González', 'Reynosa', 'San Fernando']"
3,10,5,74.24941736268339,150.277393,"[6, 34, 42]","['Camargo', 'San Fernando', 'Xicoténcatl']"
3,10,6,81.97187386326387,146.150389,"[6, 22, 42]","['Camargo', 'Méndez', 'Xicoténcatl']"
3,10,7,88.64983778054405,141.396971,"[22, 24, 42]","['Méndez', 'Miguel Alemán', 'Xicoténcatl']"
3,10,8,57.53560466761939,176.097157,"[14, 36, 39]","['Gustavo Díaz Ordaz', 'Soto la Marina', 'Valle Hermoso']"
3,10,9,57.082257357436454,190.624696,"[7, 14, 39]","['Casas', 'Gustavo Díaz Ordaz', 'Valle Hermoso']"
3,10,10,89.5044624580781,138.045942,"[20, 22, 24]","['El Mante', 'Méndez', 'Miguel Alemán']"
3,10,11,57.96026278850363,171.210441,"[14, 18, 39]","['Gustavo Díaz Ordaz', 'Llera', 'Valle Hermoso']"
3,11,1,32.56141237266288,218.757001,"[11, 32, 34]","['González', 'Río Bravo', 'San Fernando']"
3,11,2,57.082257357436454,190.624696,"[7, 14, 39]","['Casas', 'Gustavo Díaz Ordaz', 'Valle Hermoso']"
3,11,3,74.24941736268339,150.277393,"[6, 34, 42]","['Camargo', 'San Fernando', 'Xicoténcatl']"
3,11,4,88.64983778054405,141.396971,"[22, 24, 42]","['Méndez', 'Miguel Alemán', 'Xicoténcatl']"
3,11,5,81.97187386326387,146.150389,"[6, 22, 42]","['Camargo', 'Méndez', 'Xicoténcatl']"
3,11,6,70.87439659669022,159.121441,"[6, 11, 34]","['Camargo', 'González', 'San Fernando']"
3,11,7,57.96026278850363,171.210441,"[14, 18, 39]","['Gustavo Díaz Ordaz', 'Llera', 'Valle Hermoso']"
3,11,8,59.77113611663137,166.394431,"[11, 14, 34]","['González', 'Gustavo Díaz Ordaz', 'San Fernando']"
3,11,9,39.789813631059396,197.327862,"[11, 31, 34]","['González', 'Reynosa', 'San Fernando']"
3,11,10,57.53560466761939,176.097157,"[14, 36, 39]","['Gustavo Díaz Ordaz', 'Soto la Marina', 'Valle Hermoso']"
3,11,11,89.5044624580781,138.045942,"[20, 22, 24]","['El Mante', 'Méndez', 'Miguel Alemán']"
3,12,1,57.53560466761939,176.097157,"[14, 36, 39]","['Gustavo Díaz Ordaz', 'Soto la Marina', 'Valle Hermoso']"
3,12,2,57.96026278850363,171.210441,"[14, 18, 39]","['Gustavo Díaz Ordaz', 'Llera', 'Valle Hermoso']"
3,12,3,57.082257357436454,190.624696,"[7, 14, 39]","['Casas', 'Gustavo Díaz Ordaz', 'Valle Hermoso']"
3,12,4,70.87439659669022,159.121441,"[6, 11, 34]","['Camargo', 'González', 'San Fernando']"
3,12,5,39.789813631059396,197.327862,"[11, 31, 34]","['González', 'Reynosa', 'San Fernando']"
3,12,6,81.97187386326387,146.150389,"[6, 22, 42]","['Camargo', 'Méndez', 'Xicoténcatl']"
3,12,7,32.56141237266288,218.757001,"[11, 32, 34]","['González', 'Río Bravo', 'San Fernando']"
3,12,8,59.77113611663137,166.394431,"[11, 14, 34]","['González', 'Gustavo Díaz Ordaz', 'San Fernando']"
3,12,9,74.24941736268339,150.277393,"[6, 34, 42]","['Camargo', 'San Fernando', 'Xicoténcatl']"
3,12,10,89.5044624580781,138.045942,"[20, 22, 24]","['El Mante', 'Méndez', 'Miguel Alemán']"
3,12,11,88.64983778054405,141.396971,"[22, 24, 42]","['Méndez', 'Miguel Alemán', 'Xicoténcatl']"
3,13,1,32.56141237266288,218.757001,"[11, 32, 34]","['González', 'Río Bravo', 'San Fernando']"
3,13,2,81.97187386326387,146.150389,"[6, 22, 42]","['Camargo', 'Méndez', 'Xicoténcatl']"
3,13,3,39.789813631059396,197.327862,"[11, 31, 34]","['González', 'Reynosa', 'San Fernando']"
3,13,4,74.24941736268339,150.277393,"[6, 34, 42]","['Camargo', 'San Fernando', 'Xicoténcatl']"
3,13,5,89.5044624580781,138.045942,"[20, 22, 24]","['El Mante', 'Méndez', 'Miguel Alemán']"
3,13,6,88.64983778054405,141.396971,"[22, 24, 42]","['Méndez', 'Miguel Alemán', 'Xicoténcatl']"
3,13,7,57.53560466761939,176.097157,"[14, 36, 39]","['Gustavo Díaz Ordaz', 'Soto la Marina', 'Valle Hermoso']"
3,13,8,70.87439659669022,159.121441,"[6, 11, 34]","['Camargo', 'González', 'San Fernando']"
3,13,9,59.77113611663137,166.394431,"[11, 14, 34]","['González', 'Gustavo Díaz Ordaz', 'San Fernando']"
3,13,10,57.96026278850363,171.210441,"[14, 18, 39]","['Gustavo Díaz Ordaz', 'Llera', 'Valle Hermoso']"
3,13,11,57.082257357436454,190.624696,"[7, 14, 39]","['Casas', 'Gustavo Díaz Ordaz', 'Valle Hermoso']"
3,14,1,70.87439659669022,159.121441,"[6, 11, 34]","['Camargo', 'González', 'San Fernando']"
3,14,2,81.97187386326387,146.150389,"[6, 22, 42]","['Camargo', 'Méndez', 'Xicoténcatl']"
3,14,3,32.56141237266288,218.757001,"[11, 32, 34]","['González', 'Río Bravo', 'San Fernando']"
3,14,4,57.96026278850363,171.210441,"[14, 18, 39]","['Gustavo Díaz Ordaz', 'Llera', 'Valle Hermoso']"
3,14,5,39.789813631059396,197.327862,"[11, 31, 34]","['González', 'Reynosa', 'San Fernando']"
3,14,6,57.53560466761939,176.097157,"[14, 36, 39]","['Gustavo Díaz Ordaz', 'Soto la Marina', 'Valle Hermoso']"
3,14,7,57.082257357436454,190.624696,"[7, 14, 39]","['Casas', 'Gustavo Díaz Ordaz', 'Valle Hermoso']"
3,14,8,74.24941736268339,150.277393,"[6, 34, 42]","['Camargo', 'San Fernando', 'Xicoténcatl']"
3,14,9,59.77113611663137,166.394431,"[11, 14, 34]","['González', 'Gustavo Díaz Ordaz', 'San Fernando']"
3,14,10,88.64983778054405,141.396971,"[22, 24, 42]","['Méndez', 'Miguel Alemán', 'Xicoténcatl']"
3,14,11,89.5044624580781,138.045942,"[20, 22, 24]","['El Mante', 'Méndez', 'Miguel Alemán']"
3,15,1,59.77113611663137,166.394431,"[11, 14, 34]","['González', 'Gustavo Díaz Ordaz', 'San Fernando']"
3,15,2,32.56141237266288,218.757001,"[11, 32, 34]","['González', 'Río Bravo', 'San Fernando']"
3,15,3,74.24941736268339,150.277393,"[6, 34, 42]","['Camargo', 'San Fernando', 'Xicoténcatl']"
3,15,4,70.87439659669022,159.121441,"[6, 11, 34]","['Camargo', 'González', 'San Fernando']"
3,15,5,57.082257357436454,190.624696,"[7, 14, 39]","['Casas', 'Gustavo Díaz Ordaz', 'Valle Hermoso']"
3,15,6,39.789813631059396,197.327862,"[11, 31, 34]","['González', 'Reynosa', 'San Fernando']"
3,15,7,88.64983778054405,141.396971,"[22, 24, 42]","['Méndez', 'Miguel Alemán', 'Xicoténcatl']"
3,15,8,89.5044624580781,138.045942,"[20, 22, 24]","['El Mante', 'Méndez', 'Miguel Alemán']"
3,15,9,81.97187386326387,146.150389,"[6, 22, 42]","['Camargo', 'Méndez', 'Xicoténcatl']"
3,15,10,57.53560466761939,176.097157,"[14, 36, 39]","['Gustavo Díaz Ordaz', 'Soto la Marina', 'Valle Hermoso']"
3,15,11,57.96026278850363,171.210441,"[14, 18, 39]","['Gustavo Díaz Ordaz', 'Llera', 'Valle Hermoso']"
3,16,1,59.77113611663137,166.394431,"[11, 14, 34]","['González', 'Gustavo Díaz Ordaz', 'San Fernando']"
3,16,2,57.96026278850363,171.210441,"[14, 18, 39]","['Gustavo Díaz Ordaz', 'Llera', 'Valle Hermoso']"
3,16,3,39.789813631059396,197.327862,"[11, 31, 34]","['González', 'Reynosa', 'San Fernando']"
3,16,4,32.56141237266288,218.757001,"[11, 32, 34]","['González', 'Río Bravo', 'San Fernando']"
3,16,5,74.24941736268339,150.277393,"[6, 34, 42]","['Camargo', 'San Fernando', 'Xicoténcatl']"
3,16,6,70.87439659669022,159.121441,"[6, 11, 34]","['Camargo', 'González', 'San Fernando']"
3,16,7,81.97187386326387,146.150389,"[6, 22, 42]","['Camargo', 'Méndez', 'Xicoténcatl']"
3,16,8,88.64983778054405,141.396971,"[22, 24, 42]","['Méndez', 'Miguel Alemán', 'Xicoténcatl']"
3,16,9,57.082257357436454,190.624696,"[7, 14, 39]","['Casas', 'Gustavo Díaz Ordaz', 'Valle Hermoso']"
3,16,10,57.53560466761939,176.097157,"[14, 36, 39]","['Gustavo Díaz Ordaz', 'Soto la Marina', 'Valle Hermoso']"
3,16,11,89.5044624580781,138.045942,"[20, 22, 24]","['El Mante', 'Méndez', 'Miguel Alemán']"
3,17,1,88.64983778054405,141.396971,"[22, 24, 42]","['Méndez', 'Miguel Alemán', 'Xicoténcatl']"
3,17,2,81.97187386326387,146.150389,"[6, 22, 42]","['Camargo', 'Méndez', 'Xicoténcatl']"
3,17,3,74.24941736268339,150.277393,"[6, 34, 42]","['Camargo', 'San Fernando', 'Xicoténcatl']"
3,17,4,57.96026278850363,171.210441,"[14, 18, 39]","['Gustavo Díaz Ordaz', 'Llera', 'Valle Hermoso']"
3,17,5,32.56141237266288,218.757001,"[11, 32, 34]","['González', 'Río Bravo', 'San Fernando']"
3,17,6,59.77113611663137,166.394431,"[11, 14, 34]","['González', 'Gustavo Díaz Ordaz', 'San Fernando']"
3,17,7,70.87439659669022,159.121441,"[6, 11, 34]","['Camargo', 'González', 'San Fernando']"
3,17,8,39.789813631059396,197.327862,"[11, 31, 34]","['González', 'Reynosa', 'San Fernando']"
3,17,9,57.53560466761939,176.097157,"[14, 36, 39]","['Gustavo Díaz Ordaz', 'Soto la Marina', 'Valle Hermoso']"
3,17,10,89.5044624580781,138.045942,"[20, 22, 24]","['El Mante', 'Méndez', 'Miguel Alemán']"
3,17,11,57.082257357436454,190.624696,"[7, 14, 39]","['Casas', 'Gustavo Díaz Ordaz', 'Valle Hermoso']"
3,18,1,57.96026278850363,171.210441,"[14, 18, 39]","['Gustavo Díaz Ordaz', 'Llera', 'Valle Hermoso']"
3,18,2,32.56141237266288,218.757001,"[11, 32, 34]","['González', 'Río Bravo', 'San Fernando']"
3,18,3,57.53560466761939,176.097157,"[14, 36, 39]","['Gustavo Díaz Ordaz', 'Soto la Marina', 'Valle Hermoso']"
3,18,4,81.97187386326387,146.150389,"[6, 22, 42]","['Camargo', 'Méndez', 'Xicoténcatl']"
3,18,5,70.87439659669022,159.121441,"[6, 11, 34]","['Camargo', 'González', 'San Fernando']"
3,18,6,59.77113611663137,166.394431,"[11, 14, 34]","['González', 'Gustavo Díaz Ordaz', 'San Fernando']"
3,18,7,39.789813631059396,197.327862,"[11, 31, 34]","['González', 'Reynosa', 'San Fernando']"
3,18,8,74.24941736268339,150.277393,"[6, 34, 42]","['Camargo', 'San Fernando', 'Xicoténcatl']"
3,18,9,89.5044624580781,138.045942,"[20, 22, 24]","['El Mante', 'Méndez', 'Miguel Alemán']"
3,18,10,57.082257357436454,190.624696,"[7, 14, 39]","['Casas', 'Gustavo Díaz Ordaz', 'Valle Hermoso']"
3,18,11,88.64983778054405,141.396971,"[22, 24, 42]","['Méndez', 'Miguel Alemán', 'Xicoténcatl']"
3,19,1,74.24941736268339,150.277393,"[6, 34, 42]","['Camargo', 'San Fernando', 'Xicoténcatl']"
3,19,2,39.789813631059396,197.327862,"[11, 31, 34]","['González', 'Reynosa', 'San Fernando']"
3,19,3,81.97187386326387,146.150389,"[6, 22, 42]","['Camargo', 'Méndez', 'Xicoténcatl']"
3,19,4,32.56141237266288,218.757001,"[11, 32, 34]","['González', 'Río Bravo', 'San Fernando']"
3,19,5,70.87439659669022,159.121441,"[6, 11, 34]","['Camargo', 'González', 'San Fernando']"
3,19,6,88.64983778054405,141.396971,"[22, 24, 42]","['Méndez', 'Miguel Alemán', 'Xicoténcatl']"
3,19,7,59.77113611663137,166.394431,"[11, 14, 34]","['González', 'Gustavo Díaz Ordaz', 'San Fernando']"
3,19,8,57.96026278850363,171.210441,"[14, 18, 39]","['Gustavo Díaz Ordaz', 'Llera', 'Valle Hermoso']"
3,19,9,57.53560466761939,176.097157,"[14, 36, 39]","['Gustavo Díaz Ordaz', 'Soto la Marina', 'Valle Hermoso']"
3,19,10,89.5044624580781,138.045942,"[20, 22, 24]","['El Mante', 'Méndez', 'Miguel Alemán']"
3,19,11,57.082257357436454,190.624696,"[7, 14, 39]","['Casas', 'Gustavo Díaz Ordaz', 'Valle Hermoso']"
3,20,1,57.96026278850363,171.210441,"[14, 18, 39]","['Gustavo Díaz Ordaz', 'Llera', 'Valle Hermoso']"
3,20,2,57.53560466761939,176.097157,"[14, 36, 39]","['Gustavo Díaz Ordaz', 'Soto la Marina', 'Valle Hermoso']"
3,20,3,74.24941736268339,150.277393,"[6, 34, 42]","['Camargo', 'San Fernando', 'Xicoténcatl']"
3,20,4,59.77113611663137,166.394431,"[11, 14, 34]","['González', 'Gustavo Díaz Ordaz', 'San Fernando']"
3,20,5,81.97187386326387,146.150389,"[6, 22, 42]","['Camargo', 'Méndez', 'Xicoténcatl']"
3,20,6,32.56141237266288,218.757001,"[11, 32, 34]","['González', 'Río Bravo', 'San Fernando']"
3,20,7,39.789813631059396,197.327862,"[11, 31, 34]","['González', 'Reynosa', 'San Fernando']"
3,20,8,70.87439659669022,159.121441,"[6, 11, 34]","['Camargo', 'González', 'San Fernando']"
3,20,9,88.64983778054405,141.396971,"[22, 24, 42]","['Méndez', 'Miguel Alemán', 'Xicoténcatl']"
3,20,10,89.5044624580781,138.045942,"[20, 22, 24]","['El Mante', 'Méndez', 'Miguel Alemán']"
3,20,11,57.082257357436454,190.624696,"[7, 14, 39]","['Casas', 'Gustavo Díaz Ordaz', 'Valle Hermoso']"
3,21,1,57.082257357436454,190.624696,"[7, 14, 39]","['Casas', 'Gustavo Díaz Ordaz', 'Valle Hermoso']"
3,21,2,32.56141237266288,218.757001,"[11, 32, 34]","['González', 'Río Bravo', 'San Fernando']"
3,21,3,59.77113611663137,166.394431,"[11, 14, 34]","['González', 'Gustavo Díaz Ordaz', 'San Fernando']"
3,21,4,70.87439659669022,159.121441,"[6, 11, 34]","['Camargo', 'González', 'San Fernando']"
3,21,5,39.789813631059396,197.327862,"[11, 31, 34]","['González', 'Reynosa', 'San Fernando']"
3,21,6,74.24941736268339,150.277393,"[6, 34, 42]","['Camargo', 'San Fernando', 'Xicoténcatl']"
3,21,7,81.97187386326387,146.150389,"[6, 22, 42]","['Camargo', 'Méndez', 'Xicoténcatl']"
3,21,8,89.5044624580781,138.045942,"[20, 22, 24]","['El Mante', 'Méndez', 'Miguel Alemán']"
3,21,9,57.96026278850363,171.210441,"[14, 18, 39]","['Gustavo Díaz Ordaz', 'Llera', 'Valle Hermoso']"
3,21,10,88.64983778054405,141.396971,"[22, 24, 42]","['Méndez', 'Miguel Alemán', 'Xicoténcatl']"
3,21,11,57.53560466761939,176.097157,"[14, 36, 39]","['Gustavo Díaz Ordaz', 'Soto la Marina', 'Valle Hermoso']"
3,22,1,74.24941736268339,150.277393,"[6, 34, 42]","['Camargo', 'San Fernando', 'Xicoténcatl']"
3,22,2,32.56141237266288,218.757001,"[11, 32, 34]","['González', 'Río Bravo', 'San Fernando']"
3,22,3,70.87439659669022,159.121441,"[6, 11, 34]","['Camargo', 'González', 'San Fernando']"
3,22,4,39.789813631059396,197.327862,"[11, 31, 34]","['González', 'Reynosa', 'San Fernando']"
3,22,5,89.5044624580781,138.045942,"[20, 22, 24]","['El Mante', 'Méndez', 'Miguel Alemán']"
3,22,6,59.77113611663137,166.394431,"[11, 14, 34]","['González', 'Gustavo Díaz Ordaz', 'San Fernando']"
3,22,7,81.97187386326387,146.150389,"[6, 22, 42]","['Camargo', 'Méndez', 'Xicoténcatl']"
3,22,8,88.64983778054405,141.396971,"[22, 24, 42]","['Méndez', 'Miguel Alemán', 'Xicoténcatl']"
3,22,9,57.082257357436454,190.624696,"[7, 14, 39]","['Casas', 'Gustavo Díaz Ordaz', 'Valle Hermoso']"
3,22,10,57.53560466761939,176.097157,"[14, 36, 39]","['Gustavo Díaz Ordaz', 'Soto la Marina', 'Valle Hermoso']"
3,22,11,57.96026278850363,171.210441,"[14, 18, 39]","['Gustavo Díaz Ordaz', 'Llera', 'Valle Hermoso']"
3,23,1,74.24941736268339,150.277393,"[6, 34, 42]","['Camargo', 'San Fernando', 'Xicoténcatl']"
3,23,2,57.96026278850363,171.210441,"[14, 18, 39]","['Gustavo Díaz Ordaz', 'Llera', 'Valle Hermoso']"
3,23,3,70.87439659669022,159.121441,"[6, 11, 34]","['Camargo', 'González', 'San Fernando']"
3,23,4,32.56141237266288,218.757001,"[11, 32, 34]","['González', 'Río Bravo', 'San Fernando']"
3,23,5,39.789813631059396,197.327862,"[11, 31, 34]","['González', 'Reynosa', 'San Fernando']"
3,23,6,59.77113611663137,166.394431,"[11, 14, 34]","['González', 'Gustavo Díaz Ordaz', 'San Fernando']"
3,23,7,81.97187386326387,146.150389,"[6, 22, 42]","['Camargo', 'Méndez', 'Xicoténcatl']"
3,23,8,57.53560466761939,176.097157,"[14, 36, 39]","['Gustavo Díaz Ordaz', 'Soto la Marina', 'Valle Hermoso']"
3,23,9,89.5044624580781,138.045942,"[20, 22, 24]","['El Mante', 'Méndez', 'Miguel Alemán']"
3,23,10,57.082257357436454,190.624696,"[7, 14, 39]","['Casas', 'Gustavo Díaz Ordaz', 'Valle Hermoso']"
3,23,11,88.64983778054405,141.396971,"[22, 24, 42]","['Méndez', 'Miguel Alemán', 'Xicoténcatl']"
3,24,1,88.64983778054405,141.396971,"[22, 24, 42]","['Méndez', 'Miguel Alemán', 'Xicoténcatl']"
3,24,2,57.53560466761939,176.097157,"[14, 36, 39]","['Gustavo Díaz Ordaz', 'Soto la Marina', 'Valle Hermoso']"
3,24,3,81.97187386326387,146.150389,"[6, 22, 42]","['Camargo', 'Méndez', 'Xicoténcatl']"
3,24,4,74.24941736268339,150.277393,"[6, 34, 42]","['Camargo', 'San Fernando', 'Xicoténcatl']"
3,24,5,32.56141237266288,218.757001,"[11, 32, 34]","['González', 'Río Bravo', 'San Fernando']"
3,24,6,39.789813631059396,197.327862,"[11, 31, 34]","['González', 'Reynosa', 'San Fernando']"
3,24,7,57.082257357436454,190.624696,"[7, 14, 39]","['Casas', 'Gustavo Díaz Ordaz', 'Valle Hermoso']"
3,24,8,70.87439659669022,159.121441,"[6, 11, 34]","['Camargo', 'González', 'San Fernando']"
3,24,9,59.77113611663137,166.394431,"[11, 14, 34]","['González', 'Gustavo Díaz Ordaz', 'San Fernando']"
3,24,10,89.5044624580781,138.045942,"[20, 22, 24]","['El Mante', 'Méndez', 'Miguel Alemán']"
3,24,11,57.96026278850363,171.210441,"[14, 18, 39]","['Gustavo Díaz Ordaz', 'Llera', 'Valle Hermoso']"
3,25,1,88.64983778054405,141.396971,"[22, 24, 42]","['Méndez', 'Miguel Alemán', 'Xicoténcatl']"
3,25,2,81.97187386326387,146.150389,"[6, 22, 42]","['Camargo', 'Méndez', 'Xicoténcatl']"
3,25,3,57.53560466761939,176.097157,"[14, 36, 39]","['Gustavo Díaz Ordaz', 'Soto la Marina', 'Valle Hermoso']"
3,25,4,59.77113611663137,166.394431,"[11, 14, 34]","['González', 'Gustavo Díaz Ordaz', 'San Fernando']"
3,25,5,32.56141237266288,218.757001,"[11, 32, 34]","['González', 'Río Bravo', 'San Fernando']"
3,25,6,39.789813631059396,197.327862,"[11, 31, 34]","['González', 'Reynosa', 'San Fernando']"
3,25,7,74.24941736268339,150.277393,"[6, 34, 42]","['Camargo', 'San Fernando', 'Xicoténcatl']"
3,25,8,70.87439659669022,159.121441,"[6, 11, 34]","['Camargo', 'González', 'San Fernando']"
3,25,9,89.5044624580781,138.045942,"[20, 22, 24]","['El Mante', 'Méndez', 'Miguel Alemán']"
3,25,10,57.082257357436454,190.624696,"[7, 14, 39]","['Casas', 'Gustavo Díaz Ordaz', 'Valle Hermoso']"
3,25,11,57.96026278850363,171.210441,"[14, 18, 39]","['Gustavo Díaz Ordaz', 'Llera', 'Valle Hermoso']"
3,26,1,74.24941736268339,150.277393,"[6, 34, 42]","['Camargo', 'San Fernando', 'Xicoténcatl']"
3,26,2,57.53560466761939,176.097157,"[14, 36, 39]","['Gustavo Díaz Ordaz', 'Soto la Marina', 'Valle Hermoso']"
3,26,3,81.97187386326387,146.150389,"[6, 22, 42]","['Camargo', 'Méndez', 'Xicoténcatl']"
3,26,4,39.789813631059396,197.327862,"[11, 31, 34]","['González', 'Reynosa', 'San Fernando']"
3,26,5,70.87439659669022,159.121441,"[6, 11, 34]","['Camargo', 'González', 'San Fernando']"
3,26,6,57.082257357436454,190.624696,"[7, 14, 39]","['Casas', 'Gustavo Díaz Ordaz', 'Valle Hermoso']"
3,26,7,32.56141237266288,218.757001,"[11, 32, 34]","['González', 'Río Bravo', 'San Fernando']"
3,26,8,59.77113611663137,166.394431,"[11, 14, 34]","['González', 'Gustavo Díaz Ordaz', 'San Fernando']"
3,26,9,88.64983778054405,141.396971,"[22, 24, 42]","['Méndez', 'Miguel Alemán', 'Xicoténcatl']"
3,26,10,57.96026278850363,171.210441,"[14, 18, 39]","['Gustavo Díaz Ordaz', 'Llera', 'Valle Hermoso']"
3,26,11,89.5044624580781,138.045942,"[20, 22, 24]","['El Mante', 'Méndez', 'Miguel Alemán']"
3,27,1,57.53560466761939,176.097157,"[14, 36, 39]","['Gustavo Díaz Ordaz', 'Soto la Marina', 'Valle Hermoso']"
3,27,2,57.082257357436454,190.624696,"[7, 14, 39]","['Casas', 'Gustavo Díaz Ordaz', 'Valle Hermoso']"
3,27,3,74.24941736268339,150.277393,"[6, 34, 42]","['Camargo', 'San Fernando', 'Xicoténcatl']"
3,27,4,70.87439659669022,159.121441,"[6, 11, 34]","['Camargo', 'González', 'San Fernando']"
3,27,5,32.56141237266288,218.757001,"[11, 32, 34]","['González', 'Río Bravo', 'San Fernando']"
3,27,6,39.789813631059396,197.327862,"[11, 31, 34]","['González', 'Reynosa', 'San Fernando']"
3,27,7,59.77113611663137,166.394431,"[11, 14, 34]","['González', 'Gustavo Díaz Ordaz', 'San Fernando']"
3,27,8,57.96026278850363,171.210441,"[14, 18, 39]","['Gustavo Díaz Ordaz', 'Llera', 'Valle Hermoso']"
3,27,9,81.97187386326387,146.150389,"[6, 22, 42]","['Camargo', 'Méndez', 'Xicoténcatl']"
3,27,10,89.5044624580781,138.045942,"[20, 22, 24]","['El Mante', 'Méndez', 'Miguel Alemán']"
3,27,11,88.64983778054405,141.396971,"[22, 24, 42]","['Méndez', 'Miguel Alemán', 'Xicoténcatl']"
3,28,1,57.53560466761939,176.097157,"[14, 36, 39]","['Gustavo Díaz Ordaz', 'Soto la Marina', 'Valle Hermoso']"
3,28,2,57.96026278850363,171.210441,"[14, 18, 39]","['Gustavo Díaz Ordaz', 'Llera', 'Valle Hermoso']"
3,28,3,59.77113611663137,166.394431,"[11, 14, 34]","['González', 'Gustavo Díaz Ordaz', 'San Fernando']"
3,28,4,81.97187386326387,146.150389,"[6, 22, 42]","['Camargo', 'Méndez', 'Xicoténcatl']"
3,28,5,32.56141237266288,218.757001,"[11, 32, 34]","['González', 'Río Bravo', 'San Fernando']"
3,28,6,74.24941736268339,150.277393,"[6, 34, 42]","['Camargo', 'San Fernando', 'Xicoténcatl']"
3,28,7,39.789813631059396,197.327862,"[11, 31, 34]","['González', 'Reynosa', 'San Fernando']"
3,28,8,70.87439659669022,159.121441,"[6, 11, 34]","['Camargo', 'González', 'San Fernando']"
3,28,9,57.082257357436454,190.624696,"[7, 14, 39]","['Casas', 'Gustavo Díaz Ordaz', 'Valle Hermoso']"
3,28,10,88.64983778054405,141.396971,"[22, 24, 42]","['Méndez', 'Miguel Alemán', 'Xicoténcatl']"
3,28,11,89.5044624580781,138.045942,"[20, 22, 24]","['El Mante', 'Méndez', 'Miguel Alemán']"
3,29,1,59.77113611663137,166.394431,"[11, 14, 34]","['González', 'Gustavo Díaz Ordaz', 'San Fernando']"
3,29,2,74.24941736268339,150.277393,"[6, 34, 42]","['Camargo', 'San Fernando', 'Xicoténcatl']"
3,29,3,32.56141237266288,218.757001,"[11, 32, 34]","['González', 'Río Bravo', 'San Fernando']"
3,29,4,81.97187386326387,146.150389,"[6, 22, 42]","['Camargo', 'Méndez', 'Xicoténcatl']"
3,29,5,39.789813631059396,197.327862,"[11, 31, 34]","['González', 'Reynosa', 'San Fernando']"
3,29,6,57.082257357436454,190.624696,"[7, 14, 39]","['Casas', 'Gustavo Díaz Ordaz', 'Valle Hermoso']"
3,29,7,70.87439659669022,159.121441,"[6, 11, 34]","['Camargo', 'González', 'San Fernando']"
3,29,8,88.64983778054405,141.396971,"[22, 24, 42]","['Méndez', 'Miguel Alemán', 'Xicoténcatl']"
3,29,9,57.53560466761939,176.097157,"[14, 36, 39]","['Gustavo Díaz Ordaz', 'Soto la Marina', 'Valle Hermoso']"
3,29,10,89.5044624580781,138.045942,"[20, 22, 24]","['El Mante', 'Méndez', 'Miguel Alemán']"
3,29,11,57.96026278850363,171.210441,"[14, 18, 39]","['Gustavo Díaz Ordaz', 'Llera', 'Valle Hermoso']"
5,0,1,16.62166718898823,218.757001,"[11, 21, 32, 34, 39]","['González', 'Matamoros', 'Río Bravo', 'San Fernando', 'Valle Hermoso']"
5,0,2,17.352438277929657,197.327862,"[11, 21, 31, 32, 34]","['González', 'Matamoros', 'Reynosa', 'Río Bravo', 'San Fernando']"
5,0,3,19.509264540550127,159.121441,"[6, 11, 21, 32, 34]","['Camargo', 'González', 'Matamoros', 'Río Bravo', 'San Fernando']"
5,0,4,27.742051979345796,146.150389,"[6, 7, 11, 32, 34]","['Camargo', 'Casas', 'González', 'Río Bravo', 'San Fernando']"
5,0,5,22.884285306543312,150.277393,"[6, 21, 32, 34, 42]","['Camargo', 'Matamoros', 'Río Bravo', 'San Fernando', 'Xicoténcatl']"
5,0,6,29.702325248994832,106.008269,"[11, 13, 32, 34, 40]","['González', 'Guerrero', 'Río Bravo', 'San Fernando', 'Victoria']"
5,0,7,29.569392829720854,122.698237,"[11, 23, 32, 34, 40]","['González', 'Mier', 'Río Bravo', 'San Fernando', 'Victoria']"
5,0,8,29.02191024088095,125.23272,"[11, 12, 23, 32, 34]","['González', 'Güémez', 'Mier', 'Río Bravo', 'San Fernando']"
5,0,9,28.168142640762028,128.460678,"[7, 11, 23, 32, 34]","['Casas', 'González', 'Mier', 'Río Bravo', 'San Fernando']"
5,0,10,27.985636966192395,129.804564,"[7, 11, 24, 32, 34]","['Casas', 'González', 'Miguel Alemán', 'Río Bravo', 'San Fernando']"
5,1,1,16.62166718898823,218.757001,"[11, 21, 32, 34, 39]","['González', 'Matamoros', 'Río Bravo', 'San Fernando', 'Valle Hermoso']"
5,1,2,19.509264540550127,159.121441,"[6, 11, 21, 32, 34]","['Camargo', 'González', 'Matamoros', 'Río Bravo', 'San Fernando']"
5,1,3,17.352438277929657,197.327862,"[11, 21, 31, 32, 34]","['González', 'Matamoros', 'Reynosa', 'Río Bravo', 'San Fernando']"
5,1,4,29.702325248994832,106.008269,"[11, 13, 32, 34, 40]","['González', 'Guerrero', 'Río Bravo', 'San Fernando', 'Victoria']"
5,1,5,29.02191024088095,125.23272,"[11, 12, 23, 32, 34]","['González', 'Güémez', 'Mier', 'Río Bravo', 'San Fernando']"
5,1,6,27.985636966192395,129.804564,"[7, 11, 24, 32, 34]","['Casas', 'González', 'Miguel Alemán', 'Río Bravo', 'San Fernando']"
5,1,7,28.168142640762028,128.460678,"[7, 11, 23, 32, 34]","['Casas', 'González', 'Mier', 'Río Bravo', 'San Fernando']"
5,1,8,29.569392829720854,122.698237,"[11, 23, 32, 34, 40]","['González', 'Mier', 'Río Bravo', 'San Fernando', 'Victoria']"
5,1,9,22.884285306543312,150.277393,"[6, 21, 32, 34, 42]","['Camargo', 'Matamoros', 'Río Bravo', 'San Fernando', 'Xicoténcatl']"
5,1,10,27.742051979345796,146.150389,"[6, 7, 11, 32, 34]","['Camargo', 'Casas', 'González', 'Río Bravo', 'San Fernando']"
5,2,1,17.352438277929657,197.327862,"[11, 21, 31, 32, 34]","['González', 'Matamoros', 'Reynosa', 'Río Bravo', 'San Fernando']"
5,2,2,16.62166718898823,218.757001,"[11, 21, 32, 34, 39]","['González', 'Matamoros', 'Río Bravo', 'San Fernando', 'Valle Hermoso']"
5,2,3,28.168142640762028,128.460678,"[7, 11, 23, 32, 34]","['Casas', 'González', 'Mier', 'Río Bravo', 'San Fernando']"
5,2,4,29.702325248994832,106.008269,"[11, 13, 32, 34, 40]","['González', 'Guerrero', 'Río Bravo', 'San Fernando', 'Victoria']"
5,2,5,19.509264540550127,159.121441,"[6, 11, 21, 32, 34]","['Camargo', 'González', 'Matamoros', 'Río Bravo', 'San Fernando']"
5,2,6,27.985636966192395,129.804564,"[7, 11, 24, 32, 34]","['Casas', 'González', 'Miguel Alemán', 'Río Bravo', 'San Fernando']"
5,2,7,29.569392829720854,122.698237,"[11, 23, 32, 34, 40]","['González', 'Mier', 'Río Bravo', 'San Fernando', 'Victoria']"
5,2,8,27.742051979345796,146.150389,"[6, 7, 11, 32, 34]","['Camargo', 'Casas', 'González', 'Río Bravo', 'San Fernando']"
5,2,9,22.884285306543312,150.277393,"[6, 21, 32, 34, 42]","['Camargo', 'Matamoros', 'Río Bravo', 'San Fernando', 'Xicoténcatl']"
5,2,10,29.02191024088095,125.23272,"[11, 12, 23, 32, 34]","['González', 'Güémez', 'Mier', 'Río Bravo', 'San Fernando']"
5,3,1,17.352438277929657,197.327862,"[11, 21, 31, 32, 34]","['González', 'Matamoros', 'Reynosa', 'Río Bravo', 'San Fernando']"
5,3,2,22.884285306543312,150.277393,"[6, 21, 32, 34, 42]","['Camargo', 'Matamoros', 'Río Bravo', 'San Fernando', 'Xicoténcatl']"
5,3,3,19.509264540550127,159.121441,"[6, 11, 21, 32, 34]","['Camargo', 'González', 'Matamoros', 'Río Bravo', 'San Fernando']"
5,3,4,29.569392829720854,122.698237,"[11, 23, 32, 34, 40]","['González', 'Mier', 'Río Bravo', 'San Fernando', 'Victoria']"
5,3,5,27.742051979345796,146.150389,"[6, 7, 11, 32, 34]","['Camargo', 'Casas', 'González', 'Río Bravo', 'San Fernando']"
5,3,6,29.02191024088095,125.23272,"[11, 12, 23, 32, 34]","['González', 'Güémez', 'Mier', 'Río Bravo', 'San Fernando']"
5,3,7,16.62166718898823,218.757001,"[11, 21, 32, 34, 39]","['González', 'Matamoros', 'Río Bravo', 'San Fernando', 'Valle Hermoso']"
5,3,8,27.985636966192395,129.804564,"[7, 11, 24, 32, 34]","['Casas', 'González', 'Miguel Alemán', 'Río Bravo', 'San Fernando']"
5,3,9,28.168142640762028,128.460678,"[7, 11, 23, 32, 34]","['Casas', 'González', 'Mier', 'Río Bravo', 'San Fernando']"
5,3,10,29.702325248994832,106.008269,"[11, 13, 32, 34, 40]","['González', 'Guerrero', 'Río Bravo', 'San Fernando', 'Victoria']"
5,4,1,29.702325248994832,106.008269,"[11, 13, 32, 34, 40]","['González', 'Guerrero', 'Río Bravo', 'San Fernando', 'Victoria']"
5,4,2,16.62166718898823,218.757001,"[11, 21, 32, 34, 39]","['González', 'Matamoros', 'Río Bravo', 'San Fernando', 'Valle Hermoso']"
5,4,3,19.509264540550127,159.121441,"[6, 11, 21, 32, 34]","['Camargo', 'González', 'Matamoros', 'Río Bravo', 'San Fernando']"
5,4,4,29.02191024088095,125.23272,"[11, 12, 23, 32, 34]","['González', 'Güémez', 'Mier', 'Río Bravo', 'San Fernando']"
5,4,5,17.352438277929657,197.327862,"[11, 21, 31, 32, 34]","['González', 'Matamoros', 'Reynosa', 'Río Bravo', 'San Fernando']"
5,4,6,29.569392829720854,122.698237,"[11, 23, 32, 34, 40]","['González', 'Mier', 'Río Bravo', 'San Fernando', 'Victoria']"
5,4,7,22.884285306543312,150.277393,"[6, 21, 32, 34, 42]","['Camargo', 'Matamoros', 'Río Bravo', 'San Fernando', 'Xicoténcatl']"
5,4,8,28.168142640762028,128.460678,"[7, 11, 23, 32, 34]","['Casas', 'González', 'Mier', 'Río Bravo', 'San Fernando']"
5,4,9,27.742051979345796,146.150389,"[6, 7, 11, 32, 34]","['Camargo', 'Casas', 'González', 'Río Bravo', 'San Fernando']"
5,4,10,27.985636966192395,129.804564,"[7, 11, 24, 32, 34]","['Casas', 'González', 'Miguel Alemán', 'Río Bravo', 'San Fernando']"
5,5,1,27.742051979345796,146.150389,"[6, 7, 11, 32, 34]","['Camargo', 'Casas', 'González', 'Río Bravo', 'San Fernando']"
5,5,2,17.352438277929657,197.327862,"[11, 21, 31, 32, 34]","['González', 'Matamoros', 'Reynosa', 'Río Bravo', 'San Fernando']"
5,5,3,28.168142640762028,128.460678,"[7, 11, 23, 32, 34]","['Casas', 'González', 'Mier', 'Río Bravo', 'San Fernando']"
5,5,4,16.62166718898823,218.757001,"[11, 21, 32, 34, 39]","['González', 'Matamoros', 'Río Bravo', 'San Fernando', 'Valle Hermoso']"
5,5,5,29.02191024088095,125.23272,"[11, 12, 23, 32, 34]","['González', 'Güémez', 'Mier', 'Río Bravo', 'San Fernando']"
5,5,6,19.509264540550127,159.121441,"[6, 11, 21, 32, 34]","['Camargo', 'González', 'Matamoros', 'Río Bravo', 'San Fernando']"
5,5,7,29.569392829720854,122.698237,"[11, 23, 32, 34, 40]","['González', 'Mier', 'Río Bravo', 'San Fernando', 'Victoria']"
5,5,8,22.884285306543312,150.277393,"[6, 21, 32, 34, 42]","['Camargo', 'Matamoros', 'Río Bravo', 'San Fernando', 'Xicoténcatl']"
5,5,9,29.702325248994832,106.008269,"[11, 13, 32, 34, 40]","['González', 'Guerrero', 'Río Bravo', 'San Fernando', 'Victoria']"
5,5,10,27.985636966192395,129.804564,"[7, 11, 24, 32, 34]","['Casas', 'González', 'Miguel Alemán', 'Río Bravo', 'San Fernando']"
5,6,1,27.742051979345796,146.150389,"[6, 7, 11, 32, 34]","['Camargo', 'Casas', 'González', 'Río Bravo', 'San Fernando']"
5,6,2,17.352438277929657,197.327862,"[11, 21, 31, 32, 34]","['González', 'Matamoros', 'Reynosa', 'Río Bravo', 'San Fernando']"
5,6,3,19.509264540550127,159.121441,"[6, 11, 21, 32, 34]","['Camargo', 'González', 'Matamoros', 'Río Bravo', 'San Fernando']"
5,6,4,16.62166718898823,218.757001,"[11, 21, 32, 34, 39]","['González', 'Matamoros', 'Río Bravo', 'San Fernando', 'Valle Hermoso']"
5,6,5,29.702325248994832,106.008269,"[11, 13, 32, 34, 40]","['González', 'Guerrero', 'Río Bravo', 'San Fernando', 'Victoria']"
5,6,6,27.985636966192395,129.804564,"[7, 11, 24, 32, 34]","['Casas', 'González', 'Miguel Alemán', 'Río Bravo', 'San Fernando']"
5,6,7,22.884285306543312,150.277393,"[6, 21, 32, 34, 42]","['Camargo', 'Matamoros', 'Río Bravo', 'San Fernando', 'Xicoténcatl']"
5,6,8,29.02191024088095,125.23272,"[11, 12, 23, 32, 34]","['González', 'Güémez', 'Mier', 'Río Bravo', 'San Fernando']"
5,6,9,29.569392829720854,122.698237,"[11, 23, 32, 34, 40]","['González', 'Mier', 'Río Bravo', 'San Fernando', 'Victoria']"
5,6,10,28.168142640762028,128.460678,"[7, 11, 23, 32, 34]","['Casas', 'González', 'Mier', 'Río Bravo', 'San Fernando']"
5,7,1,17.352438277929657,197.327862,"[11, 21, 31, 32, 34]","['González', 'Matamoros', 'Reynosa', 'Río Bravo', 'San Fernando']"
5,7,2,29.569392829720854,122.698237,"[11, 23, 32, 34, 40]","['González', 'Mier', 'Río Bravo', 'San Fernando', 'Victoria']"
5,7,3,27.742051979345796,146.150389,"[6, 7, 11, 32, 34]","['Camargo', 'Casas', 'González', 'Río Bravo', 'San Fernando']"
5,7,4,19.509264540550127,159.121441,"[6, 11, 21, 32, 34]","['Camargo', 'González', 'Matamoros', 'Río Bravo', 'San Fernando']"
5,7,5,22.884285306543312,150.277393,"[6, 21, 32, 34, 42]","['Camargo', 'Matamoros', 'Río Bravo', 'San Fernando', 'Xicoténcatl']"
5,7,6,16.62166718898823,218.757001,"[11, 21, 32, 34, 39]","['González', 'Matamoros', 'Río Bravo', 'San Fernando', 'Valle Hermoso']"
5,7,7,28.168142640762028,128.460678,"[7, 11, 23, 32, 34]","['Casas', 'González', 'Mier', 'Río Bravo', 'San Fernando']"
5,7,8,27.985636966192395,129.804564,"[7, 11, 24, 32, 34]","['Casas', 'González', 'Miguel Alemán', 'Río Bravo', 'San Fernando']"
5,7,9,29.702325248994832,106.008269,"[11, 13, 32, 34, 40]","['González', 'Guerrero', 'Río Bravo', 'San Fernando', 'Victoria']"
5,7,10,29.02191024088095,125.23272,"[11, 12, 23, 32, 34]","['González', 'Güémez', 'Mier', 'Río Bravo', 'San Fernando']"
5,8,1,16.62166718898823,218.757001,"[11, 21, 32, 34, 39]","['González', 'Matamoros', 'Río Bravo', 'San Fernando', 'Valle Hermoso']"
5,8,2,19.509264540550127,159.121441,"[6, 11, 21, 32, 34]","['Camargo', 'González', 'Matamoros', 'Río Bravo', 'San Fernando']"
5,8,3,17.352438277929657,197.327862,"[11, 21, 31, 32, 34]","['González', 'Matamoros', 'Reynosa', 'Río Bravo', 'San Fernando']"
5,8,4,29.02191024088095,125.23272,"[11, 12, 23, 32, 34]","['González', 'Güémez', 'Mier', 'Río Bravo', 'San Fernando']"
5,8,5,27.742051979345796,146.150389,"[6, 7, 11, 32, 34]","['Camargo', 'Casas', 'González', 'Río Bravo', 'San Fernando']"
5,8,6,29.702325248994832,106.008269,"[11, 13, 32, 34, 40]","['González', 'Guerrero', 'Río Bravo', 'San Fernando', 'Victoria']"
5,8,7,22.884285306543312,150.277393,"[6, 21, 32, 34, 42]","['Camargo', 'Matamoros', 'Río Bravo', 'San Fernando', 'Xicoténcatl']"
5,8,8,27.985636966192395,129.804564,"[7, 11, 24, 32, 34]","['Casas', 'González', 'Miguel Alemán', 'Río Bravo', 'San Fernando']"
5,8,9,29.569392829720854,122.698237,"[11, 23, 32, 34, 40]","['González', 'Mier', 'Río Bravo', 'San Fernando', 'Victoria']"
5,8,10,28.168142640762028,128.460678,"[7, 11, 23, 32, 34]","['Casas', 'González', 'Mier', 'Río Bravo', 'San Fernando']"
5,9,1,29.702325248994832,106.008269,"[11, 13, 32, 34, 40]","['González', 'Guerrero', 'Río Bravo', 'San Fernando', 'Victoria']"
5,9,2,17.352438277929657,197.327862,"[11, 21, 31, 32, 34]","['González', 'Matamoros', 'Reynosa', 'Río Bravo', 'San Fernando']"
5,9,3,19.509264540550127,159.121441,"[6, 11, 21, 32, 34]","['Camargo', 'González', 'Matamoros', 'Río Bravo', 'San Fernando']"
5,9,4,29.569392829720854,122.698237,"[11, 23, 32, 34, 40]","['González', 'Mier', 'Río Bravo', 'San Fernando', 'Victoria']"
5,9,5,16.62166718898823,218.757001,"[11, 21, 32, 34, 39]","['González', 'Matamoros', 'Río Bravo', 'San Fernando', 'Valle Hermoso']"
5,9,6,22.884285306543312,150.277393,"[6, 21, 32, 34, 42]","['Camargo', 'Matamoros', 'Río Bravo', 'San Fernando', 'Xicoténcatl']"
5,9,7,29.02191024088095,125.23272,"[11, 12, 23, 32, 34]","['González', 'Güémez', 'Mier', 'Río Bravo', 'San Fernando']"
5,9,8,27.985636966192395,129.804564,"[7, 11, 24, 32, 34]","['Casas', 'González', 'Miguel Alemán', 'Río Bravo', 'San Fernando']"
5,9,9,27.742051979345796,146.150389,"[6, 7, 11, 32, 34]","['Camargo', 'Casas', 'González', 'Río Bravo', 'San Fernando']"
5,9,10,28.168142640762028,128.460678,"[7, 11, 23, 32, 34]","['Casas', 'González', 'Mier', 'Río Bravo', 'San Fernando']"
5,10,1,16.62166718898823,218.757001,"[11, 21, 32, 34, 39]","['González', 'Matamoros', 'Río Bravo', 'San Fernando', 'Valle Hermoso']"
5,10,2,28.168142640762028,128.460678,"[7, 11, 23, 32, 34]","['Casas', 'González', 'Mier', 'Río Bravo', 'San Fernando']"
5,10,3,19.509264540550127,159.121441,"[6, 11, 21, 32, 34]","['Camargo', 'González', 'Matamoros', 'Río Bravo', 'San Fernando']"
5,10,4,17.352438277929657,197.327862,"[11, 21, 31, 32, 34]","['González', 'Matamoros', 'Reynosa', 'Río Bravo', 'San Fernando']"
5,10,5,29.702325248994832,106.008269,"[11, 13, 32, 34, 40]","['González', 'Guerrero', 'Río Bravo', 'San Fernando', 'Victoria']"
5,10,6,27.985636966192395,129.804564,"[7, 11, 24, 32, 34]","['Casas', 'González', 'Miguel Alemán', 'Río Bravo', 'San Fernando']"
5,10,7,29.569392829720854,122.698237,"[11, 23, 32, 34, 40]","['González', 'Mier', 'Río Bravo', 'San Fernando', 'Victoria']"
5,10,8,27.742051979345796,146.150389,"[6, 7, 11, 32, 34]","['Camargo', 'Casas', 'González', 'Río Bravo', 'San Fernando']"
5,10,9,22.884285306543312,150.277393,"[6, 21, 32, 34, 42]","['Camargo', 'Matamoros', 'Río Bravo', 'San Fernando', 'Xicoténcatl']"
5,10,10,29.02191024088095,125.23272,"[11, 12, 23, 32, 34]","['González', 'Güémez', 'Mier', 'Río Bravo', 'San Fernando']"
5,11,1,16.62166718898823,218.757001,"[11, 21, 32, 34, 39]","['González', 'Matamoros', 'Río Bravo', 'San Fernando', 'Valle Hermoso']"
5,11,2,17.352438277929657,197.327862,"[11, 21, 31, 32, 34]","['González', 'Matamoros', 'Reynosa', 'Río Bravo', 'San Fernando']"
5,11,3,29.702325248994832,106.008269,"[11, 13, 32, 34, 40]","['González', 'Guerrero', 'Río Bravo', 'San Fernando', 'Victoria']"
5,11,4,19.509264540550127,159.121441,"[6, 11, 21, 32, 34]","['Camargo', 'González', 'Matamoros', 'Río Bravo', 'San Fernando']"
5,11,5,29.569392829720854,122.698237,"[11, 23, 32, 34, 40]","['González', 'Mier', 'Río Bravo', 'San Fernando', 'Victoria']"
5,11,6,27.985636966192395,129.804564,"[7, 11, 24, 32, 34]","['Casas', 'González', 'Miguel Alemán', 'Río Bravo', 'San Fernando']"
5,11,7,27.742051979345796,146.150389,"[6, 7, 11, 32, 34]","['Camargo', 'Casas', 'González', 'Río Bravo', 'San Fernando']"
5,11,8,22.884285306543312,150.277393,"[6, 21, 32, 34, 42]","['Camargo', 'Matamoros', 'Río Bravo', 'San Fernando', 'Xicoténcatl']"
5,11,9,28.168142640762028,128.460678,"[7, 11, 23, 32, 34]","['Casas', 'González', 'Mier', 'Río Bravo', 'San Fernando']"
5,11,10,29.02191024088095,125.23272,"[11, 12, 23, 32, 34]","['González', 'Güémez', 'Mier', 'Río Bravo', 'San Fernando']"
5,12,1,29.02191024088095,125.23272,"[11, 12, 23, 32, 34]","['González', 'Güémez', 'Mier', 'Río Bravo', 'San Fernando']"
5,12,2,19.509264540550127,159.121441,"[6, 11, 21, 32, 34]","['Camargo', 'González', 'Matamoros', 'Río Bravo', 'San Fernando']"
5,12,3,17.352438277929657,197.327862,"[11, 21, 31, 32, 34]","['González', 'Matamoros', 'Reynosa', 'Río Bravo', 'San Fernando']"
5,12,4,28.168142640762028,128.460678,"[7, 11, 23, 32, 34]","['Casas', 'González', 'Mier', 'Río Bravo', 'San Fernando']"
5,12,5,29.702325248994832,106.008269,"[11, 13, 32, 34, 40]","['González', 'Guerrero', 'Río Bravo', 'San Fernando', 'Victoria']"
5,12,6,27.742051979345796,146.150389,"[6, 7, 11, 32, 34]","['Camargo', 'Casas', 'González', 'Río Bravo', 'San Fernando']"
5,12,7,27.985636966192395,129.804564,"[7, 11, 24, 32, 34]","['Casas', 'González', 'Miguel Alemán', 'Río Bravo', 'San Fernando']"
5,12,8,29.569392829720854,122.698237,"[11, 23, 32, 34, 40]","['González', 'Mier', 'Río Bravo', 'San Fernando', 'Victoria']"
5,12,9,16.62166718898823,218.757001,"[11, 21, 32, 34, 39]","['González', 'Matamoros', 'Río Bravo', 'San Fernando', 'Valle Hermoso']"
5,12,10,22.884285306543312,150.277393,"[6, 21, 32, 34, 42]","['Camargo', 'Matamoros', 'Río Bravo', 'San Fernando', 'Xicoténcatl']"
5,13,1,17.352438277929657,197.327862,"[11, 21, 31, 32, 34]","['González', 'Matamoros', 'Reynosa', 'Río Bravo', 'San Fernando']"
5,13,2,19.509264540550127,159.121441,"[6, 11, 21, 32, 34]","['Camargo', 'González', 'Matamoros', 'Río Bravo', 'San Fernando']"
5,13,3,16.62166718898823,218.757001,"[11, 21, 32, 34, 39]","['González', 'Matamoros', 'Río Bravo', 'San Fernando', 'Valle Hermoso']"
5,13,4,27.742051979345796,146.150389,"[6, 7, 11, 32, 34]","['Camargo', 'Casas', 'González', 'Río Bravo', 'San Fernando']"
5,13,5,28.168142640762028,128.460678,"[7, 11, 23, 32, 34]","['Casas', 'González', 'Mier', 'Río Bravo', 'San Fernando']"
5,13,6,22.884285306543312,150.277393,"[6, 21, 32, 34, 42]","['Camargo', 'Matamoros', 'Río Bravo', 'San Fernando', 'Xicoténcatl']"
5,13,7,29.02191024088095,125.23272,"[11, 12, 23, 32, 34]","['González', 'Güémez', 'Mier', 'Río Bravo', 'San Fernando']"
5,13,8,27.985636966192395,129.804564,"[7, 11, 24, 32, 34]","['Casas', 'González', 'Miguel Alemán', 'Río Bravo', 'San Fernando']"
5,13,9,29.702325248994832,106.008269,"[11, 13, 32, 34, 40]","['González', 'Guerrero', 'Río Bravo', 'San Fernando', 'Victoria']"
5,13,10,29.569392829720854,122.698237,"[11, 23, 32, 34, 40]","['González', 'Mier', 'Río Bravo', 'San Fernando', 'Victoria']"
5,14,1,19.509264540550127,159.121441,"[6, 11, 21, 32, 34]","['Camargo', 'González', 'Matamoros', 'Río Bravo', 'San Fernando']"
5,14,2,16.62166718898823,218.757001,"[11, 21, 32, 34, 39]","['González', 'Matamoros', 'Río Bravo', 'San Fernando', 'Valle Hermoso']"
5,14,3,17.352438277929657,197.327862,"[11, 21, 31, 32, 34]","['González', 'Matamoros', 'Reynosa', 'Río Bravo', 'San Fernando']"
5,14,4,28.168142640762028,128.460678,"[7, 11, 23, 32, 34]","['Casas', 'González', 'Mier', 'Río Bravo', 'San Fernando']"
5,14,5,29.702325248994832,106.008269,"[11, 13, 32, 34, 40]","['González', 'Guerrero', 'Río Bravo', 'San Fernando', 'Victoria']"
5,14,6,29.02191024088095,125.23272,"[11, 12, 23, 32, 34]","['González', 'Güémez', 'Mier', 'Río Bravo', 'San Fernando']"
5,14,7,27.742051979345796,146.150389,"[6, 7, 11, 32, 34]","['Camargo', 'Casas', 'González', 'Río Bravo', 'San Fernando']"
5,14,8,29.569392829720854,122.698237,"[11, 23, 32, 34, 40]","['González', 'Mier', 'Río Bravo', 'San Fernando', 'Victoria']"
5,14,9,22.884285306543312,150.277393,"[6, 21, 32, 34, 42]","['Camargo', 'Matamoros', 'Río Bravo', 'San Fernando', 'Xicoténcatl']"
5,14,10,27.985636966192395,129.804564,"[7, 11, 24, 32, 34]","['Casas', 'González', 'Miguel Alemán', 'Río Bravo', 'San Fernando']"
5,15,1,16.62166718898823,218.757001,"[11, 21, 32, 34, 39]","['González', 'Matamoros', 'Río Bravo', 'San Fernando', 'Valle Hermoso']"
5,15,2,27.985636966192395,129.804564,"[7, 11, 24, 32, 34]","['Casas', 'González', 'Miguel Alemán', 'Río Bravo', 'San Fernando']"
5,15,3,28.168142640762028,128.460678,"[7, 11, 23, 32, 34]","['Casas', 'González', 'Mier', 'Río Bravo', 'San Fernando']"
5,15,4,19.509264540550127,159.121441,"[6, 11, 21, 32, 34]","['Camargo', 'González', 'Matamoros', 'Río Bravo', 'San Fernando']"
5,15,5,22.884285306543312,150.277393,"[6, 21, 32, 34, 42]","['Camargo', 'Matamoros', 'Río Bravo', 'San Fernando', 'Xicoténcatl']"
5,15,6,17.352438277929657,197.327862,"[11, 21, 31, 32, 34]","['González', 'Matamoros', 'Reynosa', 'Río Bravo', 'San Fernando']"
5,15,7,29.02191024088095,125.23272,"[11, 12, 23, 32, 34]","['González', 'Güémez', 'Mier', 'Río Bravo', 'San Fernando']"
5,15,8,27.742051979345796,146.150389,"[6, 7, 11, 32, 34]","['Camargo', 'Casas', 'González', 'Río Bravo', 'San Fernando']"
5,15,9,29.702325248994832,106.008269,"[11, 13, 32, 34, 40]","['González', 'Guerrero', 'Río Bravo', 'San Fernando', 'Victoria']"
5,15,10,29.569392829720854,122.698237,"[11, 23, 32, 34, 40]","['González', 'Mier', 'Río Bravo', 'San Fernando', 'Victoria']"
5,16,1,22.884285306543312,150.277393,"[6, 21, 32, 34, 42]","['Camargo', 'Matamoros', 'Río Bravo', 'San Fernando', 'Xicoténcatl']"
5,16,2,16.62166718898823,218.757001,"[11, 21, 32, 34, 39]","['González', 'Matamoros', 'Río Bravo', 'San Fernando', 'Valle Hermoso']"
5,16,3,19.509264540550127,159.121441,"[6, 11, 21, 32, 34]","['Camargo', 'González', 'Matamoros', 'Río Bravo', 'San Fernando']"
5,16,4,17.352438277929657,197.327862,"[11, 21, 31, 32, 34]","['González', 'Matamoros', 'Reynosa', 'Río Bravo', 'San Fernando']"
5,16,5,29.02191024088095,125.23272,"[11, 12, 23, 32, 34]","['González', 'Güémez', 'Mier', 'Río Bravo', 'San Fernando']"
5,16,6,27.742051979345796,146.150389,"[6, 7, 11, 32, 34]","['Camargo', 'Casas', 'González', 'Río Bravo', 'San Fernando']"
5,16,7,28.168142640762028,128.460678,"[7, 11, 23, 32, 34]","['Casas', 'González', 'Mier', 'Río Bravo', 'San Fernando']"
5,16,8,29.569392829720854,122.698237,"[11, 23, 32, 34, 40]","['González', 'Mier', 'Río Bravo', 'San Fernando', 'Victoria']"
5,16,9,29.702325248994832,106.008269,"[11, 13, 32, 34, 40]","['González', 'Guerrero', 'Río Bravo', 'San Fernando', 'Victoria']"
5,16,10,27.985636966192395,129.804564,"[7, 11, 24, 32, 34]","['Casas', 'González', 'Miguel Alemán', 'Río Bravo', 'San Fernando']"
5,17,1,19.509264540550127,159.121441,"[6, 11, 21, 32, 34]","['Camargo', 'González', 'Matamoros', 'Río Bravo', 'San Fernando']"
5,17,2,16.62166718898823,218.757001,"[11, 21, 32, 34, 39]","['González', 'Matamoros', 'Río Bravo', 'San Fernando', 'Valle Hermoso']"
5,17,3,27.985636966192395,129.804564,"[7, 11, 24, 32, 34]","['Casas', 'González', 'Miguel Alemán', 'Río Bravo', 'San Fernando']"
5,17,4,17.352438277929657,197.327862,"[11, 21, 31, 32, 34]","['González', 'Matamoros', 'Reynosa', 'Río Bravo', 'San Fernando']"
5,17,5,27.742051979345796,146.150389,"[6, 7, 11, 32, 34]","['Camargo', 'Casas', 'González', 'Río Bravo', 'San Fernando']"
5,17,6,22.884285306543312,150.277393,"[6, 21, 32, 34, 42]","['Camargo', 'Matamoros', 'Río Bravo', 'San Fernando', 'Xicoténcatl']"
5,17,7,29.702325248994832,106.008269,"[11, 13, 32, 34, 40]","['González', 'Guerrero', 'Río Bravo', 'San Fernando', 'Victoria']"
5,17,8,29.02191024088095,125.23272,"[11, 12, 23, 32, 34]","['González', 'Güémez', 'Mier', 'Río Bravo', 'San Fernando']"
5,17,9,29.569392829720854,122.698237,"[11, 23, 32, 34, 40]","['González', 'Mier', 'Río Bravo', 'San Fernando', 'Victoria']"
5,17,10,28.168142640762028,128.460678,"[7, 11, 23, 32, 34]","['Casas', 'González', 'Mier', 'Río Bravo', 'San Fernando']"
5,18,1,16.62166718898823,218.757001,"[11, 21, 32, 34, 39]","['González', 'Matamoros', 'Río Bravo', 'San Fernando', 'Valle Hermoso']"
5,18,2,19.509264540550127,159.121441,"[6, 11, 21, 32, 34]","['Camargo', 'González', 'Matamoros', 'Río Bravo', 'San Fernando']"
5,18,3,22.884285306543312,150.277393,"[6, 21, 32, 34, 42]","['Camargo', 'Matamoros', 'Río Bravo', 'San Fernando', 'Xicoténcatl']"
5,18,4,17.352438277929657,197.327862,"[11, 21, 31, 32, 34]","['González', 'Matamoros', 'Reynosa', 'Río Bravo', 'San Fernando']"
5,18,5,27.742051979345796,146.150389,"[6, 7, 11, 32, 34]","['Camargo', 'Casas', 'González', 'Río Bravo', 'San Fernando']"
5,18,6,29.569392829720854,122.698237,"[11, 23, 32, 34, 40]","['González', 'Mier', 'Río Bravo', 'San Fernando', 'Victoria']"
5,18,7,28.168142640762028,128.460678,"[7, 11, 23, 32, 34]","['Casas', 'González', 'Mier', 'Río Bravo', 'San Fernando']"
5,18,8,29.702325248994832,106.008269,"[11, 13, 32, 34, 40]","['González', 'Guerrero', 'Río Bravo', 'San Fernando', 'Victoria']"
5,18,9,27.985636966192395,129.804564,"[7, 11, 24, 32, 34]","['Casas', 'González', 'Miguel Alemán', 'Río Bravo', 'San Fernando']"
5,18,10,29.02191024088095,125.23272,"[11, 12, 23, 32, 34]","['González', 'Güémez', 'Mier', 'Río Bravo', 'San Fernando']"
5,19,1,22.884285306543312,150.277393,"[6, 21, 32, 34, 42]","['Camargo', 'Matamoros', 'Río Bravo', 'San Fernando', 'Xicoténcatl']"
5,19,2,17.352438277929657,197.327862,"[11, 21, 31, 32, 34]","['González', 'Matamoros', 'Reynosa', 'Río Bravo', 'San Fernando']"
5,19,3,19.509264540550127,159.121441,"[6, 11, 21, 32, 34]","['Camargo', 'González', 'Matamoros', 'Río Bravo', 'San Fernando']"
5,19,4,29.02191024088095,125.23272,"[11, 12, 23, 32, 34]","['González', 'Güémez', 'Mier', 'Río Bravo', 'San Fernando']"
5,19,5,16.62166718898823,218.757001,"[11, 21, 32, 34, 39]","['González', 'Matamoros', 'Río Bravo', 'San Fernando', 'Valle Hermoso']"
5,19,6,29.702325248994832,106.008269,"[11, 13, 32, 34, 40]","['González', 'Guerrero', 'Río Bravo', 'San Fernando', 'Victoria']"
5,19,7,27.742051979345796,146.150389,"[6, 7, 11, 32, 34]","['Camargo', 'Casas', 'González', 'Río Bravo', 'San Fernando']"
5,19,8,29.569392829720854,122.698237,"[11, 23, 32, 34, 40]","['González', 'Mier', 'Río Bravo', 'San Fernando', 'Victoria']"
5,19,9,28.168142640762028,128.460678,"[7, 11, 23, 32, 34]","['Casas', 'González', 'Mier', 'Río Bravo', 'San Fernando']"
5,19,10,27.985636966192395,129.804564,"[7, 11, 24, 32, 34]","['Casas', 'González', 'Miguel Alemán', 'Río Bravo', 'San Fernando']"
5,20,1,17.352438277929657,197.327862,"[11, 21, 31, 32, 34]","['González', 'Matamoros', 'Reynosa', 'Río Bravo', 'San Fernando']"
5,20,2,22.884285306543312,150.277393,"[6, 21, 32, 34, 42]","['Camargo', 'Matamoros', 'Río Bravo', 'San Fernando', 'Xicoténcatl']"
5,20,3,29.569392829720854,122.698237,"[11, 23, 32, 34, 40]","['González', 'Mier', 'Río Bravo', 'San Fernando', 'Victoria']"
5,20,4,29.02191024088095,125.23272,"[11, 12, 23, 32, 34]","['González', 'Güémez', 'Mier', 'Río Bravo', 'San Fernando']"
5,20,5,16.62166718898823,218.757001,"[11, 21, 32, 34, 39]","['González', 'Matamoros', 'Río Bravo', 'San Fernando', 'Valle Hermoso']"
5,20,6,29.702325248994832,106.008269,"[11, 13, 32, 34, 40]","['González', 'Guerrero', 'Río Bravo', 'San Fernando', 'Victoria']"
5,20,7,19.509264540550127,159.121441,"[6, 11, 21, 32, 34]","['Camargo', 'González', 'Matamoros', 'Río Bravo', 'San Fernando']"
5,20,8,28.168142640762028,128.460678,"[7, 11, 23, 32, 34]","['Casas', 'González', 'Mier', 'Río Bravo', 'San Fernando']"
5,20,9,27.742051979345796,146.150389,"[6, 7, 11, 32, 34]","['Camargo', 'Casas', 'González', 'Río Bravo', 'San Fernando']"
5,20,10,27.985636966192395,129.804564,"[7, 11, 24, 32, 34]","['Casas', 'González', 'Miguel Alemán', 'Río Bravo', 'San Fernando']"
5,21,1,16.62166718898823,218.757001,"[11, 21, 32, 34, 39]","['González', 'Matamoros', 'Río Bravo', 'San Fernando', 'Valle Hermoso']"
5,21,2,28.168142640762028,128.460678,"[7, 11, 23, 32, 34]","['Casas', 'González', 'Mier', 'Río Bravo', 'San Fernando']"
5,21,3,29.02191024088095,125.23272,"[11, 12, 23, 32, 34]","['González', 'Güémez', 'Mier', 'Río Bravo', 'San Fernando']"
5,21,4,17.352438277929657,197.327862,"[11, 21, 31, 32, 34]","['González', 'Matamoros', 'Reynosa', 'Río Bravo', 'San Fernando']"
5,21,5,19.509264540550127,159.121441,"[6, 11, 21, 32, 34]","['Camargo', 'González', 'Matamoros', 'Río Bravo', 'San Fernando']"
5,21,6,22.884285306543312,150.277393,"[6, 21, 32, 34, 42]","['Camargo', 'Matamoros', 'Río Bravo', 'San Fernando', 'Xicoténcatl']"
5,21,7,27.985636966192395,129.804564,"[7, 11, 24, 32, 34]","['Casas', 'González', 'Miguel Alemán', 'Río Bravo', 'San Fernando']"
5,21,8,29.702325248994832,106.008269,"[11, 13, 32, 34, 40]","['González', 'Guerrero', 'Río Bravo', 'San Fernando', 'Victoria']"
5,21,9,27.742051979345796,146.150389,"[6, 7, 11, 32, 34]","['Camargo', 'Casas', 'González', 'Río Bravo', 'San Fernando']"
5,21,10,29.569392829720854,122.698237,"[11, 23, 32, 34, 40]","['González', 'Mier', 'Río Bravo', 'San Fernando', 'Victoria']"
5,22,1,19.509264540550127,159.121441,"[6, 11, 21, 32, 34]","['Camargo', 'González', 'Matamoros', 'Río Bravo', 'San Fernando']"
5,22,2,17.352438277929657,197.327862,"[11, 21, 31, 32, 34]","['González', 'Matamoros', 'Reynosa', 'Río Bravo', 'San Fernando']"
5,22,3,27.985636966192395,129.804564,"[7, 11, 24, 32, 34]","['Casas', 'González', 'Miguel Alemán', 'Río Bravo', 'San Fernando']"
5,22,4,29.702325248994832,106.008269,"[11, 13, 32, 34, 40]","['González', 'Guerrero', 'Río Bravo', 'San Fernando', 'Victoria']"
5,22,5,16.62166718898823,218.757001,"[11, 21, 32, 34, 39]","['González', 'Matamoros', 'Río Bravo', 'San Fernando', 'Valle Hermoso']"
5,22,6,28.168142640762028,128.460678,"[7, 11, 23, 32, 34]","['Casas', 'González', 'Mier', 'Río Bravo', 'San Fernando']"
5,22,7,29.02191024088095,125.23272,"[11, 12, 23, 32, 34]","['González', 'Güémez', 'Mier', 'Río Bravo', 'San Fernando']"
5,22,8,22.884285306543312,150.277393,"[6, 21, 32, 34, 42]","['Camargo', 'Matamoros', 'Río Bravo', 'San Fernando', 'Xicoténcatl']"
5,22,9,29.569392829720854,122.698237,"[11, 23, 32, 34, 40]","['González', 'Mier', 'Río Bravo', 'San Fernando', 'Victoria']"
5,22,10,27.742051979345796,146.150389,"[6, 7, 11, 32, 34]","['Camargo', 'Casas', 'González', 'Río Bravo', 'San Fernando']"
5,23,1,19.509264540550127,159.121441,"[6, 11, 21, 32, 34]","['Camargo', 'González', 'Matamoros', 'Río Bravo', 'San Fernando']"
5,23,2,22.884285306543312,150.277393,"[6, 21, 32, 34, 42]","['Camargo', 'Matamoros', 'Río Bravo', 'San Fernando', 'Xicoténcatl']"
5,23,3,16.62166718898823,218.757001,"[11, 21, 32, 34, 39]","['González', 'Matamoros', 'Río Bravo', 'San Fernando', 'Valle Hermoso']"
5,23,4,17.352438277929657,197.327862,"[11, 21, 31, 32, 34]","['González', 'Matamoros', 'Reynosa', 'Río Bravo', 'San Fernando']"
5,23,5,29.702325248994832,106.008269,"[11, 13, 32, 34, 40]","['González', 'Guerrero', 'Río Bravo', 'San Fernando', 'Victoria']"
5,23,6,29.569392829720854,122.698237,"[11, 23, 32, 34, 40]","['González', 'Mier', 'Río Bravo', 'San Fernando', 'Victoria']"
5,23,7,29.02191024088095,125.23272,"[11, 12, 23, 32, 34]","['González', 'Güémez', 'Mier', 'Río Bravo', 'San Fernando']"
5,23,8,27.985636966192395,129.804564,"[7, 11, 24, 32, 34]","['Casas', 'González', 'Miguel Alemán', 'Río Bravo', 'San Fernando']"
5,23,9,28.168142640762028,128.460678,"[7, 11, 23, 32, 34]","['Casas', 'González', 'Mier', 'Río Bravo', 'San Fernando']"
5,23,10,27.742051979345796,146.150389,"[6, 7, 11, 32, 34]","['Camargo', 'Casas', 'González', 'Río Bravo', 'San Fernando']"
5,24,1,19.509264540550127,159.121441,"[6, 11, 21, 32, 34]","['Camargo', 'González', 'Matamoros', 'Río Bravo', 'San Fernando']"
5,24,2,17.352438277929657,197.327862,"[11, 21, 31, 32, 34]","['González', 'Matamoros', 'Reynosa', 'Río Bravo', 'San Fernando']"
5,24,3,16.62166718898823,218.757001,"[11, 21, 32, 34, 39]","['González', 'Matamoros', 'Río Bravo', 'San Fernando', 'Valle Hermoso']"
5,24,4,27.742051979345796,146.150389,"[6, 7, 11, 32, 34]","['Camargo', 'Casas', 'González', 'Río Bravo', 'San Fernando']"
5,24,5,29.02191024088095,125.23272,"[11, 12, 23, 32, 34]","['González', 'Güémez', 'Mier', 'Río Bravo', 'San Fernando']"
5,24,6,28.168142640762028,128.460678,"[7, 11, 23, 32, 34]","['Casas', 'González', 'Mier', 'Río Bravo', 'San Fernando']"
5,24,7,29.702325248994832,106.008269,"[11, 13, 32, 34, 40]","['González', 'Guerrero', 'Río Bravo', 'San Fernando', 'Victoria']"
5,24,8,27.985636966192395,129.804564,"[7, 11, 24, 32, 34]","['Casas', 'González', 'Miguel Alemán', 'Río Bravo', 'San Fernando']"
5,24,9,29.569392829720854,122.698237,"[11, 23, 32, 34, 40]","['González', 'Mier', 'Río Bravo', 'San Fernando', 'Victoria']"
5,24,10,22.884285306543312,150.277393,"[6, 21, 32, 34, 42]","['Camargo', 'Matamoros', 'Río Bravo', 'San Fernando', 'Xicoténcatl']"
5,25,1,19.509264540550127,159.121441,"[6, 11, 21, 32, 34]","['Camargo', 'González', 'Matamoros', 'Río Bravo', 'San Fernando']"
5,25,2,29.02191024088095,125.23272,"[11, 12, 23, 32, 34]","['González', 'Güémez', 'Mier', 'Río Bravo', 'San Fernando']"
5,25,3,22.884285306543312,150.277393,"[6, 21, 32, 34, 42]","['Camargo', 'Matamoros', 'Río Bravo', 'San Fernando', 'Xicoténcatl']"
5,25,4,17.352438277929657,197.327862,"[11, 21, 31, 32, 34]","['González', 'Matamoros', 'Reynosa', 'Río Bravo', 'San Fernando']"
5,25,5,16.62166718898823,218.757001,"[11, 21, 32, 34, 39]","['González', 'Matamoros', 'Río Bravo', 'San Fernando', 'Valle Hermoso']"
5,25,6,27.985636966192395,129.804564,"[7, 11, 24, 32, 34]","['Casas', 'González', 'Miguel Alemán', 'Río Bravo', 'San Fernando']"
5,25,7,29.702325248994832,106.008269,"[11, 13, 32, 34, 40]","['González', 'Guerrero', 'Río Bravo', 'San Fernando', 'Victoria']"
5,25,8,29.569392829720854,122.698237,"[11, 23, 32, 34, 40]","['González', 'Mier', 'Río Bravo', 'San Fernando', 'Victoria']"
5,25,9,28.168142640762028,128.460678,"[7, 11, 23, 32, 34]","['Casas', 'González', 'Mier', 'Río Bravo', 'San Fernando']"
5,25,10,27.742051979345796,146.150389,"[6, 7, 11, 32, 34]","['Camargo', 'Casas', 'González', 'Río Bravo', 'San Fernando']"
5,26,1,17.352438277929657,197.327862,"[11, 21, 31, 32, 34]","['González', 'Matamoros', 'Reynosa', 'Río Bravo', 'San Fernando']"
5,26,2,16.62166718898823,218.757001,"[11, 21, 32, 34, 39]","['González', 'Matamoros', 'Río Bravo', 'San Fernando', 'Valle Hermoso']"
5,26,3,19.509264540550127,159.121441,"[6, 11, 21, 32, 34]","['Camargo', 'González', 'Matamoros', 'Río Bravo', 'San Fernando']"
5,26,4,29.702325248994832,106.008269,"[11, 13, 32, 34, 40]","['González', 'Guerrero', 'Río Bravo', 'San Fernando', 'Victoria']"
5,26,5,28.168142640762028,128.460678,"[7, 11, 23, 32, 34]","['Casas', 'González', 'Mier', 'Río Bravo', 'San Fernando']"
5,26,6,27.985636966192395,129.804564,"[7, 11, 24, 32, 34]","['Casas', 'González', 'Miguel Alemán', 'Río Bravo', 'San Fernando']"
5,26,7,29.569392829720854,122.698237,"[11, 23, 32, 34, 40]","['González', 'Mier', 'Río Bravo', 'San Fernando', 'Victoria']"
5,26,8,29.02191024088095,125.23272,"[11, 12, 23, 32, 34]","['González', 'Güémez', 'Mier', 'Río Bravo', 'San Fernando']"
5,26,9,27.742051979345796,146.150389,"[6, 7, 11, 32, 34]","['Camargo', 'Casas', 'González', 'Río Bravo', 'San Fernando']"
5,26,10,22.884285306543312,150.277393,"[6, 21, 32, 34, 42]","['Camargo', 'Matamoros', 'Río Bravo', 'San Fernando', 'Xicoténcatl']"
5,27,1,28.168142640762028,128.460678,"[7, 11, 23, 32, 34]","['Casas', 'González', 'Mier', 'Río Bravo', 'San Fernando']"
5,27,2,19.509264540550127,159.121441,"[6, 11, 21, 32, 34]","['Camargo', 'González', 'Matamoros', 'Río Bravo', 'San Fernando']"
5,27,3,17.352438277929657,197.327862,"[11, 21, 31, 32, 34]","['González', 'Matamoros', 'Reynosa', 'Río Bravo', 'San Fernando']"
5,27,4,16.62166718898823,218.757001,"[11, 21, 32, 34, 39]","['González', 'Matamoros', 'Río Bravo', 'San Fernando', 'Valle Hermoso']"
5,27,5,22.884285306543312,150.277393,"[6, 21, 32, 34, 42]","['Camargo', 'Matamoros', 'Río Bravo', 'San Fernando', 'Xicoténcatl']"
5,27,6,27.742051979345796,146.150389,"[6, 7, 11, 32, 34]","['Camargo', 'Casas', 'González', 'Río Bravo', 'San Fernando']"
5,27,7,29.02191024088095,125.23272,"[11, 12, 23, 32, 34]","['González', 'Güémez', 'Mier', 'Río Bravo', 'San Fernando']"
5,27,8,29.702325248994832,106.008269,"[11, 13, 32, 34, 40]","['González', 'Guerrero', 'Río Bravo', 'San Fernando', 'Victoria']"
5,27,9,29.569392829720854,122.698237,"[11, 23, 32, 34, 40]","['González', 'Mier', 'Río Bravo', 'San Fernando', 'Victoria']"
5,27,10,27.985636966192395,129.804564,"[7, 11, 24, 32, 34]","['Casas', 'González', 'Miguel Alemán', 'Río Bravo', 'San Fernando']"
5,28,1,16.62166718898823,218.757001,"[11, 21, 32, 34, 39]","['González', 'Matamoros', 'Río Bravo', 'San Fernando', 'Valle Hermoso']"
5,28,2,29.569392829720854,122.698237,"[11, 23, 32, 34, 40]","['González', 'Mier', 'Río Bravo', 'San Fernando', 'Victoria']"
5,28,3,17.352438277929657,197.327862,"[11, 21, 31, 32, 34]","['González', 'Matamoros', 'Reynosa', 'Río Bravo', 'San Fernando']"
5,28,4,29.02191024088095,125.23272,"[11, 12, 23, 32, 34]","['González', 'Güémez', 'Mier', 'Río Bravo', 'San Fernando']"
5,28,5,19.509264540550127,159.121441,"[6, 11, 21, 32, 34]","['Camargo', 'González', 'Matamoros', 'Río Bravo', 'San Fernando']"
5,28,6,22.884285306543312,150.277393,"[6, 21, 32, 34, 42]","['Camargo', 'Matamoros', 'Río Bravo', 'San Fernando', 'Xicoténcatl']"
5,28,7,29.702325248994832,106.008269,"[11, 13, 32, 34, 40]","['González', 'Guerrero', 'Río Bravo', 'San Fernando', 'Victoria']"
5,28,8,27.985636966192395,129.804564,"[7, 11, 24, 32, 34]","['Casas', 'González', 'Miguel Alemán', 'Río Bravo', 'San Fernando']"
5,28,9,28.168142640762028,128.460678,"[7, 11, 23, 32, 34]","['Casas', 'González', 'Mier', 'Río Bravo', 'San Fernando']"
5,28,10,27.742051979345796,146.150389,"[6, 7, 11, 32, 34]","['Camargo', 'Casas', 'González', 'Río Bravo', 'San Fernando']"
5,29,1,27.742051979345796,146.150389,"[6, 7, 11, 32, 34]","['Camargo', 'Casas', 'González', 'Río Bravo', 'San Fernando']"
5,29,2,29.702325248994832,106.008269,"[11, 13, 32, 34, 40]","['González', 'Guerrero', 'Río Bravo', 'San Fernando', 'Victoria']"
5,29,3,19.509264540550127,159.121441,"[6, 11, 21, 32, 34]","['Camargo', 'González', 'Matamoros', 'Río Bravo', 'San Fernando']"
5,29,4,16.62166718898823,218.757001,"[11, 21, 32, 34, 39]","['González', 'Matamoros', 'Río Bravo', 'San Fernando', 'Valle Hermoso']"
5,29,5,17.352438277929657,197.327862,"[11, 21, 31, 32, 34]","['González', 'Matamoros', 'Reynosa', 'Río Bravo', 'San Fernando']"
5,29,6,29.569392829720854,122.698237,"[11, 23, 32, 34, 40]","['González', 'Mier', 'Río Bravo', 'San Fernando', 'Victoria']"
5,29,7,29.02191024088095,125.23272,"[11, 12, 23, 32, 34]","['González', 'Güémez', 'Mier', 'Río Bravo', 'San Fernando']"
5,29,8,27.985636966192395,129.804564,"[7, 11, 24, 32, 34]","['Casas', 'González', 'Miguel Alemán', 'Río Bravo', 'San Fernando']"
5,29,9,28.168142640762028,128.460678,"[7, 11, 23, 32, 34]","['Casas', 'González', 'Mier', 'Río Bravo', 'San Fernando']"
5,29,10,22.884285306543312,150.277393,"[6, 21, 32, 34, 42]","['Camargo', 'Matamoros', 'Río Bravo', 'San Fernando', 'Xicoténcatl']"
7,0,1,13.0821650572063,125.23272,"[11, 12, 21, 23, 32, 34, 39]","['González', 'Güémez', 'Matamoros', 'Mier', 'Río Bravo', 'San Fernando', 'Valle Hermoso']"
7,0,2,9.639804742129789,218.757001,"[7, 11, 21, 22, 32, 34, 39]","['Casas', 'González', 'Matamoros', 'Méndez', 'Río Bravo', 'San Fernando', 'Valle Hermoso']"
7,0,3,13.762580065320183,106.008269,"[11, 13, 21, 32, 34, 39, 40]","['González', 'Guerrero', 'Matamoros', 'Río Bravo', 'San Fernando', 'Valle Hermoso', 'Victoria']"
7,0,4,17.069218781235904,103.28924,"[6, 11, 21, 26, 32, 34, 40]","['Camargo', 'González', 'Matamoros', 'Nuevo Laredo', 'Río Bravo', 'San Fernando', 'Victoria']"
7,0,5,9.64548053305068,197.327862,"[7, 11, 21, 31, 32, 34, 39]","['Casas', 'González', 'Matamoros', 'Reynosa', 'Río Bravo', 'San Fernando', 'Valle Hermoso']"
7,0,6,12.228397457087373,128.460678,"[7, 11, 21, 23, 32, 34, 39]","['Casas', 'González', 'Matamoros', 'Mier', 'Río Bravo', 'San Fernando', 'Valle Hermoso']"
7,0,7,13.629647646046207,122.698237,"[11, 21, 23, 32, 34, 39, 40]","['González', 'Matamoros', 'Mier', 'Río Bravo', 'San Fernando', 'Valle Hermoso', 'Victoria']"
7,0,8,11.802306795671146,146.150389,"[6, 7, 11, 21, 32, 34, 39]","['Camargo', 'Casas', 'González', 'Matamoros', 'Río Bravo', 'San Fernando', 'Valle Hermoso']"
7,0,9,12.045891782517742,129.804564,"[7, 11, 21, 24, 32, 34, 39]","['Casas', 'González', 'Matamoros', 'Miguel Alemán', 'Río Bravo', 'San Fernando', 'Valle Hermoso']"
7,0,10,27.043796983190045,99.762503,"[4, 6, 11, 21, 26, 32, 40]","['Burgos', 'Camargo', 'González', 'Matamoros', 'Nuevo Laredo', 'Río Bravo', 'Victoria']"
7,0,11,27.985130795785803,91.820321,"[11, 14, 18, 21, 26, 29, 34]","['González', 'Gustavo Díaz Ordaz', 'Llera', 'Matamoros', 'Nuevo Laredo', 'Padilla', 'San Fernando']"
7,0,12,39.24114968378519,89.54682,"[7, 11, 14, 18, 21, 26, 35]","['Casas', 'González', 'Gustavo Díaz Ordaz', 'Llera', 'Matamoros', 'Nuevo Laredo', 'San Nicolás']"
7,1,1,13.629647646046207,122.698237,"[11, 21, 23, 32, 34, 39, 40]","['González', 'Matamoros', 'Mier', 'Río Bravo', 'San Fernando', 'Valle Hermoso', 'Victoria']"
7,1,2,13.762580065320183,106.008269,"[11, 13, 21, 32, 34, 39, 40]","['González', 'Guerrero', 'Matamoros', 'Río Bravo', 'San Fernando', 'Valle Hermoso', 'Victoria']"
7,1,3,13.0821650572063,125.23272,"[11, 12, 21, 23, 32, 34, 39]","['González', 'Güémez', 'Matamoros', 'Mier', 'Río Bravo', 'San Fernando', 'Valle Hermoso']"
7,1,4,12.228397457087373,128.460678,"[7, 11, 21, 23, 32, 34, 39]","['Casas', 'González', 'Matamoros', 'Mier', 'Río Bravo', 'San Fernando', 'Valle Hermoso']"
7,1,5,11.802306795671146,146.150389,"[6, 7, 11, 21, 32, 34, 39]","['Camargo', 'Casas', 'González', 'Matamoros', 'Río Bravo', 'San Fernando', 'Valle Hermoso']"
7,1,6,9.64548053305068,197.327862,"[7, 11, 21, 31, 32, 34, 39]","['Casas', 'González', 'Matamoros', 'Reynosa', 'Río Bravo', 'San Fernando', 'Valle Hermoso']"
7,1,7,12.045891782517742,129.804564,"[7, 11, 21, 24, 32, 34, 39]","['Casas', 'González', 'Matamoros', 'Miguel Alemán', 'Río Bravo', 'San Fernando', 'Valle Hermoso']"
7,1,8,9.639804742129789,218.757001,"[7, 11, 21, 22, 32, 34, 39]","['Casas', 'González', 'Matamoros', 'Méndez', 'Río Bravo', 'San Fernando', 'Valle Hermoso']"
7,1,9,17.069218781235904,103.28924,"[6, 11, 21, 26, 32, 34, 40]","['Camargo', 'González', 'Matamoros', 'Nuevo Laredo', 'Río Bravo', 'San Fernando', 'Victoria']"
7,1,10,27.043796983190045,99.762503,"[4, 6, 11, 21, 26, 32, 40]","['Burgos', 'Camargo', 'González', 'Matamoros', 'Nuevo Laredo', 'Río Bravo', 'Victoria']"
7,1,11,27.985130795785803,91.820321,"[11, 14, 18, 21, 26, 29, 34]","['González', 'Gustavo Díaz Ordaz', 'Llera', 'Matamoros', 'Nuevo Laredo', 'Padilla', 'San Fernando']"
7,1,12,39.24114968378519,89.54682,"[7, 11, 14, 18, 21, 26, 35]","['Casas', 'González', 'Gustavo Díaz Ordaz', 'Llera', 'Matamoros', 'Nuevo Laredo', 'San Nicolás']"
7,2,1,9.64548053305068,197.327862,"[7, 11, 21, 31, 32, 34, 39]","['Casas', 'González', 'Matamoros', 'Reynosa', 'Río Bravo', 'San Fernando', 'Valle Hermoso']"
7,2,2,11.802306795671146,146.150389,"[6, 7, 11, 21, 32, 34, 39]","['Camargo', 'Casas', 'González', 'Matamoros', 'Río Bravo', 'San Fernando', 'Valle Hermoso']"
7,2,3,13.762580065320183,106.008269,"[11, 13, 21, 32, 34, 39, 40]","['González', 'Guerrero', 'Matamoros', 'Río Bravo', 'San Fernando', 'Valle Hermoso', 'Victoria']"
7,2,4,9.639804742129789,218.757001,"[7, 11, 21, 22, 32, 34, 39]","['Casas', 'González', 'Matamoros', 'Méndez', 'Río Bravo', 'San Fernando', 'Valle Hermoso']"
7,2,5,17.069218781235904,103.28924,"[6, 11, 21, 26, 32, 34, 40]","['Camargo', 'González', 'Matamoros', 'Nuevo Laredo', 'Río Bravo', 'San Fernando', 'Victoria']"
7,2,6,12.228397457087373,128.460678,"[7, 11, 21, 23, 32, 34, 39]","['Casas', 'González', 'Matamoros', 'Mier', 'Río Bravo', 'San Fernando', 'Valle Hermoso']"
7,2,7,13.629647646046207,122.698237,"[11, 21, 23, 32, 34, 39, 40]","['González', 'Matamoros', 'Mier', 'Río Bravo', 'San Fernando', 'Valle Hermoso', 'Victoria']"
7,2,8,12.045891782517742,129.804564,"[7, 11, 21, 24, 32, 34, 39]","['Casas', 'González', 'Matamoros', 'Miguel Alemán', 'Río Bravo', 'San Fernando', 'Valle Hermoso']"
7,2,9,13.0821650572063,125.23272,"[11, 12, 21, 23, 32, 34, 39]","['González', 'Güémez', 'Matamoros', 'Mier', 'Río Bravo', 'San Fernando', 'Valle Hermoso']"
7,2,10,39.24114968378519,89.54682,"[7, 11, 14, 18, 21, 26, 35]","['Casas', 'González', 'Gustavo Díaz Ordaz', 'Llera', 'Matamoros', 'Nuevo Laredo', 'San Nicolás']"
7,2,11,27.985130795785803,91.820321,"[11, 14, 18, 21, 26, 29, 34]","['González', 'Gustavo Díaz Ordaz', 'Llera', 'Matamoros', 'Nuevo Laredo', 'Padilla', 'San Fernando']"
7,2,12,27.043796983190045,99.762503,"[4, 6, 11, 21, 26, 32, 40]","['Burgos', 'Camargo', 'González', 'Matamoros', 'Nuevo Laredo', 'Río Bravo', 'Victoria']"
7,3,1,13.629647646046207,122.698237,"[11, 21, 23, 32, 34, 39, 40]","['González', 'Matamoros', 'Mier', 'Río Bravo', 'San Fernando', 'Valle Hermoso', 'Victoria']"
7,3,2,9.64548053305068,197.327862,"[7, 11, 21, 31, 32, 34, 39]","['Casas', 'González', 'Matamoros', 'Reynosa', 'Río Bravo', 'San Fernando', 'Valle Hermoso']"
7,3,3,13.762580065320183,106.008269,"[11, 13, 21, 32, 34, 39, 40]","['González', 'Guerrero', 'Matamoros', 'Río Bravo', 'San Fernando', 'Valle Hermoso', 'Victoria']"
7,3,4,9.639804742129789,218.757001,"[7, 11, 21, 22, 32, 34, 39]","['Casas', 'González', 'Matamoros', 'Méndez', 'Río Bravo', 'San Fernando', 'Valle Hermoso']"
7,3,5,11.802306795671146,146.150389,"[6, 7, 11, 21, 32, 34, 39]","['Camargo', 'Casas', 'González', 'Matamoros', 'Río Bravo', 'San Fernando', 'Valle Hermoso']"
7,3,6,13.0821650572063,125.23272,"[11, 12, 21, 23, 32, 34, 39]","['González', 'Güémez', 'Matamoros', 'Mier', 'Río Bravo', 'San Fernando', 'Valle Hermoso']"
7,3,7,12.228397457087373,128.460678,"[7, 11, 21, 23, 32, 34, 39]","['Casas', 'González', 'Matamoros', 'Mier', 'Río Bravo', 'San Fernando', 'Valle Hermoso']"
7,3,8,17.069218781235904,103.28924,"[6, 11, 21, 26, 32, 34, 40]","['Camargo', 'González', 'Matamoros', 'Nuevo Laredo', 'Río Bravo', 'San Fernando', 'Victoria']"
7,3,9,12.045891782517742,129.804564,"[7, 11, 21, 24, 32, 34, 39]","['Casas', 'González', 'Matamoros', 'Miguel Alemán', 'Río Bravo', 'San Fernando', 'Valle Hermoso']"
7,3,10,27.043796983190045,99.762503,"[4, 6, 11, 21, 26, 32, 40]","['Burgos', 'Camargo', 'González', 'Matamoros', 'Nuevo Laredo', 'Río Bravo', 'Victoria']"
7,3,11,42.87088498538146,89.54682,"[7, 11, 14, 18, 26, 32, 33]","['Casas', 'González', 'Gustavo Díaz Ordaz', 'Llera', 'Nuevo Laredo', 'Río Bravo', 'San Carlos']"
7,3,12,28.084624843001357,91.820321,"[6, 11, 18, 26, 29, 32, 34]","['Camargo', 'González', 'Llera', 'Nuevo Laredo', 'Padilla', 'Río Bravo', 'San Fernando']"
7,4,1,9.64548053305068,197.327862,"[7, 11, 21, 31, 32, 34, 39]","['Casas', 'González', 'Matamoros', 'Reynosa', 'Río Bravo', 'San Fernando', 'Valle Hermoso']"
7,4,2,13.762580065320183,106.008269,"[11, 13, 21, 32, 34, 39, 40]","['González', 'Guerrero', 'Matamoros', 'Río Bravo', 'San Fernando', 'Valle Hermoso', 'Victoria']"
7,4,3,13.0821650572063,125.23272,"[11, 12, 21, 23, 32, 34, 39]","['González', 'Güémez', 'Matamoros', 'Mier', 'Río Bravo', 'San Fernando', 'Valle Hermoso']"
7,4,4,12.045891782517742,129.804564,"[7, 11, 21, 24, 32, 34, 39]","['Casas', 'González', 'Matamoros', 'Miguel Alemán', 'Río Bravo', 'San Fernando', 'Valle Hermoso']"
7,4,5,12.228397457087373,128.460678,"[7, 11, 21, 23, 32, 34, 39]","['Casas', 'González', 'Matamoros', 'Mier', 'Río Bravo', 'San Fernando', 'Valle Hermoso']"
7,4,6,13.629647646046207,122.698237,"[11, 21, 23, 32, 34, 39, 40]","['González', 'Matamoros', 'Mier', 'Río Bravo', 'San Fernando', 'Valle Hermoso', 'Victoria']"
7,4,7,11.802306795671146,146.150389,"[6, 7, 11, 21, 32, 34, 39]","['Camargo', 'Casas', 'González', 'Matamoros', 'Río Bravo', 'San Fernando', 'Valle Hermoso']"
7,4,8,9.639804742129789,218.757001,"[7, 11, 21, 22, 32, 34, 39]","['Casas', 'González', 'Matamoros', 'Méndez', 'Río Bravo', 'San Fernando', 'Valle Hermoso']"
7,4,9,17.069218781235904,103.28924,"[6, 11, 21, 26, 32, 34, 40]","['Camargo', 'González', 'Matamoros', 'Nuevo Laredo', 'Río Bravo', 'San Fernando', 'Victoria']"
7,4,10,27.985130795785803,91.820321,"[11, 14, 18, 21, 26, 29, 34]","['González', 'Gustavo Díaz Ordaz', 'Llera', 'Matamoros', 'Nuevo Laredo', 'Padilla', 'San Fernando']"
7,4,11,27.043796983190045,99.762503,"[4, 6, 11, 21, 26, 32, 40]","['Burgos', 'Camargo', 'González', 'Matamoros', 'Nuevo Laredo', 'Río Bravo', 'Victoria']"
7,4,12,39.597805491816345,89.54682,"[0, 11, 14, 18, 21, 26, 35]","['Abasolo', 'González', 'Gustavo Díaz Ordaz', 'Llera', 'Matamoros', 'Nuevo Laredo', 'San Nicolás']"
7,5,1,9.64548053305068,197.327862,"[7, 11, 21, 31, 32, 34, 39]","['Casas', 'González', 'Matamoros', 'Reynosa', 'Río Bravo', 'San Fernando', 'Valle Hermoso']"
7,5,2,11.802306795671146,146.150389,"[6, 7, 11, 21, 32, 34, 39]","['Camargo', 'Casas', 'González', 'Matamoros', 'Río Bravo', 'San Fernando', 'Valle Hermoso']"
7,5,3,13.762580065320183,106.008269,"[11, 13, 21, 32, 34, 39, 40]","['González', 'Guerrero', 'Matamoros', 'Río Bravo', 'San Fernando', 'Valle Hermoso', 'Victoria']"
7,5,4,9.639804742129789,218.757001,"[7, 11, 21, 22, 32, 34, 39]","['Casas', 'González', 'Matamoros', 'Méndez', 'Río Bravo', 'San Fernando', 'Valle Hermoso']"
7,5,5,12.228397457087373,128.460678,"[7, 11, 21, 23, 32, 34, 39]","['Casas', 'González', 'Matamoros', 'Mier', 'Río Bravo', 'San Fernando', 'Valle Hermoso']"
7,5,6,13.629647646046207,122.698237,"[11, 21, 23, 32, 34, 39, 40]","['González', 'Matamoros', 'Mier', 'Río Bravo', 'San Fernando', 'Valle Hermoso', 'Victoria']"
7,5,7,17.069218781235904,103.28924,"[6, 11, 21, 26, 32, 34, 40]","['Camargo', 'González', 'Matamoros', 'Nuevo Laredo', 'Río Bravo', 'San Fernando', 'Victoria']"
7,5,8,12.045891782517742,129.804564,"[7, 11, 21, 24, 32, 34, 39]","['Casas', 'González', 'Matamoros', 'Miguel Alemán', 'Río Bravo', 'San Fernando', 'Valle Hermoso']"
7,5,9,13.0821650572063,125.23272,"[11, 12, 21, 23, 32, 34, 39]","['González', 'Güémez', 'Matamoros', 'Mier', 'Río Bravo', 'San Fernando', 'Valle Hermoso']"
7,5,10,27.043796983190045,99.762503,"[4, 6, 11, 21, 26, 32, 40]","['Burgos', 'Camargo', 'González', 'Matamoros', 'Nuevo Laredo', 'Río Bravo', 'Victoria']"
7,5,11,27.985130795785803,91.820321,"[11, 14, 18, 21, 26, 29, 34]","['González', 'Gustavo Díaz Ordaz', 'Llera', 'Matamoros', 'Nuevo Laredo', 'Padilla', 'San Fernando']"
7,6,1,13.0821650572063,125.23272,"[11, 12, 21, 23, 32, 34, 39]","['González', 'Güémez', 'Matamoros', 'Mier', 'Río Bravo', 'San Fernando', 'Valle Hermoso']"
7,6,2,9.639804742129789,218.757001,"[7, 11, 21, 22, 32, 34, 39]","['Casas', 'González', 'Matamoros', 'Méndez', 'Río Bravo', 'San Fernando', 'Valle Hermoso']"
7,6,3,13.762580065320183,106.008269,"[11, 13, 21, 32, 34, 39, 40]","['González', 'Guerrero', 'Matamoros', 'Río Bravo', 'San Fernando', 'Valle Hermoso', 'Victoria']"
7,6,4,13.629647646046207,122.698237,"[11, 21, 23, 32, 34, 39, 40]","['González', 'Matamoros', 'Mier', 'Río Bravo', 'San Fernando', 'Valle Hermoso', 'Victoria']"
7,6,5,17.069218781235904,103.28924,"[6, 11, 21, 26, 32, 34, 40]","['Camargo', 'González', 'Matamoros', 'Nuevo Laredo', 'Río Bravo', 'San Fernando', 'Victoria']"
7,6,6,9.64548053305068,197.327862,"[7, 11, 21, 31, 32, 34, 39]","['Casas', 'González', 'Matamoros', 'Reynosa', 'Río Bravo', 'San Fernando', 'Valle Hermoso']"
7,6,7,11.802306795671146,146.150389,"[6, 7, 11, 21, 32, 34, 39]","['Camargo', 'Casas', 'González', 'Matamoros', 'Río Bravo', 'San Fernando', 'Valle Hermoso']"
7,6,8,12.228397457087373,128.460678,"[7, 11, 21, 23, 32, 34, 39]","['Casas', 'González', 'Matamoros', 'Mier', 'Río Bravo', 'San Fernando', 'Valle Hermoso']"
7,6,9,12.045891782517742,129.804564,"[7, 11, 21, 24, 32, 34, 39]","['Casas', 'González', 'Matamoros', 'Miguel Alemán', 'Río Bravo', 'San Fernando', 'Valle Hermoso']"
7,6,10,27.985130795785803,91.820321,"[11, 14, 18, 21, 26, 29, 34]","['González', 'Gustavo Díaz Ordaz', 'Llera', 'Matamoros', 'Nuevo Laredo', 'Padilla', 'San Fernando']"
7,6,11,42.260929560807384,89.54682,"[11, 14, 17, 18, 21, 26, 33]","['González', 'Gustavo Díaz Ordaz', 'Jiménez', 'Llera', 'Matamoros', 'Nuevo Laredo', 'San Carlos']"
7,6,12,27.043796983190045,99.762503,"[4, 6, 11, 21, 26, 32, 40]","['Burgos', 'Camargo', 'González', 'Matamoros', 'Nuevo Laredo', 'Río Bravo', 'Victoria']"
7,7,1,13.762580065320183,106.008269,"[11, 13, 21, 32, 34, 39, 40]","['González', 'Guerrero', 'Matamoros', 'Río Bravo', 'San Fernando', 'Valle Hermoso', 'Victoria']"
7,7,2,9.64548053305068,197.327862,"[7, 11, 21, 31, 32, 34, 39]","['Casas', 'González', 'Matamoros', 'Reynosa', 'Río Bravo', 'San Fernando', 'Valle Hermoso']"
7,7,3,11.802306795671146,146.150389,"[6, 7, 11, 21, 32, 34, 39]","['Camargo', 'Casas', 'González', 'Matamoros', 'Río Bravo', 'San Fernando', 'Valle Hermoso']"
7,7,4,12.228397457087373,128.460678,"[7, 11, 21, 23, 32, 34, 39]","['Casas', 'González', 'Matamoros', 'Mier', 'Río Bravo', 'San Fernando', 'Valle Hermoso']"
7,7,5,9.639804742129789,218.757001,"[7, 11, 21, 22, 32, 34, 39]","['Casas', 'González', 'Matamoros', 'Méndez', 'Río Bravo', 'San Fernando', 'Valle Hermoso']"
7,7,6,13.629647646046207,122.698237,"[11, 21, 23, 32, 34, 39, 40]","['González', 'Matamoros', 'Mier', 'Río Bravo', 'San Fernando', 'Valle Hermoso', 'Victoria']"
7,7,7,27.985130795785803,91.820321,"[11, 14, 18, 21, 26, 29, 34]","['González', 'Gustavo Díaz Ordaz', 'Llera', 'Matamoros', 'Nuevo Laredo', 'Padilla', 'San Fernando']"
7,7,8,17.069218781235904,103.28924,"[6, 11, 21, 26, 32, 34, 40]","['Camargo', 'González', 'Matamoros', 'Nuevo Laredo', 'Río Bravo', 'San Fernando', 'Victoria']"
7,7,9,12.045891782517742,129.804564,"[7, 11, 21, 24, 32, 34, 39]","['Casas', 'González', 'Matamoros', 'Miguel Alemán', 'Río Bravo', 'San Fernando', 'Valle Hermoso']"
7,7,10,39.24114968378519,89.54682,"[7, 11, 14, 18, 21, 26, 35]","['Casas', 'González', 'Gustavo Díaz Ordaz', 'Llera', 'Matamoros', 'Nuevo Laredo', 'San Nicolás']"
7,7,11,39.71270542777044,81.482774,"[1, 7, 14, 21, 26, 35, 38]","['Aldama', 'Casas', 'Gustavo Díaz Ordaz', 'Matamoros', 'Nuevo Laredo', 'San Nicolás', 'Tula']"
7,7,12,13.0821650572063,125.23272,"[11, 12, 21, 23, 32, 34, 39]","['González', 'Güémez', 'Matamoros', 'Mier', 'Río Bravo', 'San Fernando', 'Valle Hermoso']"
7,7,13,27.043796983190045,99.762503,"[4, 6, 11, 21, 26, 32, 40]","['Burgos', 'Camargo', 'González', 'Matamoros', 'Nuevo Laredo', 'Río Bravo', 'Victoria']"
7,8,1,13.0821650572063,125.23272,"[11, 12, 21, 23, 32, 34, 39]","['González', 'Güémez', 'Matamoros', 'Mier', 'Río Bravo', 'San Fernando', 'Valle Hermoso']"
7,8,2,17.069218781235904,103.28924,"[6, 11, 21, 26, 32, 34, 40]","['Camargo', 'González', 'Matamoros', 'Nuevo Laredo', 'Río Bravo', 'San Fernando', 'Victoria']"
7,8,3,9.64548053305068,197.327862,"[7, 11, 21, 31, 32, 34, 39]","['Casas', 'González', 'Matamoros', 'Reynosa', 'Río Bravo', 'San Fernando', 'Valle Hermoso']"
7,8,4,27.043796983190045,99.762503,"[4, 6, 11, 21, 26, 32, 40]","['Burgos', 'Camargo', 'González', 'Matamoros', 'Nuevo Laredo', 'Río Bravo', 'Victoria']"
7,8,5,13.629647646046207,122.698237,"[11, 21, 23, 32, 34, 39, 40]","['González', 'Matamoros', 'Mier', 'Río Bravo', 'San Fernando', 'Valle Hermoso', 'Victoria']"
7,8,6,9.639804742129789,218.757001,"[7, 11, 21, 22, 32, 34, 39]","['Casas', 'González', 'Matamoros', 'Méndez', 'Río Bravo', 'San Fernando', 'Valle Hermoso']"
7,8,7,11.802306795671146,146.150389,"[6, 7, 11, 21, 32, 34, 39]","['Camargo', 'Casas', 'González', 'Matamoros', 'Río Bravo', 'San Fernando', 'Valle Hermoso']"
7,8,8,13.762580065320183,106.008269,"[11, 13, 21, 32, 34, 39, 40]","['González', 'Guerrero', 'Matamoros', 'Río Bravo', 'San Fernando', 'Valle Hermoso', 'Victoria']"
7,8,9,12.045891782517742,129.804564,"[7, 11, 21, 24, 32, 34, 39]","['Casas', 'González', 'Matamoros', 'Miguel Alemán', 'Río Bravo', 'San Fernando', 'Valle Hermoso']"
7,8,10,12.228397457087373,128.460678,"[7, 11, 21, 23, 32, 34, 39]","['Casas', 'González', 'Matamoros', 'Mier', 'Río Bravo', 'San Fernando', 'Valle Hermoso']"
7,8,11,27.985130795785803,91.820321,"[11, 14, 18, 21, 26, 29, 34]","['González', 'Gustavo Díaz Ordaz', 'Llera', 'Matamoros', 'Nuevo Laredo', 'Padilla', 'San Fernando']"
7,8,12,39.24114968378519,89.54682,"[7, 11, 14, 18, 21, 26, 35]","['Casas', 'González', 'Gustavo Díaz Ordaz', 'Llera', 'Matamoros', 'Nuevo Laredo', 'San Nicolás']"
7,9,1,13.629647646046207,122.698237,"[11, 21, 23, 32, 34, 39, 40]","['González', 'Matamoros', 'Mier', 'Río Bravo', 'San Fernando', 'Valle Hermoso', 'Victoria']"
7,9,2,13.762580065320183,106.008269,"[11, 13, 21, 32, 34, 39, 40]","['González', 'Guerrero', 'Matamoros', 'Río Bravo', 'San Fernando', 'Valle Hermoso', 'Victoria']"
7,9,3,13.0821650572063,125.23272,"[11, 12, 21, 23, 32, 34, 39]","['González', 'Güémez', 'Matamoros', 'Mier', 'Río Bravo', 'San Fernando', 'Valle Hermoso']"
7,9,4,9.64548053305068,197.327862,"[7, 11, 21, 31, 32, 34, 39]","['Casas', 'González', 'Matamoros', 'Reynosa', 'Río Bravo', 'San Fernando', 'Valle Hermoso']"
7,9,5,12.045891782517742,129.804564,"[7, 11, 21, 24, 32, 34, 39]","['Casas', 'González', 'Matamoros', 'Miguel Alemán', 'Río Bravo', 'San Fernando', 'Valle Hermoso']"
7,9,6,9.639804742129789,218.757001,"[7, 11, 21, 22, 32, 34, 39]","['Casas', 'González', 'Matamoros', 'Méndez', 'Río Bravo', 'San Fernando', 'Valle Hermoso']"
7,9,7,12.228397457087373,128.460678,"[7, 11, 21, 23, 32, 34, 39]","['Casas', 'González', 'Matamoros', 'Mier', 'Río Bravo', 'San Fernando', 'Valle Hermoso']"
7,9,8,11.802306795671146,146.150389,"[6, 7, 11, 21, 32, 34, 39]","['Camargo', 'Casas', 'González', 'Matamoros', 'Río Bravo', 'San Fernando', 'Valle Hermoso']"
7,9,9,17.069218781235904,103.28924,"[6, 11, 21, 26, 32, 34, 40]","['Camargo', 'González', 'Matamoros', 'Nuevo Laredo', 'Río Bravo', 'San Fernando', 'Victoria']"
7,9,10,27.985130795785803,91.820321,"[11, 14, 18, 21, 26, 29, 34]","['González', 'Gustavo Díaz Ordaz', 'Llera', 'Matamoros', 'Nuevo Laredo', 'Padilla', 'San Fernando']"
7,9,11,27.043796983190045,99.762503,"[4, 6, 11, 21, 26, 32, 40]","['Burgos', 'Camargo', 'González', 'Matamoros', 'Nuevo Laredo', 'Río Bravo', 'Victoria']"
7,10,1,13.762580065320183,106.008269,"[11, 13, 21, 32, 34, 39, 40]","['González', 'Guerrero', 'Matamoros', 'Río Bravo', 'San Fernando', 'Valle Hermoso', 'Victoria']"
7,10,2,11.802306795671146,146.150389,"[6, 7, 11, 21, 32, 34, 39]","['Camargo', 'Casas', 'González', 'Matamoros', 'Río Bravo', 'San Fernando', 'Valle Hermoso']"
7,10,3,9.639804742129789,218.757001,"[7, 11, 21, 22, 32, 34, 39]","['Casas', 'González', 'Matamoros', 'Méndez', 'Río Bravo', 'San Fernando', 'Valle Hermoso']"
7,10,4,12.228397457087373,128.460678,"[7, 11, 21, 23, 32, 34, 39]","['Casas', 'González', 'Matamoros', 'Mier', 'Río Bravo', 'San Fernando', 'Valle Hermoso']"
7,10,5,13.629647646046207,122.698237,"[11, 21, 23, 32, 34, 39, 40]","['González', 'Matamoros', 'Mier', 'Río Bravo', 'San Fernando', 'Valle Hermoso', 'Victoria']"
7,10,6,17.069218781235904,103.28924,"[6, 11, 21, 26, 32, 34, 40]","['Camargo', 'González', 'Matamoros', 'Nuevo Laredo', 'Río Bravo', 'San Fernando', 'Victoria']"
7,10,7,9.64548053305068,197.327862,"[7, 11, 21, 31, 32, 34, 39]","['Casas', 'González', 'Matamoros', 'Reynosa', 'Río Bravo', 'San Fernando', 'Valle Hermoso']"
7,10,8,13.0821650572063,125.23272,"[11, 12, 21, 23, 32, 34, 39]","['González', 'Güémez', 'Matamoros', 'Mier', 'Río Bravo', 'San Fernando', 'Valle Hermoso']"
7,10,9,39.24114968378519,89.54682,"[7, 11, 14, 18, 21, 26, 35]","['Casas', 'González', 'Gustavo Díaz Ordaz', 'Llera', 'Matamoros', 'Nuevo Laredo', 'San Nicolás']"
7,10,10,27.985130795785803,91.820321,"[11, 14, 18, 21, 26, 29, 34]","['González', 'Gustavo Díaz Ordaz', 'Llera', 'Matamoros', 'Nuevo Laredo', 'Padilla', 'San Fernando']"
7,10,11,12.045891782517742,129.804564,"[7, 11, 21, 24, 32, 34, 39]","['Casas', 'González', 'Matamoros', 'Miguel Alemán', 'Río Bravo', 'San Fernando', 'Valle Hermoso']"
7,10,12,39.71270542777044,81.482774,"[1, 7, 14, 21, 26, 35, 38]","['Aldama', 'Casas', 'Gustavo Díaz Ordaz', 'Matamoros', 'Nuevo Laredo', 'San Nicolás', 'Tula']"
7,10,13,27.043796983190045,99.762503,"[4, 6, 11, 21, 26, 32, 40]","['Burgos', 'Camargo', 'González', 'Matamoros', 'Nuevo Laredo', 'Río Bravo', 'Victoria']"
7,11,1,12.045891782517742,129.804564,"[7, 11, 21, 24, 32, 34, 39]","['Casas', 'González', 'Matamoros', 'Miguel Alemán', 'Río Bravo', 'San Fernando', 'Valle Hermoso']"
7,11,2,13.762580065320183,106.008269,"[11, 13, 21, 32, 34, 39, 40]","['González', 'Guerrero', 'Matamoros', 'Río Bravo', 'San Fernando', 'Valle Hermoso', 'Victoria']"
7,11,3,9.64548053305068,197.327862,"[7, 11, 21, 31, 32, 34, 39]","['Casas', 'González', 'Matamoros', 'Reynosa', 'Río Bravo', 'San Fernando', 'Valle Hermoso']"
7,11,4,13.629647646046207,122.698237,"[11, 21, 23, 32, 34, 39, 40]","['González', 'Matamoros', 'Mier', 'Río Bravo', 'San Fernando', 'Valle Hermoso', 'Victoria']"
7,11,5,17.069218781235904,103.28924,"[6, 11, 21, 26, 32, 34, 40]","['Camargo', 'González', 'Matamoros', 'Nuevo Laredo', 'Río Bravo', 'San Fernando', 'Victoria']"
7,11,6,9.639804742129789,218.757001,"[7, 11, 21, 22, 32, 34, 39]","['Casas', 'González', 'Matamoros', 'Méndez', 'Río Bravo', 'San Fernando', 'Valle Hermoso']"
7,11,7,13.0821650572063,125.23272,"[11, 12, 21, 23, 32, 34, 39]","['González', 'Güémez', 'Matamoros', 'Mier', 'Río Bravo', 'San Fernando', 'Valle Hermoso']"
7,11,8,11.802306795671146,146.150389,"[6, 7, 11, 21, 32, 34, 39]","['Camargo', 'Casas', 'González', 'Matamoros', 'Río Bravo', 'San Fernando', 'Valle Hermoso']"
7,11,9,12.228397457087373,128.460678,"[7, 11, 21, 23, 32, 34, 39]","['Casas', 'González', 'Matamoros', 'Mier', 'Río Bravo', 'San Fernando', 'Valle Hermoso']"
7,11,10,27.985130795785803,91.820321,"[11, 14, 18, 21, 26, 29, 34]","['González', 'Gustavo Díaz Ordaz', 'Llera', 'Matamoros', 'Nuevo Laredo', 'Padilla', 'San Fernando']"
7,11,11,27.287381970036634,99.762503,"[4, 11, 21, 24, 26, 32, 40]","['Burgos', 'González', 'Matamoros', 'Miguel Alemán', 'Nuevo Laredo', 'Río Bravo', 'Victoria']"
7,11,12,39.24114968378519,89.54682,"[7, 11, 14, 18, 21, 26, 35]","['Casas', 'González', 'Gustavo Díaz Ordaz', 'Llera', 'Matamoros', 'Nuevo Laredo', 'San Nicolás']"
7,11,13,39.71270542777044,81.482774,"[1, 7, 14, 21, 26, 35, 38]","['Aldama', 'Casas', 'Gustavo Díaz Ordaz', 'Matamoros', 'Nuevo Laredo', 'San Nicolás', 'Tula']"
7,12,1,9.64548053305068,197.327862,"[7, 11, 21, 31, 32, 34, 39]","['Casas', 'González', 'Matamoros', 'Reynosa', 'Río Bravo', 'San Fernando', 'Valle Hermoso']"
7,12,2,9.639804742129789,218.757001,"[7, 11, 21, 22, 32, 34, 39]","['Casas', 'González', 'Matamoros', 'Méndez', 'Río Bravo', 'San Fernando', 'Valle Hermoso']"
7,12,3,13.762580065320183,106.008269,"[11, 13, 21, 32, 34, 39, 40]","['González', 'Guerrero', 'Matamoros', 'Río Bravo', 'San Fernando', 'Valle Hermoso', 'Victoria']"
7,12,4,12.228397457087373,128.460678,"[7, 11, 21, 23, 32, 34, 39]","['Casas', 'González', 'Matamoros', 'Mier', 'Río Bravo', 'San Fernando', 'Valle Hermoso']"
7,12,5,12.045891782517742,129.804564,"[7, 11, 21, 24, 32, 34, 39]","['Casas', 'González', 'Matamoros', 'Miguel Alemán', 'Río Bravo', 'San Fernando', 'Valle Hermoso']"
7,12,6,13.629647646046207,122.698237,"[11, 21, 23, 32, 34, 39, 40]","['González', 'Matamoros', 'Mier', 'Río Bravo', 'San Fernando', 'Valle Hermoso', 'Victoria']"
7,12,7,17.069218781235904,103.28924,"[6, 11, 21, 26, 32, 34, 40]","['Camargo', 'González', 'Matamoros', 'Nuevo Laredo', 'Río Bravo', 'San Fernando', 'Victoria']"
7,12,8,11.802306795671146,146.150389,"[6, 7, 11, 21, 32, 34, 39]","['Camargo', 'Casas', 'González', 'Matamoros', 'Río Bravo', 'San Fernando', 'Valle Hermoso']"
7,12,9,39.24114968378519,89.54682,"[7, 11, 14, 18, 21, 26, 35]","['Casas', 'González', 'Gustavo Díaz Ordaz', 'Llera', 'Matamoros', 'Nuevo Laredo', 'San Nicolás']"
7,12,10,27.985130795785803,91.820321,"[11, 14, 18, 21, 26, 29, 34]","['González', 'Gustavo Díaz Ordaz', 'Llera', 'Matamoros', 'Nuevo Laredo', 'Padilla', 'San Fernando']"
7,12,11,27.043796983190045,99.762503,"[4, 6, 11, 21, 26, 32, 40]","['Burgos', 'Camargo', 'González', 'Matamoros', 'Nuevo Laredo', 'Río Bravo', 'Victoria']"
7,12,12,13.0821650572063,125.23272,"[11, 12, 21, 23, 32, 34, 39]","['González', 'Güémez', 'Matamoros', 'Mier', 'Río Bravo', 'San Fernando', 'Valle Hermoso']"
7,13,1,9.64548053305068,197.327862,"[7, 11, 21, 31, 32, 34, 39]","['Casas', 'González', 'Matamoros', 'Reynosa', 'Río Bravo', 'San Fernando', 'Valle Hermoso']"
7,13,2,13.762580065320183,106.008269,"[11, 13, 21, 32, 34, 39, 40]","['González', 'Guerrero', 'Matamoros', 'Río Bravo', 'San Fernando', 'Valle Hermoso', 'Victoria']"
7,13,3,17.069218781235904,103.28924,"[6, 11, 21, 26, 32, 34, 40]","['Camargo', 'González', 'Matamoros', 'Nuevo Laredo', 'Río Bravo', 'San Fernando', 'Victoria']"
7,13,4,11.802306795671146,146.150389,"[6, 7, 11, 21, 32, 34, 39]","['Camargo', 'Casas', 'González', 'Matamoros', 'Río Bravo', 'San Fernando', 'Valle Hermoso']"
7,13,5,9.639804742129789,218.757001,"[7, 11, 21, 22, 32, 34, 39]","['Casas', 'González', 'Matamoros', 'Méndez', 'Río Bravo', 'San Fernando', 'Valle Hermoso']"
7,13,6,12.228397457087373,128.460678,"[7, 11, 21, 23, 32, 34, 39]","['Casas', 'González', 'Matamoros', 'Mier', 'Río Bravo', 'San Fernando', 'Valle Hermoso']"
7,13,7,13.0821650572063,125.23272,"[11, 12, 21, 23, 32, 34, 39]","['González', 'Güémez', 'Matamoros', 'Mier', 'Río Bravo', 'San Fernando', 'Valle Hermoso']"
7,13,8,13.629647646046207,122.698237,"[11, 21, 23, 32, 34, 39, 40]","['González', 'Matamoros', 'Mier', 'Río Bravo', 'San Fernando', 'Valle Hermoso', 'Victoria']"
7,13,9,12.045891782517742,129.804564,"[7, 11, 21, 24, 32, 34, 39]","['Casas', 'González', 'Matamoros', 'Miguel Alemán', 'Río Bravo', 'San Fernando', 'Valle Hermoso']"
7,13,10,27.043796983190045,99.762503,"[4, 6, 11, 21, 26, 32, 40]","['Burgos', 'Camargo', 'González', 'Matamoros', 'Nuevo Laredo', 'Río Bravo', 'Victoria']"
7,13,11,39.24114968378519,89.54682,"[7, 11, 14, 18, 21, 26, 35]","['Casas', 'González', 'Gustavo Díaz Ordaz', 'Llera', 'Matamoros', 'Nuevo Laredo', 'San Nicolás']"
7,13,12,28.084624843001357,91.820321,"[6, 11, 18, 26, 29, 32, 34]","['Camargo', 'González', 'Llera', 'Nuevo Laredo', 'Padilla', 'Río Bravo', 'San Fernando']"
7,14,1,17.069218781235904,103.28924,"[6, 11, 21, 26, 32, 34, 40]","['Camargo', 'González', 'Matamoros', 'Nuevo Laredo', 'Río Bravo', 'San Fernando', 'Victoria']"
7,14,2,9.64548053305068,197.327862,"[7, 11, 21, 31, 32, 34, 39]","['Casas', 'González', 'Matamoros', 'Reynosa', 'Río Bravo', 'San Fernando', 'Valle Hermoso']"
7,14,3,11.802306795671146,146.150389,"[6, 7, 11, 21, 32, 34, 39]","['Camargo', 'Casas', 'González', 'Matamoros', 'Río Bravo', 'San Fernando', 'Valle Hermoso']"
7,14,4,9.639804742129789,218.757001,"[7, 11, 21, 22, 32, 34, 39]","['Casas', 'González', 'Matamoros', 'Méndez', 'Río Bravo', 'San Fernando', 'Valle Hermoso']"
7,14,5,13.762580065320183,106.008269,"[11, 13, 21, 32, 34, 39, 40]","['González', 'Guerrero', 'Matamoros', 'Río Bravo', 'San Fernando', 'Valle Hermoso', 'Victoria']"
7,14,6,13.629647646046207,122.698237,"[11, 21, 23, 32, 34, 39, 40]","['González', 'Matamoros', 'Mier', 'Río Bravo', 'San Fernando', 'Valle Hermoso', 'Victoria']"
7,14,7,12.045891782517742,129.804564,"[7, 11, 21, 24, 32, 34, 39]","['Casas', 'González', 'Matamoros', 'Miguel Alemán', 'Río Bravo', 'San Fernando', 'Valle Hermoso']"
7,14,8,12.228397457087373,128.460678,"[7, 11, 21, 23, 32, 34, 39]","['Casas', 'González', 'Matamoros', 'Mier', 'Río Bravo', 'San Fernando', 'Valle Hermoso']"
7,14,9,27.985130795785803,91.820321,"[11, 14, 18, 21, 26, 29, 34]","['González', 'Gustavo Díaz Ordaz', 'Llera', 'Matamoros', 'Nuevo Laredo', 'Padilla', 'San Fernando']"
7,14,10,13.0821650572063,125.23272,"[11, 12, 21, 23, 32, 34, 39]","['González', 'Güémez', 'Matamoros', 'Mier', 'Río Bravo', 'San Fernando', 'Valle Hermoso']"
7,14,11,27.043796983190045,99.762503,"[4, 6, 11, 21, 26, 32, 40]","['Burgos', 'Camargo', 'González', 'Matamoros', 'Nuevo Laredo', 'Río Bravo', 'Victoria']"
7,15,1,13.762580065320183,106.008269,"[11, 13, 21, 32, 34, 39, 40]","['González', 'Guerrero', 'Matamoros', 'Río Bravo', 'San Fernando', 'Valle Hermoso', 'Victoria']"
7,15,2,9.64548053305068,197.327862,"[7, 11, 21, 31, 32, 34, 39]","['Casas', 'González', 'Matamoros', 'Reynosa', 'Río Bravo', 'San Fernando', 'Valle Hermoso']"
7,15,3,13.0821650572063,125.23272,"[11, 12, 21, 23, 32, 34, 39]","['González', 'Güémez', 'Matamoros', 'Mier', 'Río Bravo', 'San Fernando', 'Valle Hermoso']"
7,15,4,13.629647646046207,122.698237,"[11, 21, 23, 32, 34, 39, 40]","['González', 'Matamoros', 'Mier', 'Río Bravo', 'San Fernando', 'Valle Hermoso', 'Victoria']"
7,15,5,12.045891782517742,129.804564,"[7, 11, 21, 24, 32, 34, 39]","['Casas', 'González', 'Matamoros', 'Miguel Alemán', 'Río Bravo', 'San Fernando', 'Valle Hermoso']"
7,15,6,12.228397457087373,128.460678,"[7, 11, 21, 23, 32, 34, 39]","['Casas', 'González', 'Matamoros', 'Mier', 'Río Bravo', 'San Fernando', 'Valle Hermoso']"
7,15,7,17.069218781235904,103.28924,"[6, 11, 21, 26, 32, 34, 40]","['Camargo', 'González', 'Matamoros', 'Nuevo Laredo', 'Río Bravo', 'San Fernando', 'Victoria']"
7,15,8,9.639804742129789,218.757001,"[7, 11, 21, 22, 32, 34, 39]","['Casas', 'González', 'Matamoros', 'Méndez', 'Río Bravo', 'San Fernando', 'Valle Hermoso']"
7,15,9,27.043796983190045,99.762503,"[4, 6, 11, 21, 26, 32, 40]","['Burgos', 'Camargo', 'González', 'Matamoros', 'Nuevo Laredo', 'Río Bravo', 'Victoria']"
7,15,10,11.802306795671146,146.150389,"[6, 7, 11, 21, 32, 34, 39]","['Camargo', 'Casas', 'González', 'Matamoros', 'Río Bravo', 'San Fernando', 'Valle Hermoso']"
7,15,11,27.985130795785803,91.820321,"[11, 14, 18, 21, 26, 29, 34]","['González', 'Gustavo Díaz Ordaz', 'Llera', 'Matamoros', 'Nuevo Laredo', 'Padilla', 'San Fernando']"
7,15,12,39.24114968378519,89.54682,"[7, 11, 14, 18, 21, 26, 35]","['Casas', 'González', 'Gustavo Díaz Ordaz', 'Llera', 'Matamoros', 'Nuevo Laredo', 'San Nicolás']"
7,16,1,9.639804742129789,218.757001,"[7, 11, 21, 22, 32, 34, 39]","['Casas', 'González', 'Matamoros', 'Méndez', 'Río Bravo', 'San Fernando', 'Valle Hermoso']"
7,16,2,13.762580065320183,106.008269,"[11, 13, 21, 32, 34, 39, 40]","['González', 'Guerrero', 'Matamoros', 'Río Bravo', 'San Fernando', 'Valle Hermoso', 'Victoria']"
7,16,3,13.0821650572063,125.23272,"[11, 12, 21, 23, 32, 34, 39]","['González', 'Güémez', 'Matamoros', 'Mier', 'Río Bravo', 'San Fernando', 'Valle Hermoso']"
7,16,4,13.629647646046207,122.698237,"[11, 21, 23, 32, 34, 39, 40]","['González', 'Matamoros', 'Mier', 'Río Bravo', 'San Fernando', 'Valle Hermoso', 'Victoria']"
7,16,5,17.069218781235904,103.28924,"[6, 11, 21, 26, 32, 34, 40]","['Camargo', 'González', 'Matamoros', 'Nuevo Laredo', 'Río Bravo', 'San Fernando', 'Victoria']"
7,16,6,9.64548053305068,197.327862,"[7, 11, 21, 31, 32, 34, 39]","['Casas', 'González', 'Matamoros', 'Reynosa', 'Río Bravo', 'San Fernando', 'Valle Hermoso']"
7,16,7,12.045891782517742,129.804564,"[7, 11, 21, 24, 32, 34, 39]","['Casas', 'González', 'Matamoros', 'Miguel Alemán', 'Río Bravo', 'San Fernando', 'Valle Hermoso']"
7,16,8,11.802306795671146,146.150389,"[6, 7, 11, 21, 32, 34, 39]","['Camargo', 'Casas', 'González', 'Matamoros', 'Río Bravo', 'San Fernando', 'Valle Hermoso']"
7,16,9,12.228397457087373,128.460678,"[7, 11, 21, 23, 32, 34, 39]","['Casas', 'González', 'Matamoros', 'Mier', 'Río Bravo', 'San Fernando', 'Valle Hermoso']"
7,16,10,39.24114968378519,89.54682,"[7, 11, 14, 18, 21, 26, 35]","['Casas', 'González', 'Gustavo Díaz Ordaz', 'Llera', 'Matamoros', 'Nuevo Laredo', 'San Nicolás']"
7,16,11,39.81219947498599,81.482774,"[1, 6, 7, 26, 32, 35, 38]","['Aldama', 'Camargo', 'Casas', 'Nuevo Laredo', 'Río Bravo', 'San Nicolás', 'Tula']"
7,16,12,27.043796983190045,99.762503,"[4, 6, 11, 21, 26, 32, 40]","['Burgos', 'Camargo', 'González', 'Matamoros', 'Nuevo Laredo', 'Río Bravo', 'Victoria']"
7,16,13,28.155376802252764,91.820321,"[11, 14, 18, 26, 29, 32, 34]","['González', 'Gustavo Díaz Ordaz', 'Llera', 'Nuevo Laredo', 'Padilla', 'Río Bravo', 'San Fernando']"
7,17,1,9.64548053305068,197.327862,"[7, 11, 21, 31, 32, 34, 39]","['Casas', 'González', 'Matamoros', 'Reynosa', 'Río Bravo', 'San Fernando', 'Valle Hermoso']"
7,17,2,13.762580065320183,106.008269,"[11, 13, 21, 32, 34, 39, 40]","['González', 'Guerrero', 'Matamoros', 'Río Bravo', 'San Fernando', 'Valle Hermoso', 'Victoria']"
7,17,3,11.802306795671146,146.150389,"[6, 7, 11, 21, 32, 34, 39]","['Camargo', 'Casas', 'González', 'Matamoros', 'Río Bravo', 'San Fernando', 'Valle Hermoso']"
7,17,4,17.069218781235904,103.28924,"[6, 11, 21, 26, 32, 34, 40]","['Camargo', 'González', 'Matamoros', 'Nuevo Laredo', 'Río Bravo', 'San Fernando', 'Victoria']"
7,17,5,12.045891782517742,129.804564,"[7, 11, 21, 24, 32, 34, 39]","['Casas', 'González', 'Matamoros', 'Miguel Alemán', 'Río Bravo', 'San Fernando', 'Valle Hermoso']"
7,17,6,13.629647646046207,122.698237,"[11, 21, 23, 32, 34, 39, 40]","['González', 'Matamoros', 'Mier', 'Río Bravo', 'San Fernando', 'Valle Hermoso', 'Victoria']"
7,17,7,12.228397457087373,128.460678,"[7, 11, 21, 23, 32, 34, 39]","['Casas', 'González', 'Matamoros', 'Mier', 'Río Bravo', 'San Fernando', 'Valle Hermoso']"
7,17,8,9.639804742129789,218.757001,"[7, 11, 21, 22, 32, 34, 39]","['Casas', 'González', 'Matamoros', 'Méndez', 'Río Bravo', 'San Fernando', 'Valle Hermoso']"
7,17,9,13.0821650572063,125.23272,"[11, 12, 21, 23, 32, 34, 39]","['González', 'Güémez', 'Matamoros', 'Mier', 'Río Bravo', 'San Fernando', 'Valle Hermoso']"
7,17,10,27.043796983190045,99.762503,"[4, 6, 11, 21, 26, 32, 40]","['Burgos', 'Camargo', 'González', 'Matamoros', 'Nuevo Laredo', 'Río Bravo', 'Victoria']"
7,17,11,27.985130795785803,91.820321,"[11, 14, 18, 21, 26, 29, 34]","['González', 'Gustavo Díaz Ordaz', 'Llera', 'Matamoros', 'Nuevo Laredo', 'Padilla', 'San Fernando']"
7,18,1,17.069218781235904,103.28924,"[6, 11, 21, 26, 32, 34, 40]","['Camargo', 'González', 'Matamoros', 'Nuevo Laredo', 'Río Bravo', 'San Fernando', 'Victoria']"
7,18,2,12.228397457087373,128.460678,"[7, 11, 21, 23, 32, 34, 39]","['Casas', 'González', 'Matamoros', 'Mier', 'Río Bravo', 'San Fernando', 'Valle Hermoso']"
7,18,3,13.762580065320183,106.008269,"[11, 13, 21, 32, 34, 39, 40]","['González', 'Guerrero', 'Matamoros', 'Río Bravo', 'San Fernando', 'Valle Hermoso', 'Victoria']"
7,18,4,9.64548053305068,197.327862,"[7, 11, 21, 31, 32, 34, 39]","['Casas', 'González', 'Matamoros', 'Reynosa', 'Río Bravo', 'San Fernando', 'Valle Hermoso']"
7,18,5,13.0821650572063,125.23272,"[11, 12, 21, 23, 32, 34, 39]","['González', 'Güémez', 'Matamoros', 'Mier', 'Río Bravo', 'San Fernando', 'Valle Hermoso']"
7,18,6,12.045891782517742,129.804564,"[7, 11, 21, 24, 32, 34, 39]","['Casas', 'González', 'Matamoros', 'Miguel Alemán', 'Río Bravo', 'San Fernando', 'Valle Hermoso']"
7,18,7,9.639804742129789,218.757001,"[7, 11, 21, 22, 32, 34, 39]","['Casas', 'González', 'Matamoros', 'Méndez', 'Río Bravo', 'San Fernando', 'Valle Hermoso']"
7,18,8,11.802306795671146,146.150389,"[6, 7, 11, 21, 32, 34, 39]","['Camargo', 'Casas', 'González', 'Matamoros', 'Río Bravo', 'San Fernando', 'Valle Hermoso']"
7,18,9,13.629647646046207,122.698237,"[11, 21, 23, 32, 34, 39, 40]","['González', 'Matamoros', 'Mier', 'Río Bravo', 'San Fernando', 'Valle Hermoso', 'Victoria']"
7,18,10,27.985130795785803,91.820321,"[11, 14, 18, 21, 26, 29, 34]","['González', 'Gustavo Díaz Ordaz', 'Llera', 'Matamoros', 'Nuevo Laredo', 'Padilla', 'San Fernando']"
7,18,11,27.043796983190045,99.762503,"[4, 6, 11, 21, 26, 32, 40]","['Burgos', 'Camargo', 'González', 'Matamoros', 'Nuevo Laredo', 'Río Bravo', 'Victoria']"
7,19,1,13.629647646046207,122.698237,"[11, 21, 23, 32, 34, 39, 40]","['González', 'Matamoros', 'Mier', 'Río Bravo', 'San Fernando', 'Valle Hermoso', 'Victoria']"
7,19,2,13.762580065320183,106.008269,"[11, 13, 21, 32, 34, 39, 40]","['González', 'Guerrero', 'Matamoros', 'Río Bravo', 'San Fernando', 'Valle Hermoso', 'Victoria']"
7,19,3,9.64548053305068,197.327862,"[7, 11, 21, 31, 32, 34, 39]","['Casas', 'González', 'Matamoros', 'Reynosa', 'Río Bravo', 'San Fernando', 'Valle Hermoso']"
7,19,4,9.639804742129789,218.757001,"[7, 11, 21, 22, 32, 34, 39]","['Casas', 'González', 'Matamoros', 'Méndez', 'Río Bravo', 'San Fernando', 'Valle Hermoso']"
7,19,5,13.0821650572063,125.23272,"[11, 12, 21, 23, 32, 34, 39]","['González', 'Güémez', 'Matamoros', 'Mier', 'Río Bravo', 'San Fernando', 'Valle Hermoso']"
7,19,6,11.802306795671146,146.150389,"[6, 7, 11, 21, 32, 34, 39]","['Camargo', 'Casas', 'González', 'Matamoros', 'Río Bravo', 'San Fernando', 'Valle Hermoso']"
7,19,7,12.228397457087373,128.460678,"[7, 11, 21, 23, 32, 34, 39]","['Casas', 'González', 'Matamoros', 'Mier', 'Río Bravo', 'San Fernando', 'Valle Hermoso']"
7,19,8,12.045891782517742,129.804564,"[7, 11, 21, 24, 32, 34, 39]","['Casas', 'González', 'Matamoros', 'Miguel Alemán', 'Río Bravo', 'San Fernando', 'Valle Hermoso']"
7,19,9,17.069218781235904,103.28924,"[6, 11, 21, 26, 32, 34, 40]","['Camargo', 'González', 'Matamoros', 'Nuevo Laredo', 'Río Bravo', 'San Fernando', 'Victoria']"
7,19,10,27.043796983190045,99.762503,"[4, 6, 11, 21, 26, 32, 40]","['Burgos', 'Camargo', 'González', 'Matamoros', 'Nuevo Laredo', 'Río Bravo', 'Victoria']"
7,19,11,27.985130795785803,91.820321,"[11, 14, 18, 21, 26, 29, 34]","['González', 'Gustavo Díaz Ordaz', 'Llera', 'Matamoros', 'Nuevo Laredo', 'Padilla', 'San Fernando']"
7,19,12,39.24114968378519,89.54682,"[7, 11, 14, 18, 21, 26, 35]","['Casas', 'González', 'Gustavo Díaz Ordaz', 'Llera', 'Matamoros', 'Nuevo Laredo', 'San Nicolás']"
7,20,1,13.762580065320183,106.008269,"[11, 13, 21, 32, 34, 39, 40]","['González', 'Guerrero', 'Matamoros', 'Río Bravo', 'San Fernando', 'Valle Hermoso', 'Victoria']"
7,20,2,9.64548053305068,197.327862,"[7, 11, 21, 31, 32, 34, 39]","['Casas', 'González', 'Matamoros', 'Reynosa', 'Río Bravo', 'San Fernando', 'Valle Hermoso']"
7,20,3,9.639804742129789,218.757001,"[7, 11, 21, 22, 32, 34, 39]","['Casas', 'González', 'Matamoros', 'Méndez', 'Río Bravo', 'San Fernando', 'Valle Hermoso']"
7,20,4,17.069218781235904,103.28924,"[6, 11, 21, 26, 32, 34, 40]","['Camargo', 'González', 'Matamoros', 'Nuevo Laredo', 'Río Bravo', 'San Fernando', 'Victoria']"
7,20,5,12.228397457087373,128.460678,"[7, 11, 21, 23, 32, 34, 39]","['Casas', 'González', 'Matamoros', 'Mier', 'Río Bravo', 'San Fernando', 'Valle Hermoso']"
7,20,6,27.985130795785803,91.820321,"[11, 14, 18, 21, 26, 29, 34]","['González', 'Gustavo Díaz Ordaz', 'Llera', 'Matamoros', 'Nuevo Laredo', 'Padilla', 'San Fernando']"
7,20,7,11.802306795671146,146.150389,"[6, 7, 11, 21, 32, 34, 39]","['Camargo', 'Casas', 'González', 'Matamoros', 'Río Bravo', 'San Fernando', 'Valle Hermoso']"
7,20,8,13.0821650572063,125.23272,"[11, 12, 21, 23, 32, 34, 39]","['González', 'Güémez', 'Matamoros', 'Mier', 'Río Bravo', 'San Fernando', 'Valle Hermoso']"
7,20,9,13.629647646046207,122.698237,"[11, 21, 23, 32, 34, 39, 40]","['González', 'Matamoros', 'Mier', 'Río Bravo', 'San Fernando', 'Valle Hermoso', 'Victoria']"
7,20,10,12.045891782517742,129.804564,"[7, 11, 21, 24, 32, 34, 39]","['Casas', 'González', 'Matamoros', 'Miguel Alemán', 'Río Bravo', 'San Fernando', 'Valle Hermoso']"
7,20,11,27.043796983190045,99.762503,"[4, 6, 11, 21, 26, 32, 40]","['Burgos', 'Camargo', 'González', 'Matamoros', 'Nuevo Laredo', 'Río Bravo', 'Victoria']"
7,20,12,39.24114968378519,89.54682,"[7, 11, 14, 18, 21, 26, 35]","['Casas', 'González', 'Gustavo Díaz Ordaz', 'Llera', 'Matamoros', 'Nuevo Laredo', 'San Nicolás']"
7,21,1,11.802306795671146,146.150389,"[6, 7, 11, 21, 32, 34, 39]","['Camargo', 'Casas', 'González', 'Matamoros', 'Río Bravo', 'San Fernando', 'Valle Hermoso']"
7,21,2,12.045891782517742,129.804564,"[7, 11, 21, 24, 32, 34, 39]","['Casas', 'González', 'Matamoros', 'Miguel Alemán', 'Río Bravo', 'San Fernando', 'Valle Hermoso']"
7,21,3,9.64548053305068,197.327862,"[7, 11, 21, 31, 32, 34, 39]","['Casas', 'González', 'Matamoros', 'Reynosa', 'Río Bravo', 'San Fernando', 'Valle Hermoso']"
7,21,4,9.639804742129789,218.757001,"[7, 11, 21, 22, 32, 34, 39]","['Casas', 'González', 'Matamoros', 'Méndez', 'Río Bravo', 'San Fernando', 'Valle Hermoso']"
7,21,5,17.069218781235904,103.28924,"[6, 11, 21, 26, 32, 34, 40]","['Camargo', 'González', 'Matamoros', 'Nuevo Laredo', 'Río Bravo', 'San Fernando', 'Victoria']"
7,21,6,27.985130795785803,91.820321,"[11, 14, 18, 21, 26, 29, 34]","['González', 'Gustavo Díaz Ordaz', 'Llera', 'Matamoros', 'Nuevo Laredo', 'Padilla', 'San Fernando']"
7,21,7,13.762580065320183,106.008269,"[11, 13, 21, 32, 34, 39, 40]","['González', 'Guerrero', 'Matamoros', 'Río Bravo', 'San Fernando', 'Valle Hermoso', 'Victoria']"
7,21,8,13.629647646046207,122.698237,"[11, 21, 23, 32, 34, 39, 40]","['González', 'Matamoros', 'Mier', 'Río Bravo', 'San Fernando', 'Valle Hermoso', 'Victoria']"
7,21,9,39.24114968378519,89.54682,"[7, 11, 14, 18, 21, 26, 35]","['Casas', 'González', 'Gustavo Díaz Ordaz', 'Llera', 'Matamoros', 'Nuevo Laredo', 'San Nicolás']"
7,21,10,12.228397457087373,128.460678,"[7, 11, 21, 23, 32, 34, 39]","['Casas', 'González', 'Matamoros', 'Mier', 'Río Bravo', 'San Fernando', 'Valle Hermoso']"
7,21,11,13.0821650572063,125.23272,"[11, 12, 21, 23, 32, 34, 39]","['González', 'Güémez', 'Matamoros', 'Mier', 'Río Bravo', 'San Fernando', 'Valle Hermoso']"
7,21,12,27.043796983190045,99.762503,"[4, 6, 11, 21, 26, 32, 40]","['Burgos', 'Camargo', 'González', 'Matamoros', 'Nuevo Laredo', 'Río Bravo', 'Victoria']"
7,21,13,39.71270542777044,81.482774,"[1, 7, 14, 21, 26, 35, 38]","['Aldama', 'Casas', 'Gustavo Díaz Ordaz', 'Matamoros', 'Nuevo Laredo', 'San Nicolás', 'Tula']"
7,22,1,13.629647646046207,122.698237,"[11, 21, 23, 32, 34, 39, 40]","['González', 'Matamoros', 'Mier', 'Río Bravo', 'San Fernando', 'Valle Hermoso', 'Victoria']"
7,22,2,9.64548053305068,197.327862,"[7, 11, 21, 31, 32, 34, 39]","['Casas', 'González', 'Matamoros', 'Reynosa', 'Río Bravo', 'San Fernando', 'Valle Hermoso']"
7,22,3,13.762580065320183,106.008269,"[11, 13, 21, 32, 34, 39, 40]","['González', 'Guerrero', 'Matamoros', 'Río Bravo', 'San Fernando', 'Valle Hermoso', 'Victoria']"
7,22,4,13.0821650572063,125.23272,"[11, 12, 21, 23, 32, 34, 39]","['González', 'Güémez', 'Matamoros', 'Mier', 'Río Bravo', 'San Fernando', 'Valle Hermoso']"
7,22,5,11.802306795671146,146.150389,"[6, 7, 11, 21, 32, 34, 39]","['Camargo', 'Casas', 'González', 'Matamoros', 'Río Bravo', 'San Fernando', 'Valle Hermoso']"
7,22,6,9.639804742129789,218.757001,"[7, 11, 21, 22, 32, 34, 39]","['Casas', 'González', 'Matamoros', 'Méndez', 'Río Bravo', 'San Fernando', 'Valle Hermoso']"
7,22,7,12.228397457087373,128.460678,"[7, 11, 21, 23, 32, 34, 39]","['Casas', 'González', 'Matamoros', 'Mier', 'Río Bravo', 'San Fernando', 'Valle Hermoso']"
7,22,8,12.045891782517742,129.804564,"[7, 11, 21, 24, 32, 34, 39]","['Casas', 'González', 'Matamoros', 'Miguel Alemán', 'Río Bravo', 'San Fernando', 'Valle Hermoso']"
7,22,9,17.069218781235904,103.28924,"[6, 11, 21, 26, 32, 34, 40]","['Camargo', 'González', 'Matamoros', 'Nuevo Laredo', 'Río Bravo', 'San Fernando', 'Victoria']"
7,22,10,27.985130795785803,91.820321,"[11, 14, 18, 21, 26, 29, 34]","['González', 'Gustavo Díaz Ordaz', 'Llera', 'Matamoros', 'Nuevo Laredo', 'Padilla', 'San Fernando']"
7,22,11,39.24114968378519,89.54682,"[7, 11, 14, 18, 21, 26, 35]","['Casas', 'González', 'Gustavo Díaz Ordaz', 'Llera', 'Matamoros', 'Nuevo Laredo', 'San Nicolás']"
7,22,12,27.043796983190045,99.762503,"[4, 6, 11, 21, 26, 32, 40]","['Burgos', 'Camargo', 'González', 'Matamoros', 'Nuevo Laredo', 'Río Bravo', 'Victoria']"
7,23,1,9.639804742129789,218.757001,"[7, 11, 21, 22, 32, 34, 39]","['Casas', 'González', 'Matamoros', 'Méndez', 'Río Bravo', 'San Fernando', 'Valle Hermoso']"
7,23,2,9.64548053305068,197.327862,"[7, 11, 21, 31, 32, 34, 39]","['Casas', 'González', 'Matamoros', 'Reynosa', 'Río Bravo', 'San Fernando', 'Valle Hermoso']"
7,23,3,13.0821650572063,125.23272,"[11, 12, 21, 23, 32, 34, 39]","['González', 'Güémez', 'Matamoros', 'Mier', 'Río Bravo', 'San Fernando', 'Valle Hermoso']"
7,23,4,12.045891782517742,129.804564,"[7, 11, 21, 24, 32, 34, 39]","['Casas', 'González', 'Matamoros', 'Miguel Alemán', 'Río Bravo', 'San Fernando', 'Valle Hermoso']"
7,23,5,13.762580065320183,106.008269,"[11, 13, 21, 32, 34, 39, 40]","['González', 'Guerrero', 'Matamoros', 'Río Bravo', 'San Fernando', 'Valle Hermoso', 'Victoria']"
7,23,6,13.629647646046207,122.698237,"[11, 21, 23, 32, 34, 39, 40]","['González', 'Matamoros', 'Mier', 'Río Bravo', 'San Fernando', 'Valle Hermoso', 'Victoria']"
7,23,7,12.228397457087373,128.460678,"[7, 11, 21, 23, 32, 34, 39]","['Casas', 'González', 'Matamoros', 'Mier', 'Río Bravo', 'San Fernando', 'Valle Hermoso']"
7,23,8,11.802306795671146,146.150389,"[6, 7, 11, 21, 32, 34, 39]","['Camargo', 'Casas', 'González', 'Matamoros', 'Río Bravo', 'San Fernando', 'Valle Hermoso']"
7,23,9,17.069218781235904,103.28924,"[6, 11, 21, 26, 32, 34, 40]","['Camargo', 'González', 'Matamoros', 'Nuevo Laredo', 'Río Bravo', 'San Fernando', 'Victoria']"
7,23,10,27.043796983190045,99.762503,"[4, 6, 11, 21, 26, 32, 40]","['Burgos', 'Camargo', 'González', 'Matamoros', 'Nuevo Laredo', 'Río Bravo', 'Victoria']"
7,23,11,39.24114968378519,89.54682,"[7, 11, 14, 18, 21, 26, 35]","['Casas', 'González', 'Gustavo Díaz Ordaz', 'Llera', 'Matamoros', 'Nuevo Laredo', 'San Nicolás']"
7,23,12,27.985130795785803,91.820321,"[11, 14, 18, 21, 26, 29, 34]","['González', 'Gustavo Díaz Ordaz', 'Llera', 'Matamoros', 'Nuevo Laredo', 'Padilla', 'San Fernando']"
7,24,1,13.0821650572063,125.23272,"[11, 12, 21, 23, 32, 34, 39]","['González', 'Güémez', 'Matamoros', 'Mier', 'Río Bravo', 'San Fernando', 'Valle Hermoso']"
7,24,2,9.639804742129789,218.757001,"[7, 11, 21, 22, 32, 34, 39]","['Casas', 'González', 'Matamoros', 'Méndez', 'Río Bravo', 'San Fernando', 'Valle Hermoso']"
7,24,3,12.228397457087373,128.460678,"[7, 11, 21, 23, 32, 34, 39]","['Casas', 'González', 'Matamoros', 'Mier', 'Río Bravo', 'San Fernando', 'Valle Hermoso']"
7,24,4,9.64548053305068,197.327862,"[7, 11, 21, 31, 32, 34, 39]","['Casas', 'González', 'Matamoros', 'Reynosa', 'Río Bravo', 'San Fernando', 'Valle Hermoso']"
7,24,5,13.629647646046207,122.698237,"[11, 21, 23, 32, 34, 39, 40]","['González', 'Matamoros', 'Mier', 'Río Bravo', 'San Fernando', 'Valle Hermoso', 'Victoria']"
7,24,6,13.762580065320183,106.008269,"[11, 13, 21, 32, 34, 39, 40]","['González', 'Guerrero', 'Matamoros', 'Río Bravo', 'San Fernando', 'Valle Hermoso', 'Victoria']"
7,24,7,17.069218781235904,103.28924,"[6, 11, 21, 26, 32, 34, 40]","['Camargo', 'González', 'Matamoros', 'Nuevo Laredo', 'Río Bravo', 'San Fernando', 'Victoria']"
7,24,8,11.802306795671146,146.150389,"[6, 7, 11, 21, 32, 34, 39]","['Camargo', 'Casas', 'González', 'Matamoros', 'Río Bravo', 'San Fernando', 'Valle Hermoso']"
7,24,9,27.043796983190045,99.762503,"[4, 6, 11, 21, 26, 32, 40]","['Burgos', 'Camargo', 'González', 'Matamoros', 'Nuevo Laredo', 'Río Bravo', 'Victoria']"
7,24,10,12.045891782517742,129.804564,"[7, 11, 21, 24, 32, 34, 39]","['Casas', 'González', 'Matamoros', 'Miguel Alemán', 'Río Bravo', 'San Fernando', 'Valle Hermoso']"
7,24,11,27.985130795785803,91.820321,"[11, 14, 18, 21, 26, 29, 34]","['González', 'Gustavo Díaz Ordaz', 'Llera', 'Matamoros', 'Nuevo Laredo', 'Padilla', 'San Fernando']"
7,24,12,39.71270542777044,81.482774,"[1, 7, 14, 21, 26, 35, 38]","['Aldama', 'Casas', 'Gustavo Díaz Ordaz', 'Matamoros', 'Nuevo Laredo', 'San Nicolás', 'Tula']"
7,24,13,39.24114968378519,89.54682,"[7, 11, 14, 18, 21, 26, 35]","['Casas', 'González', 'Gustavo Díaz Ordaz', 'Llera', 'Matamoros', 'Nuevo Laredo', 'San Nicolás']"
7,25,1,9.64548053305068,197.327862,"[7, 11, 21, 31, 32, 34, 39]","['Casas', 'González', 'Matamoros', 'Reynosa', 'Río Bravo', 'San Fernando', 'Valle Hermoso']"
7,25,2,17.069218781235904,103.28924,"[6, 11, 21, 26, 32, 34, 40]","['Camargo', 'González', 'Matamoros', 'Nuevo Laredo', 'Río Bravo', 'San Fernando', 'Victoria']"
7,25,3,9.639804742129789,218.757001,"[7, 11, 21, 22, 32, 34, 39]","['Casas', 'González', 'Matamoros', 'Méndez', 'Río Bravo', 'San Fernando', 'Valle Hermoso']"
7,25,4,13.762580065320183,106.008269,"[11, 13, 21, 32, 34, 39, 40]","['González', 'Guerrero', 'Matamoros', 'Río Bravo', 'San Fernando', 'Valle Hermoso', 'Victoria']"
7,25,5,12.228397457087373,128.460678,"[7, 11, 21, 23, 32, 34, 39]","['Casas', 'González', 'Matamoros', 'Mier', 'Río Bravo', 'San Fernando', 'Valle Hermoso']"
7,25,6,13.629647646046207,122.698237,"[11, 21, 23, 32, 34, 39, 40]","['González', 'Matamoros', 'Mier', 'Río Bravo', 'San Fernando', 'Valle Hermoso', 'Victoria']"
7,25,7,11.802306795671146,146.150389,"[6, 7, 11, 21, 32, 34, 39]","['Camargo', 'Casas', 'González', 'Matamoros', 'Río Bravo', 'San Fernando', 'Valle Hermoso']"
7,25,8,27.985130795785803,91.820321,"[11, 14, 18, 21, 26, 29, 34]","['González', 'Gustavo Díaz Ordaz', 'Llera', 'Matamoros', 'Nuevo Laredo', 'Padilla', 'San Fernando']"
7,25,9,27.043796983190045,99.762503,"[4, 6, 11, 21, 26, 32, 40]","['Burgos', 'Camargo', 'González', 'Matamoros', 'Nuevo Laredo', 'Río Bravo', 'Victoria']"
7,25,10,12.045891782517742,129.804564,"[7, 11, 21, 24, 32, 34, 39]","['Casas', 'González', 'Matamoros', 'Miguel Alemán', 'Río Bravo', 'San Fernando', 'Valle Hermoso']"
7,25,11,13.0821650572063,125.23272,"[11, 12, 21, 23, 32, 34, 39]","['González', 'Güémez', 'Matamoros', 'Mier', 'Río Bravo', 'San Fernando', 'Valle Hermoso']"
7,26,1,9.64548053305068,197.327862,"[7, 11, 21, 31, 32, 34, 39]","['Casas', 'González', 'Matamoros', 'Reynosa', 'Río Bravo', 'San Fernando', 'Valle Hermoso']"
7,26,2,9.639804742129789,218.757001,"[7, 11, 21, 22, 32, 34, 39]","['Casas', 'González', 'Matamoros', 'Méndez', 'Río Bravo', 'San Fernando', 'Valle Hermoso']"
7,26,3,11.802306795671146,146.150389,"[6, 7, 11, 21, 32, 34, 39]","['Camargo', 'Casas', 'González', 'Matamoros', 'Río Bravo', 'San Fernando', 'Valle Hermoso']"
7,26,4,13.629647646046207,122.698237,"[11, 21, 23, 32, 34, 39, 40]","['González', 'Matamoros', 'Mier', 'Río Bravo', 'San Fernando', 'Valle Hermoso', 'Victoria']"
7,26,5,12.228397457087373,128.460678,"[7, 11, 21, 23, 32, 34, 39]","['Casas', 'González', 'Matamoros', 'Mier', 'Río Bravo', 'San Fernando', 'Valle Hermoso']"
7,26,6,13.762580065320183,106.008269,"[11, 13, 21, 32, 34, 39, 40]","['González', 'Guerrero', 'Matamoros', 'Río Bravo', 'San Fernando', 'Valle Hermoso', 'Victoria']"
7,26,7,12.045891782517742,129.804564,"[7, 11, 21, 24, 32, 34, 39]","['Casas', 'González', 'Matamoros', 'Miguel Alemán', 'Río Bravo', 'San Fernando', 'Valle Hermoso']"
7,26,8,17.069218781235904,103.28924,"[6, 11, 21, 26, 32, 34, 40]","['Camargo', 'González', 'Matamoros', 'Nuevo Laredo', 'Río Bravo', 'San Fernando', 'Victoria']"
7,26,9,13.0821650572063,125.23272,"[11, 12, 21, 23, 32, 34, 39]","['González', 'Güémez', 'Matamoros', 'Mier', 'Río Bravo', 'San Fernando', 'Valle Hermoso']"
7,26,10,27.985130795785803,91.820321,"[11, 14, 18, 21, 26, 29, 34]","['González', 'Gustavo Díaz Ordaz', 'Llera', 'Matamoros', 'Nuevo Laredo', 'Padilla', 'San Fernando']"
7,26,11,27.043796983190045,99.762503,"[4, 6, 11, 21, 26, 32, 40]","['Burgos', 'Camargo', 'González', 'Matamoros', 'Nuevo Laredo', 'Río Bravo', 'Victoria']"
7,26,12,39.24114968378519,89.54682,"[7, 11, 14, 18, 21, 26, 35]","['Casas', 'González', 'Gustavo Díaz Ordaz', 'Llera', 'Matamoros', 'Nuevo Laredo', 'San Nicolás']"
7,27,1,9.64548053305068,197.327862,"[7, 11, 21, 31, 32, 34, 39]","['Casas', 'González', 'Matamoros', 'Reynosa', 'Río Bravo', 'San Fernando', 'Valle Hermoso']"
7,27,2,11.802306795671146,146.150389,"[6, 7, 11, 21, 32, 34, 39]","['Camargo', 'Casas', 'González', 'Matamoros', 'Río Bravo', 'San Fernando', 'Valle Hermoso']"
7,27,3,13.762580065320183,106.008269,"[11, 13, 21, 32, 34, 39, 40]","['González', 'Guerrero', 'Matamoros', 'Río Bravo', 'San Fernando', 'Valle Hermoso', 'Victoria']"
7,27,4,9.639804742129789,218.757001,"[7, 11, 21, 22, 32, 34, 39]","['Casas', 'González', 'Matamoros', 'Méndez', 'Río Bravo', 'San Fernando', 'Valle Hermoso']"
7,27,5,12.045891782517742,129.804564,"[7, 11, 21, 24, 32, 34, 39]","['Casas', 'González', 'Matamoros', 'Miguel Alemán', 'Río Bravo', 'San Fernando', 'Valle Hermoso']"
7,27,6,13.0821650572063,125.23272,"[11, 12, 21, 23, 32, 34, 39]","['González', 'Güémez', 'Matamoros', 'Mier', 'Río Bravo', 'San Fernando', 'Valle Hermoso']"
7,27,7,12.228397457087373,128.460678,"[7, 11, 21, 23, 32, 34, 39]","['Casas', 'González', 'Matamoros', 'Mier', 'Río Bravo', 'San Fernando', 'Valle Hermoso']"
7,27,8,13.629647646046207,122.698237,"[11, 21, 23, 32, 34, 39, 40]","['González', 'Matamoros', 'Mier', 'Río Bravo', 'San Fernando', 'Valle Hermoso', 'Victoria']"
7,27,9,17.069218781235904,103.28924,"[6, 11, 21, 26, 32, 34, 40]","['Camargo', 'González', 'Matamoros', 'Nuevo Laredo', 'Río Bravo', 'San Fernando', 'Victoria']"
7,27,10,27.985130795785803,91.820321,"[11, 14, 18, 21, 26, 29, 34]","['González', 'Gustavo Díaz Ordaz', 'Llera', 'Matamoros', 'Nuevo Laredo', 'Padilla', 'San Fernando']"
7,27,11,27.043796983190045,99.762503,"[4, 6, 11, 21, 26, 32, 40]","['Burgos', 'Camargo', 'González', 'Matamoros', 'Nuevo Laredo', 'Río Bravo', 'Victoria']"
7,28,1,13.0821650572063,125.23272,"[11, 12, 21, 23, 32, 34, 39]","['González', 'Güémez', 'Matamoros', 'Mier', 'Río Bravo', 'San Fernando', 'Valle Hermoso']"
7,28,2,9.639804742129789,218.757001,"[7, 11, 21, 22, 32, 34, 39]","['Casas', 'González', 'Matamoros', 'Méndez', 'Río Bravo', 'San Fernando', 'Valle Hermoso']"
7,28,3,9.64548053305068,197.327862,"[7, 11, 21, 31, 32, 34, 39]","['Casas', 'González', 'Matamoros', 'Reynosa', 'Río Bravo', 'San Fernando', 'Valle Hermoso']"
7,28,4,12.228397457087373,128.460678,"[7, 11, 21, 23, 32, 34, 39]","['Casas', 'González', 'Matamoros', 'Mier', 'Río Bravo', 'San Fernando', 'Valle Hermoso']"
7,28,5,13.762580065320183,106.008269,"[11, 13, 21, 32, 34, 39, 40]","['González', 'Guerrero', 'Matamoros', 'Río Bravo', 'San Fernando', 'Valle Hermoso', 'Victoria']"
7,28,6,12.045891782517742,129.804564,"[7, 11, 21, 24, 32, 34, 39]","['Casas', 'González', 'Matamoros', 'Miguel Alemán', 'Río Bravo', 'San Fernando', 'Valle Hermoso']"
7,28,7,17.069218781235904,103.28924,"[6, 11, 21, 26, 32, 34, 40]","['Camargo', 'González', 'Matamoros', 'Nuevo Laredo', 'Río Bravo', 'San Fernando', 'Victoria']"
7,28,8,13.629647646046207,122.698237,"[11, 21, 23, 32, 34, 39, 40]","['González', 'Matamoros', 'Mier', 'Río Bravo', 'San Fernando', 'Valle Hermoso', 'Victoria']"
7,28,9,11.802306795671146,146.150389,"[6, 7, 11, 21, 32, 34, 39]","['Camargo', 'Casas', 'González', 'Matamoros', 'Río Bravo', 'San Fernando', 'Valle Hermoso']"
7,28,10,27.043796983190045,99.762503,"[4, 6, 11, 21, 26, 32, 40]","['Burgos', 'Camargo', 'González', 'Matamoros', 'Nuevo Laredo', 'Río Bravo', 'Victoria']"
7,28,11,27.985130795785803,91.820321,"[11, 14, 18, 21, 26, 29, 34]","['González', 'Gustavo Díaz Ordaz', 'Llera', 'Matamoros', 'Nuevo Laredo', 'Padilla', 'San Fernando']"
7,29,1,9.64548053305068,197.327862,"[7, 11, 21, 31, 32, 34, 39]","['Casas', 'González', 'Matamoros', 'Reynosa', 'Río Bravo', 'San Fernando', 'Valle Hermoso']"
7,29,2,9.639804742129789,218.757001,"[7, 11, 21, 22, 32, 34, 39]","['Casas', 'González', 'Matamoros', 'Méndez', 'Río Bravo', 'San Fernando', 'Valle Hermoso']"
7,29,3,13.762580065320183,106.008269,"[11, 13, 21, 32, 34, 39, 40]","['González', 'Guerrero', 'Matamoros', 'Río Bravo', 'San Fernando', 'Valle Hermoso', 'Victoria']"
7,29,4,11.802306795671146,146.150389,"[6, 7, 11, 21, 32, 34, 39]","['Camargo', 'Casas', 'González', 'Matamoros', 'Río Bravo', 'San Fernando', 'Valle Hermoso']"
7,29,5,12.045891782517742,129.804564,"[7, 11, 21, 24, 32, 34, 39]","['Casas', 'González', 'Matamoros', 'Miguel Alemán', 'Río Bravo', 'San Fernando', 'Valle Hermoso']"
7,29,6,17.069218781235904,103.28924,"[6, 11, 21, 26, 32, 34, 40]","['Camargo', 'González', 'Matamoros', 'Nuevo Laredo', 'Río Bravo', 'San Fernando', 'Victoria']"
7,29,7,12.228397457087373,128.460678,"[7, 11, 21, 23, 32, 34, 39]","['Casas', 'González', 'Matamoros', 'Mier', 'Río Bravo', 'San Fernando', 'Valle Hermoso']"
7,29,8,13.629647646046207,122.698237,"[11, 21, 23, 32, 34, 39, 40]","['González', 'Matamoros', 'Mier', 'Río Bravo', 'San Fernando', 'Valle Hermoso', 'Victoria']"
7,29,9,27.985130795785803,91.820321,"[11, 14, 18, 21, 26, 29, 34]","['González', 'Gustavo Díaz Ordaz', 'Llera', 'Matamoros', 'Nuevo Laredo', 'Padilla', 'San Fernando']"
7,29,10,27.043796983190045,99.762503,"[4, 6, 11, 21, 26, 32, 40]","['Burgos', 'Camargo', 'González', 'Matamoros', 'Nuevo Laredo', 'Río Bravo', 'Victoria']"
7,29,11,39.81219947498599,81.482774,"[1, 6, 7, 26, 32, 35, 38]","['Aldama', 'Camargo', 'Casas', 'Nuevo Laredo', 'Río Bravo', 'San Nicolás', 'Tula']"
7,29,12,13.0821650572063,125.23272,"[11, 12, 21, 23, 32, 34, 39]","['González', 'Güémez', 'Matamoros', 'Mier', 'Río Bravo', 'San Fernando', 'Valle Hermoso']"
7,29,13,39.24114968378519,89.54682,"[7, 11, 14, 18, 21, 26, 35]","['Casas', 'González', 'Gustavo Díaz Ordaz', 'Llera', 'Matamoros', 'Nuevo Laredo', 'San Nicolás']"
10,0,1,5.7324467559894,106.008269,"[2, 11, 13, 21, 22, 31, 32, 34, 39, 40]","['Altamira', 'González', 'Guerrero', 'Matamoros', 'Méndez', 'Reynosa', 'Río Bravo', 'San Fernando', 'Valle Hermoso', 'Victoria']"
10,0,2,5.138918504543778,125.23272,"[2, 11, 12, 21, 22, 23, 31, 32, 34, 39]","['Altamira', 'González', 'Güémez', 'Matamoros', 'Méndez', 'Mier', 'Reynosa', 'Río Bravo', 'San Fernando', 'Valle Hermoso']"
10,0,3,4.080671554817162,129.804564,"[2, 7, 11, 21, 22, 24, 31, 32, 34, 39]","['Altamira', 'Casas', 'González', 'Matamoros', 'Méndez', 'Miguel Alemán', 'Reynosa', 'Río Bravo', 'San Fernando', 'Valle Hermoso']"
10,0,4,3.721808806322683,197.327862,"[2, 7, 11, 21, 22, 31, 32, 34, 36, 39]","['Altamira', 'Casas', 'González', 'Matamoros', 'Méndez', 'Reynosa', 'Río Bravo', 'San Fernando', 'Soto la Marina', 'Valle Hermoso']"
10,0,5,3.9182121727592514,146.150389,"[2, 6, 7, 11, 21, 22, 31, 32, 34, 39]","['Altamira', 'Camargo', 'Casas', 'González', 'Matamoros', 'Méndez', 'Reynosa', 'Río Bravo', 'San Fernando', 'Valle Hermoso']"
10,0,6,4.196939079436624,128.460678,"[2, 7, 11, 21, 22, 23, 31, 32, 34, 39]","['Altamira', 'Casas', 'González', 'Matamoros', 'Méndez', 'Mier', 'Reynosa', 'Río Bravo', 'San Fernando', 'Valle Hermoso']"
10,0,7,14.323311192424004,79.055282,"[2, 6, 11, 19, 21, 26, 29, 32, 34, 38]","['Altamira', 'Camargo', 'González', 'Mainero', 'Matamoros', 'Nuevo Laredo', 'Padilla', 'Río Bravo', 'San Fernando', 'Tula']"
10,0,8,7.283771005422787,103.28924,"[6, 11, 21, 22, 26, 31, 32, 34, 39, 40]","['Camargo', 'González', 'Matamoros', 'Méndez', 'Nuevo Laredo', 'Reynosa', 'Río Bravo', 'San Fernando', 'Valle Hermoso', 'Victoria']"
10,0,9,5.5995143367154245,122.698237,"[2, 11, 21, 22, 23, 31, 32, 34, 39, 40]","['Altamira', 'González', 'Matamoros', 'Méndez', 'Mier', 'Reynosa', 'Río Bravo', 'San Fernando', 'Valle Hermoso', 'Victoria']"
10,0,10,14.72528219341643,67.706109,"[2, 6, 7, 16, 20, 21, 26, 32, 33, 34]","['Altamira', 'Camargo', 'Casas', 'Jaumave', 'El Mante', 'Matamoros', 'Nuevo Laredo', 'Río Bravo', 'San Carlos', 'San Fernando']"
10,0,11,11.40444728295083,81.44207,"[1, 6, 7, 15, 21, 26, 28, 32, 34, 39]","['Aldama', 'Camargo', 'Casas', 'Hidalgo', 'Matamoros', 'Nuevo Laredo', 'Ocampo', 'Río Bravo', 'San Fernando', 'Valle Hermoso']"
10,0,12,25.601257471372033,60.344421,"[2, 4, 6, 7, 15, 16, 20, 26, 32, 34]","['Altamira', 'Burgos', 'Camargo', 'Casas', 'Hidalgo', 'Jaumave', 'El Mante', 'Nuevo Laredo', 'Río Bravo', 'San Fernando']"
10,0,13,10.668640302516568,89.54682,"[6, 7, 11, 18, 21, 26, 32, 33, 34, 39]","['Camargo', 'Casas', 'González', 'Llera', 'Matamoros', 'Nuevo Laredo', 'Río Bravo', 'San Carlos', 'San Fernando', 'Valle Hermoso']"
10,0,14,9.128821975351014,91.820321,"[6, 11, 18, 21, 22, 26, 29, 32, 34, 39]","['Camargo', 'González', 'Llera', 'Matamoros', 'Méndez', 'Nuevo Laredo', 'Padilla', 'Río Bravo', 'San Fernando', 'Valle Hermoso']"
10,1,1,4.080671554817162,129.804564,"[2, 7, 11, 21, 22, 24, 31, 32, 34, 39]","['Altamira', 'Casas', 'González', 'Matamoros', 'Méndez', 'Miguel Alemán', 'Reynosa', 'Río Bravo', 'San Fernando', 'Valle Hermoso']"
10,1,2,5.7324467559894,106.008269,"[2, 11, 13, 21, 22, 31, 32, 34, 39, 40]","['Altamira', 'González', 'Guerrero', 'Matamoros', 'Méndez', 'Reynosa', 'Río Bravo', 'San Fernando', 'Valle Hermoso', 'Victoria']"
10,1,3,4.196939079436624,128.460678,"[2, 7, 11, 21, 22, 23, 31, 32, 34, 39]","['Altamira', 'Casas', 'González', 'Matamoros', 'Méndez', 'Mier', 'Reynosa', 'Río Bravo', 'San Fernando', 'Valle Hermoso']"
10,1,4,3.9182121727592514,146.150389,"[2, 6, 7, 11, 21, 22, 31, 32, 34, 39]","['Altamira', 'Camargo', 'Casas', 'González', 'Matamoros', 'Méndez', 'Reynosa', 'Río Bravo', 'San Fernando', 'Valle Hermoso']"
10,1,5,5.5995143367154245,122.698237,"[2, 11, 21, 22, 23, 31, 32, 34, 39, 40]","['Altamira', 'González', 'Matamoros', 'Méndez', 'Mier', 'Reynosa', 'Río Bravo', 'San Fernando', 'Valle Hermoso', 'Victoria']"
10,1,6,7.283771005422787,103.28924,"[6, 11, 21, 22, 26, 31, 32, 34, 39, 40]","['Camargo', 'González', 'Matamoros', 'Méndez', 'Nuevo Laredo', 'Reynosa', 'Río Bravo', 'San Fernando', 'Valle Hermoso', 'Victoria']"
10,1,7,3.721808806322683,197.327862,"[2, 7, 11, 21, 22, 31, 32, 34, 36, 39]","['Altamira', 'Casas', 'González', 'Matamoros', 'Méndez', 'Reynosa', 'Río Bravo', 'San Fernando', 'Soto la Marina', 'Valle Hermoso']"
10,1,8,11.140196046501819,81.482774,"[1, 6, 7, 21, 26, 32, 33, 34, 38, 39]","['Aldama', 'Camargo', 'Casas', 'Matamoros', 'Nuevo Laredo', 'Río Bravo', 'San Carlos', 'San Fernando', 'Tula', 'Valle Hermoso']"
10,1,9,12.821036340114002,74.208543,"[2, 6, 7, 11, 21, 26, 32, 33, 34, 38]","['Altamira', 'Camargo', 'Casas', 'González', 'Matamoros', 'Nuevo Laredo', 'Río Bravo', 'San Carlos', 'San Fernando', 'Tula']"
10,1,10,10.856914590451453,89.54682,"[6, 7, 11, 16, 21, 26, 32, 33, 34, 39]","['Camargo', 'Casas', 'González', 'Jaumave', 'Matamoros', 'Nuevo Laredo', 'Río Bravo', 'San Carlos', 'San Fernando', 'Valle Hermoso']"
10,1,11,8.614259057454806,99.762503,"[4, 6, 11, 21, 26, 31, 32, 34, 39, 40]","['Burgos', 'Camargo', 'González', 'Matamoros', 'Nuevo Laredo', 'Reynosa', 'Río Bravo', 'San Fernando', 'Valle Hermoso', 'Victoria']"
10,1,12,5.138918504543778,125.23272,"[2, 11, 12, 21, 22, 23, 31, 32, 34, 39]","['Altamira', 'González', 'Güémez', 'Matamoros', 'Méndez', 'Mier', 'Reynosa', 'Río Bravo', 'San Fernando', 'Valle Hermoso']"
10,1,13,14.72528219341643,67.706109,"[2, 6, 7, 16, 20, 21, 26, 32, 33, 34]","['Altamira', 'Camargo', 'Casas', 'Jaumave', 'El Mante', 'Matamoros', 'Nuevo Laredo', 'Río Bravo', 'San Carlos', 'San Fernando']"
10,1,14,26.668683915340722,60.344421,"[2, 6, 7, 15, 16, 20, 26, 32, 33, 34]","['Altamira', 'Camargo', 'Casas', 'Hidalgo', 'Jaumave', 'El Mante', 'Nuevo Laredo', 'Río Bravo', 'San Carlos', 'San Fernando']"
10,1,15,9.19957393460242,91.820321,"[11, 14, 18, 21, 22, 26, 29, 32, 34, 39]","['González', 'Gustavo Díaz Ordaz', 'Llera', 'Matamoros', 'Méndez', 'Nuevo Laredo', 'Padilla', 'Río Bravo', 'San Fernando', 'Valle Hermoso']"
10,2,1,5.7324467559894,106.008269,"[2, 11, 13, 21, 22, 31, 32, 34, 39, 40]","['Altamira', 'González', 'Guerrero', 'Matamoros', 'Méndez', 'Reynosa', 'Río Bravo', 'San Fernando', 'Valle Hermoso', 'Victoria']"
10,2,2,10.659492623042665,91.820321,"[5, 11, 14, 21, 22, 26, 29, 31, 32, 34]","['Bustamante', 'González', 'Gustavo Díaz Ordaz', 'Matamoros', 'Méndez', 'Nuevo Laredo', 'Padilla', 'Reynosa', 'Río Bravo', 'San Fernando']"
10,2,3,3.9182121727592514,146.150389,"[2, 6, 7, 11, 21, 22, 31, 32, 34, 39]","['Altamira', 'Camargo', 'Casas', 'González', 'Matamoros', 'Méndez', 'Reynosa', 'Río Bravo', 'San Fernando', 'Valle Hermoso']"
10,2,4,4.196939079436624,128.460678,"[2, 7, 11, 21, 22, 23, 31, 32, 34, 39]","['Altamira', 'Casas', 'González', 'Matamoros', 'Méndez', 'Mier', 'Reynosa', 'Río Bravo', 'San Fernando', 'Valle Hermoso']"
10,2,5,7.283771005422787,103.28924,"[6, 11, 21, 22, 26, 31, 32, 34, 39, 40]","['Camargo', 'González', 'Matamoros', 'Méndez', 'Nuevo Laredo', 'Reynosa', 'Río Bravo', 'San Fernando', 'Valle Hermoso', 'Victoria']"
10,2,6,3.721808806322683,197.327862,"[2, 7, 11, 21, 22, 31, 32, 34, 36, 39]","['Altamira', 'Casas', 'González', 'Matamoros', 'Méndez', 'Reynosa', 'Río Bravo', 'San Fernando', 'Soto la Marina', 'Valle Hermoso']"
10,2,7,4.080671554817162,129.804564,"[2, 7, 11, 21, 22, 24, 31, 32, 34, 39]","['Altamira', 'Casas', 'González', 'Matamoros', 'Méndez', 'Miguel Alemán', 'Reynosa', 'Río Bravo', 'San Fernando', 'Valle Hermoso']"
10,2,8,8.97079739603194,101.132136,"[4, 6, 11, 18, 21, 26, 31, 32, 34, 39]","['Burgos', 'Camargo', 'González', 'Llera', 'Matamoros', 'Nuevo Laredo', 'Reynosa', 'Río Bravo', 'San Fernando', 'Valle Hermoso']"
10,2,9,12.821036340114002,74.208543,"[2, 6, 7, 11, 21, 26, 32, 33, 34, 38]","['Altamira', 'Camargo', 'Casas', 'González', 'Matamoros', 'Nuevo Laredo', 'Río Bravo', 'San Carlos', 'San Fernando', 'Tula']"
10,2,10,14.72528219341643,67.706109,"[2, 6, 7, 16, 20, 21, 26, 32, 33, 34]","['Altamira', 'Camargo', 'Casas', 'Jaumave', 'El Mante', 'Matamoros', 'Nuevo Laredo', 'Río Bravo', 'San Carlos', 'San Fernando']"
10,2,11,5.5995143367154245,122.698237,"[2, 11, 21, 22, 23, 31, 32, 34, 39, 40]","['Altamira', 'González', 'Matamoros', 'Méndez', 'Mier', 'Reynosa', 'Río Bravo', 'San Fernando', 'Valle Hermoso', 'Victoria']"
10,2,12,10.668640302516568,89.54682,"[6, 7, 11, 18, 21, 26, 32, 33, 34, 39]","['Camargo', 'Casas', 'González', 'Llera', 'Matamoros', 'Nuevo Laredo', 'Río Bravo', 'San Carlos', 'San Fernando', 'Valle Hermoso']"
10,2,13,9.248905332630365,93.902475,"[6, 11, 12, 18, 21, 22, 26, 32, 34, 39]","['Camargo', 'González', 'Güémez', 'Llera', 'Matamoros', 'Méndez', 'Nuevo Laredo', 'Río Bravo', 'San Fernando', 'Valle Hermoso']"
10,2,14,31.29168327105574,59.942255,"[2, 5, 6, 7, 9, 11, 15, 26, 32, 42]","['Altamira', 'Bustamante', 'Camargo', 'Casas', 'Cruillas', 'González', 'Hidalgo', 'Nuevo Laredo', 'Río Bravo', 'Xicoténcatl']"
10,2,15,5.138918504543778,125.23272,"[2, 11, 12, 21, 22, 23, 31, 32, 34, 39]","['Altamira', 'González', 'Güémez', 'Matamoros', 'Méndez', 'Mier', 'Reynosa', 'Río Bravo', 'San Fernando', 'Valle Hermoso']"
10,2,16,11.140196046501819,81.482774,"[1, 6, 7, 21, 26, 32, 33, 34, 38, 39]","['Aldama', 'Camargo', 'Casas', 'Matamoros', 'Nuevo Laredo', 'Río Bravo', 'San Carlos', 'San Fernando', 'Tula', 'Valle Hermoso']"
10,2,17,21.329850268313294,60.344421,"[2, 6, 7, 9, 15, 16, 20, 21, 26, 32]","['Altamira', 'Camargo', 'Casas', 'Cruillas', 'Hidalgo', 'Jaumave', 'El Mante', 'Matamoros', 'Nuevo Laredo', 'Río Bravo']"
10,2,18,10.016247043103954,92.781591,"[4, 5, 7, 11, 14, 21, 26, 32, 34, 39]","['Burgos', 'Bustamante', 'Casas', 'González', 'Gustavo Díaz Ordaz', 'Matamoros', 'Nuevo Laredo', 'Río Bravo', 'San Fernando', 'Valle Hermoso']"
10,3,1,3.721808806322683,197.327862,"[2, 7, 11, 21, 22, 31, 32, 34, 36, 39]","['Altamira', 'Casas', 'González', 'Matamoros', 'Méndez', 'Reynosa', 'Río Bravo', 'San Fernando', 'Soto la Marina', 'Valle Hermoso']"
10,3,2,5.7324467559894,106.008269,"[2, 11, 13, 21, 22, 31, 32, 34, 39, 40]","['Altamira', 'González', 'Guerrero', 'Matamoros', 'Méndez', 'Reynosa', 'Río Bravo', 'San Fernando', 'Valle Hermoso', 'Victoria']"
10,3,3,5.138918504543778,125.23272,"[2, 11, 12, 21, 22, 23, 31, 32, 34, 39]","['Altamira', 'González', 'Güémez', 'Matamoros', 'Méndez', 'Mier', 'Reynosa', 'Río Bravo', 'San Fernando', 'Valle Hermoso']"
10,3,4,4.196939079436624,128.460678,"[2, 7, 11, 21, 22, 23, 31, 32, 34, 39]","['Altamira', 'Casas', 'González', 'Matamoros', 'Méndez', 'Mier', 'Reynosa', 'Río Bravo', 'San Fernando', 'Valle Hermoso']"
10,3,5,3.9182121727592514,146.150389,"[2, 6, 7, 11, 21, 22, 31, 32, 34, 39]","['Altamira', 'Camargo', 'Casas', 'González', 'Matamoros', 'Méndez', 'Reynosa', 'Río Bravo', 'San Fernando', 'Valle Hermoso']"
10,3,6,4.080671554817162,129.804564,"[2, 7, 11, 21, 22, 24, 31, 32, 34, 39]","['Altamira', 'Casas', 'González', 'Matamoros', 'Méndez', 'Miguel Alemán', 'Reynosa', 'Río Bravo', 'San Fernando', 'Valle Hermoso']"
10,3,7,7.283771005422787,103.28924,"[6, 11, 21, 22, 26, 31, 32, 34, 39, 40]","['Camargo', 'González', 'Matamoros', 'Méndez', 'Nuevo Laredo', 'Reynosa', 'Río Bravo', 'San Fernando', 'Valle Hermoso', 'Victoria']"
10,3,8,16.541484312353553,65.402652,"[2, 10, 15, 17, 21, 24, 26, 30, 32, 34]","['Altamira', 'Gómez Farías', 'Hidalgo', 'Jiménez', 'Matamoros', 'Miguel Alemán', 'Nuevo Laredo', 'Palmillas', 'Río Bravo', 'San Fernando']"
10,3,9,5.5995143367154245,122.698237,"[2, 11, 21, 22, 23, 31, 32, 34, 39, 40]","['Altamira', 'González', 'Matamoros', 'Méndez', 'Mier', 'Reynosa', 'Río Bravo', 'San Fernando', 'Valle Hermoso', 'Victoria']"
10,3,10,11.40444728295083,81.44207,"[1, 6, 7, 15, 21, 26, 28, 32, 34, 39]","['Aldama', 'Camargo', 'Casas', 'Hidalgo', 'Matamoros', 'Nuevo Laredo', 'Ocampo', 'Río Bravo', 'San Fernando', 'Valle Hermoso']"
10,3,11,15.211525853819023,69.722158,"[2, 6, 7, 15, 21, 26, 30, 32, 34, 42]","['Altamira', 'Camargo', 'Casas', 'Hidalgo', 'Matamoros', 'Nuevo Laredo', 'Palmillas', 'Río Bravo', 'San Fernando', 'Xicoténcatl']"
10,3,12,9.128821975351014,91.820321,"[6, 11, 18, 21, 22, 26, 29, 32, 34, 39]","['Camargo', 'González', 'Llera', 'Matamoros', 'Méndez', 'Nuevo Laredo', 'Padilla', 'Río Bravo', 'San Fernando', 'Valle Hermoso']"
10,3,13,14.856927587203986,73.454405,"[2, 7, 14, 21, 26, 30, 32, 33, 34, 42]","['Altamira', 'Casas', 'Gustavo Díaz Ordaz', 'Matamoros', 'Nuevo Laredo', 'Palmillas', 'Río Bravo', 'San Carlos', 'San Fernando', 'Xicoténcatl']"
10,3,14,33.728555548502996,60.344421,"[2, 7, 13, 15, 22, 26, 30, 32, 33, 42]","['Altamira', 'Casas', 'Guerrero', 'Hidalgo', 'Méndez', 'Nuevo Laredo', 'Palmillas', 'Río Bravo', 'San Carlos', 'Xicoténcatl']"
10,3,15,14.609542534244842,81.262904,"[1, 14, 21, 26, 32, 33, 34, 36, 40, 42]","['Aldama', 'Gustavo Díaz Ordaz', 'Matamoros', 'Nuevo Laredo', 'Río Bravo', 'San Carlos', 'San Fernando', 'Soto la Marina', 'Victoria', 'Xicoténcatl']"
10,3,16,21.608193231543744,62.388018,"[2, 6, 7, 15, 21, 22, 26, 30, 32, 42]","['Altamira', 'Camargo', 'Casas', 'Hidalgo', 'Matamoros', 'Méndez', 'Nuevo Laredo', 'Palmillas', 'Río Bravo', 'Xicoténcatl']"
10,3,17,14.693815153114109,78.541369,"[2, 14, 21, 26, 32, 33, 34, 36, 40, 42]","['Altamira', 'Gustavo Díaz Ordaz', 'Matamoros', 'Nuevo Laredo', 'Río Bravo', 'San Carlos', 'San Fernando', 'Soto la Marina', 'Victoria', 'Xicoténcatl']"
10,3,18,11.133722168349841,89.54682,"[7, 11, 14, 18, 21, 26, 32, 34, 39, 41]","['Casas', 'González', 'Gustavo Díaz Ordaz', 'Llera', 'Matamoros', 'Nuevo Laredo', 'Río Bravo', 'San Fernando', 'Valle Hermoso', 'Villagrán']"
10,3,19,15.39878627210934,67.706109,"[2, 7, 10, 21, 23, 26, 30, 32, 33, 34]","['Altamira', 'Casas', 'Gómez Farías', 'Matamoros', 'Mier', 'Nuevo Laredo', 'Palmillas', 'Río Bravo', 'San Carlos', 'San Fernando']"
10,4,1,7.283771005422787,103.28924,"[6, 11, 21, 22, 26, 31, 32, 34, 39, 40]","['Camargo', 'González', 'Matamoros', 'Méndez', 'Nuevo Laredo', 'Reynosa', 'Río Bravo', 'San Fernando', 'Valle Hermoso', 'Victoria']"
10,4,2,5.5995143367154245,122.698237,"[2, 11, 21, 22, 23, 31, 32, 34, 39, 40]","['Altamira', 'González', 'Matamoros', 'Méndez', 'Mier', 'Reynosa', 'Río Bravo', 'San Fernando', 'Valle Hermoso', 'Victoria']"
10,4,3,3.721808806322683,197.327862,"[2, 7, 11, 21, 22, 31, 32, 34, 36, 39]","['Altamira', 'Casas', 'González', 'Matamoros', 'Méndez', 'Reynosa', 'Río Bravo', 'San Fernando', 'Soto la Marina', 'Valle Hermoso']"
10,4,4,3.9182121727592514,146.150389,"[2, 6, 7, 11, 21, 22, 31, 32, 34, 39]","['Altamira', 'Camargo', 'Casas', 'González', 'Matamoros', 'Méndez', 'Reynosa', 'Río Bravo', 'San Fernando', 'Valle Hermoso']"
10,4,5,4.080671554817162,129.804564,"[2, 7, 11, 21, 22, 24, 31, 32, 34, 39]","['Altamira', 'Casas', 'González', 'Matamoros', 'Méndez', 'Miguel Alemán', 'Reynosa', 'Río Bravo', 'San Fernando', 'Valle Hermoso']"
10,4,6,5.138918504543778,125.23272,"[2, 11, 12, 21, 22, 23, 31, 32, 34, 39]","['Altamira', 'González', 'Güémez', 'Matamoros', 'Méndez', 'Mier', 'Reynosa', 'Río Bravo', 'San Fernando', 'Valle Hermoso']"
10,4,7,4.196939079436624,128.460678,"[2, 7, 11, 21, 22, 23, 31, 32, 34, 39]","['Altamira', 'Casas', 'González', 'Matamoros', 'Méndez', 'Mier', 'Reynosa', 'Río Bravo', 'San Fernando', 'Valle Hermoso']"
10,4,8,5.7324467559894,106.008269,"[2, 11, 13, 21, 22, 31, 32, 34, 39, 40]","['Altamira', 'González', 'Guerrero', 'Matamoros', 'Méndez', 'Reynosa', 'Río Bravo', 'San Fernando', 'Valle Hermoso', 'Victoria']"
10,4,9,9.128821975351014,91.820321,"[6, 11, 18, 21, 22, 26, 29, 32, 34, 39]","['Camargo', 'González', 'Llera', 'Matamoros', 'Méndez', 'Nuevo Laredo', 'Padilla', 'Río Bravo', 'San Fernando', 'Valle Hermoso']"
10,4,10,10.668640302516568,89.54682,"[6, 7, 11, 18, 21, 26, 32, 33, 34, 39]","['Camargo', 'Casas', 'González', 'Llera', 'Matamoros', 'Nuevo Laredo', 'Río Bravo', 'San Carlos', 'San Fernando', 'Valle Hermoso']"
10,4,11,12.821036340114002,74.208543,"[2, 6, 7, 11, 21, 26, 32, 33, 34, 38]","['Altamira', 'Camargo', 'Casas', 'González', 'Matamoros', 'Nuevo Laredo', 'Río Bravo', 'San Carlos', 'San Fernando', 'Tula']"
10,4,12,8.89298596413218,99.762503,"[4, 11, 21, 23, 26, 31, 32, 34, 39, 40]","['Burgos', 'González', 'Matamoros', 'Mier', 'Nuevo Laredo', 'Reynosa', 'Río Bravo', 'San Fernando', 'Valle Hermoso', 'Victoria']"
10,4,13,11.630545922439909,81.482774,"[2, 6, 7, 21, 26, 32, 33, 34, 38, 39]","['Altamira', 'Camargo', 'Casas', 'Matamoros', 'Nuevo Laredo', 'Río Bravo', 'San Carlos', 'San Fernando', 'Tula', 'Valle Hermoso']"
10,4,14,14.774842752356475,67.706109,"[2, 6, 7, 21, 26, 32, 33, 34, 38, 42]","['Altamira', 'Camargo', 'Casas', 'Matamoros', 'Nuevo Laredo', 'Río Bravo', 'San Carlos', 'San Fernando', 'Tula', 'Xicoténcatl']"
10,5,1,3.721808806322683,197.327862,"[2, 7, 11, 21, 22, 31, 32, 34, 36, 39]","['Altamira', 'Casas', 'González', 'Matamoros', 'Méndez', 'Reynosa', 'Río Bravo', 'San Fernando', 'Soto la Marina', 'Valle Hermoso']"
10,5,2,5.7324467559894,106.008269,"[2, 11, 13, 21, 22, 31, 32, 34, 39, 40]","['Altamira', 'González', 'Guerrero', 'Matamoros', 'Méndez', 'Reynosa', 'Río Bravo', 'San Fernando', 'Valle Hermoso', 'Victoria']"
10,5,3,4.196939079436624,128.460678,"[2, 7, 11, 21, 22, 23, 31, 32, 34, 39]","['Altamira', 'Casas', 'González', 'Matamoros', 'Méndez', 'Mier', 'Reynosa', 'Río Bravo', 'San Fernando', 'Valle Hermoso']"
10,5,4,4.080671554817162,129.804564,"[2, 7, 11, 21, 22, 24, 31, 32, 34, 39]","['Altamira', 'Casas', 'González', 'Matamoros', 'Méndez', 'Miguel Alemán', 'Reynosa', 'Río Bravo', 'San Fernando', 'Valle Hermoso']"
10,5,5,5.5995143367154245,122.698237,"[2, 11, 21, 22, 23, 31, 32, 34, 39, 40]","['Altamira', 'González', 'Matamoros', 'Méndez', 'Mier', 'Reynosa', 'Río Bravo', 'San Fernando', 'Valle Hermoso', 'Victoria']"
10,5,6,5.138918504543778,125.23272,"[2, 11, 12, 21, 22, 23, 31, 32, 34, 39]","['Altamira', 'González', 'Güémez', 'Matamoros', 'Méndez', 'Mier', 'Reynosa', 'Río Bravo', 'San Fernando', 'Valle Hermoso']"
10,5,7,3.9182121727592514,146.150389,"[2, 6, 7, 11, 21, 22, 31, 32, 34, 39]","['Altamira', 'Camargo', 'Casas', 'González', 'Matamoros', 'Méndez', 'Reynosa', 'Río Bravo', 'San Fernando', 'Valle Hermoso']"
10,5,8,7.283771005422787,103.28924,"[6, 11, 21, 22, 26, 31, 32, 34, 39, 40]","['Camargo', 'González', 'Matamoros', 'Méndez', 'Nuevo Laredo', 'Reynosa', 'Río Bravo', 'San Fernando', 'Valle Hermoso', 'Victoria']"
10,5,9,21.57989740962513,64.305504,"[2, 6, 7, 20, 21, 22, 26, 32, 38, 41]","['Altamira', 'Camargo', 'Casas', 'El Mante', 'Matamoros', 'Méndez', 'Nuevo Laredo', 'Río Bravo', 'Tula', 'Villagrán']"
10,5,10,14.774842752356475,67.706109,"[2, 6, 7, 21, 26, 32, 33, 34, 38, 42]","['Altamira', 'Camargo', 'Casas', 'Matamoros', 'Nuevo Laredo', 'Río Bravo', 'San Carlos', 'San Fernando', 'Tula', 'Xicoténcatl']"
10,5,11,21.589170440605017,60.344421,"[2, 6, 7, 20, 21, 22, 26, 30, 32, 41]","['Altamira', 'Camargo', 'Casas', 'El Mante', 'Matamoros', 'Méndez', 'Nuevo Laredo', 'Palmillas', 'Río Bravo', 'Villagrán']"
10,5,12,11.140196046501819,81.482774,"[1, 6, 7, 21, 26, 32, 33, 34, 38, 39]","['Aldama', 'Camargo', 'Casas', 'Matamoros', 'Nuevo Laredo', 'Río Bravo', 'San Carlos', 'San Fernando', 'Tula', 'Valle Hermoso']"
10,5,13,12.821036340114002,74.208543,"[2, 6, 7, 11, 21, 26, 32, 33, 34, 38]","['Altamira', 'Camargo', 'Casas', 'González', 'Matamoros', 'Nuevo Laredo', 'Río Bravo', 'San Carlos', 'San Fernando', 'Tula']"
10,5,14,9.128821975351014,91.820321,"[6, 11, 18, 21, 22, 26, 29, 32, 34, 39]","['Camargo', 'González', 'Llera', 'Matamoros', 'Méndez', 'Nuevo Laredo', 'Padilla', 'Río Bravo', 'San Fernando', 'Valle Hermoso']"
10,5,15,10.668640302516568,89.54682,"[6, 7, 11, 18, 21, 26, 32, 33, 34, 39]","['Camargo', 'Casas', 'González', 'Llera', 'Matamoros', 'Nuevo Laredo', 'Río Bravo', 'San Carlos', 'San Fernando', 'Valle Hermoso']"
10,6,1,4.080671554817162,129.804564,"[2, 7, 11, 21, 22, 24, 31, 32, 34, 39]","['Altamira', 'Casas', 'González', 'Matamoros', 'Méndez', 'Miguel Alemán', 'Reynosa', 'Río Bravo', 'San Fernando', 'Valle Hermoso']"
10,6,2,5.5995143367154245,122.698237,"[2, 11, 21, 22, 23, 31, 32, 34, 39, 40]","['Altamira', 'González', 'Matamoros', 'Méndez', 'Mier', 'Reynosa', 'Río Bravo', 'San Fernando', 'Valle Hermoso', 'Victoria']"
10,6,3,7.283771005422787,103.28924,"[6, 11, 21, 22, 26, 31, 32, 34, 39, 40]","['Camargo', 'González', 'Matamoros', 'Méndez', 'Nuevo Laredo', 'Reynosa', 'Río Bravo', 'San Fernando', 'Valle Hermoso', 'Victoria']"
10,6,4,3.721808806322683,197.327862,"[2, 7, 11, 21, 22, 31, 32, 34, 36, 39]","['Altamira', 'Casas', 'González', 'Matamoros', 'Méndez', 'Reynosa', 'Río Bravo', 'San Fernando', 'Soto la Marina', 'Valle Hermoso']"
10,6,5,4.196939079436624,128.460678,"[2, 7, 11, 21, 22, 23, 31, 32, 34, 39]","['Altamira', 'Casas', 'González', 'Matamoros', 'Méndez', 'Mier', 'Reynosa', 'Río Bravo', 'San Fernando', 'Valle Hermoso']"
10,6,6,3.9182121727592514,146.150389,"[2, 6, 7, 11, 21, 22, 31, 32, 34, 39]","['Altamira', 'Camargo', 'Casas', 'González', 'Matamoros', 'Méndez', 'Reynosa', 'Río Bravo', 'San Fernando', 'Valle Hermoso']"
10,6,7,5.7324467559894,106.008269,"[2, 11, 13, 21, 22, 31, 32, 34, 39, 40]","['Altamira', 'González', 'Guerrero', 'Matamoros', 'Méndez', 'Reynosa', 'Río Bravo', 'San Fernando', 'Valle Hermoso', 'Victoria']"
10,6,8,5.138918504543778,125.23272,"[2, 11, 12, 21, 22, 23, 31, 32, 34, 39]","['Altamira', 'González', 'Güémez', 'Matamoros', 'Méndez', 'Mier', 'Reynosa', 'Río Bravo', 'San Fernando', 'Valle Hermoso']"
10,6,9,9.128821975351014,91.820321,"[6, 11, 18, 21, 22, 26, 29, 32, 34, 39]","['Camargo', 'González', 'Llera', 'Matamoros', 'Méndez', 'Nuevo Laredo', 'Padilla', 'Río Bravo', 'San Fernando', 'Valle Hermoso']"
10,6,10,12.821036340114002,74.208543,"[2, 6, 7, 11, 21, 26, 32, 33, 34, 38]","['Altamira', 'Camargo', 'Casas', 'González', 'Matamoros', 'Nuevo Laredo', 'Río Bravo', 'San Carlos', 'San Fernando', 'Tula']"
10,6,11,14.72528219341643,67.706109,"[2, 6, 7, 16, 20, 21, 26, 32, 33, 34]","['Altamira', 'Camargo', 'Casas', 'Jaumave', 'El Mante', 'Matamoros', 'Nuevo Laredo', 'Río Bravo', 'San Carlos', 'San Fernando']"
10,6,12,10.668640302516568,89.54682,"[6, 7, 11, 18, 21, 26, 32, 33, 34, 39]","['Camargo', 'Casas', 'González', 'Llera', 'Matamoros', 'Nuevo Laredo', 'Río Bravo', 'San Carlos', 'San Fernando', 'Valle Hermoso']"
10,6,13,11.534525953083687,81.482774,"[1, 6, 7, 21, 26, 32, 34, 38, 39, 41]","['Aldama', 'Camargo', 'Casas', 'Matamoros', 'Nuevo Laredo', 'Río Bravo', 'San Fernando', 'Tula', 'Valle Hermoso', 'Villagrán']"
10,6,14,21.583013534457116,60.344421,"[2, 6, 7, 16, 21, 22, 26, 32, 41, 42]","['Altamira', 'Camargo', 'Casas', 'Jaumave', 'Matamoros', 'Méndez', 'Nuevo Laredo', 'Río Bravo', 'Villagrán', 'Xicoténcatl']"
10,6,15,9.025918383406156,99.762503,"[4, 11, 13, 21, 26, 31, 32, 34, 39, 40]","['Burgos', 'González', 'Guerrero', 'Matamoros', 'Nuevo Laredo', 'Reynosa', 'Río Bravo', 'San Fernando', 'Valle Hermoso', 'Victoria']"
10,6,16,21.56584003666306,64.305504,"[2, 6, 7, 21, 22, 26, 32, 38, 41, 42]","['Altamira', 'Camargo', 'Casas', 'Matamoros', 'Méndez', 'Nuevo Laredo', 'Río Bravo', 'Tula', 'Villagrán', 'Xicoténcatl']"
10,7,1,3.721808806322683,197.327862,"[2, 7, 11, 21, 22, 31, 32, 34, 36, 39]","['Altamira', 'Casas', 'González', 'Matamoros', 'Méndez', 'Reynosa', 'Río Bravo', 'San Fernando', 'Soto la Marina', 'Valle Hermoso']"
10,7,2,4.196939079436624,128.460678,"[2, 7, 11, 21, 22, 23, 31, 32, 34, 39]","['Altamira', 'Casas', 'González', 'Matamoros', 'Méndez', 'Mier', 'Reynosa', 'Río Bravo', 'San Fernando', 'Valle Hermoso']"
10,7,3,3.9182121727592514,146.150389,"[2, 6, 7, 11, 21, 22, 31, 32, 34, 39]","['Altamira', 'Camargo', 'Casas', 'González', 'Matamoros', 'Méndez', 'Reynosa', 'Río Bravo', 'San Fernando', 'Valle Hermoso']"
10,7,4,4.080671554817162,129.804564,"[2, 7, 11, 21, 22, 24, 31, 32, 34, 39]","['Altamira', 'Casas', 'González', 'Matamoros', 'Méndez', 'Miguel Alemán', 'Reynosa', 'Río Bravo', 'San Fernando', 'Valle Hermoso']"
10,7,5,11.09399052838301,89.54682,"[6, 7, 11, 15, 18, 21, 26, 32, 34, 39]","['Camargo', 'Casas', 'González', 'Hidalgo', 'Llera', 'Matamoros', 'Nuevo Laredo', 'Río Bravo', 'San Fernando', 'Valle Hermoso']"
10,7,6,5.5995143367154245,122.698237,"[2, 11, 21, 22, 23, 31, 32, 34, 39, 40]","['Altamira', 'González', 'Matamoros', 'Méndez', 'Mier', 'Reynosa', 'Río Bravo', 'San Fernando', 'Valle Hermoso', 'Victoria']"
10,7,7,5.138918504543778,125.23272,"[2, 11, 12, 21, 22, 23, 31, 32, 34, 39]","['Altamira', 'González', 'Güémez', 'Matamoros', 'Méndez', 'Mier', 'Reynosa', 'Río Bravo', 'San Fernando', 'Valle Hermoso']"
10,7,8,7.283771005422787,103.28924,"[6, 11, 21, 22, 26, 31, 32, 34, 39, 40]","['Camargo', 'González', 'Matamoros', 'Méndez', 'Nuevo Laredo', 'Reynosa', 'Río Bravo', 'San Fernando', 'Valle Hermoso', 'Victoria']"
10,7,9,11.40444728295083,81.44207,"[1, 6, 7, 15, 21, 26, 28, 32, 34, 39]","['Aldama', 'Camargo', 'Casas', 'Hidalgo', 'Matamoros', 'Nuevo Laredo', 'Ocampo', 'Río Bravo', 'San Fernando', 'Valle Hermoso']"
10,7,10,5.7324467559894,106.008269,"[2, 11, 13, 21, 22, 31, 32, 34, 39, 40]","['Altamira', 'González', 'Guerrero', 'Matamoros', 'Méndez', 'Reynosa', 'Río Bravo', 'San Fernando', 'Valle Hermoso', 'Victoria']"
10,7,11,9.128821975351014,91.820321,"[6, 11, 18, 21, 22, 26, 29, 32, 34, 39]","['Camargo', 'González', 'Llera', 'Matamoros', 'Méndez', 'Nuevo Laredo', 'Padilla', 'Río Bravo', 'San Fernando', 'Valle Hermoso']"
10,7,12,10.996684789446833,91.627469,"[6, 7, 11, 21, 26, 28, 32, 34, 35, 39]","['Camargo', 'Casas', 'González', 'Matamoros', 'Nuevo Laredo', 'Ocampo', 'Río Bravo', 'San Fernando', 'San Nicolás', 'Valle Hermoso']"
10,7,13,14.195407775075777,81.262904,"[1, 6, 7, 11, 15, 21, 26, 32, 34, 38]","['Aldama', 'Camargo', 'Casas', 'González', 'Hidalgo', 'Matamoros', 'Nuevo Laredo', 'Río Bravo', 'San Fernando', 'Tula']"
10,7,14,21.329850268313294,60.344421,"[2, 6, 7, 9, 15, 16, 20, 21, 26, 32]","['Altamira', 'Camargo', 'Casas', 'Cruillas', 'Hidalgo', 'Jaumave', 'El Mante', 'Matamoros', 'Nuevo Laredo', 'Río Bravo']"
10,7,15,14.768772213700602,80.642886,"[2, 6, 7, 18, 21, 26, 32, 34, 35, 42]","['Altamira', 'Camargo', 'Casas', 'Llera', 'Matamoros', 'Nuevo Laredo', 'Río Bravo', 'San Fernando', 'San Nicolás', 'Xicoténcatl']"
10,7,16,15.15063241928287,69.722158,"[2, 6, 7, 15, 16, 20, 21, 26, 32, 34]","['Altamira', 'Camargo', 'Casas', 'Hidalgo', 'Jaumave', 'El Mante', 'Matamoros', 'Nuevo Laredo', 'Río Bravo', 'San Fernando']"
10,7,17,15.07810650716798,78.541369,"[2, 6, 7, 15, 21, 26, 32, 34, 40, 42]","['Altamira', 'Camargo', 'Casas', 'Hidalgo', 'Matamoros', 'Nuevo Laredo', 'Río Bravo', 'San Fernando', 'Victoria', 'Xicoténcatl']"
10,7,18,15.996314245398324,65.402652,"[2, 6, 15, 16, 17, 20, 21, 26, 32, 34]","['Altamira', 'Camargo', 'Hidalgo', 'Jaumave', 'Jiménez', 'El Mante', 'Matamoros', 'Nuevo Laredo', 'Río Bravo', 'San Fernando']"
10,7,19,15.047189824688608,79.739177,"[2, 6, 7, 15, 18, 21, 26, 32, 34, 42]","['Altamira', 'Camargo', 'Casas', 'Hidalgo', 'Llera', 'Matamoros', 'Nuevo Laredo', 'Río Bravo', 'San Fernando', 'Xicoténcatl']"
10,8,1,5.7324467559894,106.008269,"[2, 11, 13, 21, 22, 31, 32, 34, 39, 40]","['Altamira', 'González', 'Guerrero', 'Matamoros', 'Méndez', 'Reynosa', 'Río Bravo', 'San Fernando', 'Valle Hermoso', 'Victoria']"
10,8,2,3.9182121727592514,146.150389,"[2, 6, 7, 11, 21, 22, 31, 32, 34, 39]","['Altamira', 'Camargo', 'Casas', 'González', 'Matamoros', 'Méndez', 'Reynosa', 'Río Bravo', 'San Fernando', 'Valle Hermoso']"
10,8,3,4.080671554817162,129.804564,"[2, 7, 11, 21, 22, 24, 31, 32, 34, 39]","['Altamira', 'Casas', 'González', 'Matamoros', 'Méndez', 'Miguel Alemán', 'Reynosa', 'Río Bravo', 'San Fernando', 'Valle Hermoso']"
10,8,4,5.5995143367154245,122.698237,"[2, 11, 21, 22, 23, 31, 32, 34, 39, 40]","['Altamira', 'González', 'Matamoros', 'Méndez', 'Mier', 'Reynosa', 'Río Bravo', 'San Fernando', 'Valle Hermoso', 'Victoria']"
10,8,5,4.196939079436624,128.460678,"[2, 7, 11, 21, 22, 23, 31, 32, 34, 39]","['Altamira', 'Casas', 'González', 'Matamoros', 'Méndez', 'Mier', 'Reynosa', 'Río Bravo', 'San Fernando', 'Valle Hermoso']"
10,8,6,11.894797158888919,81.44207,"[2, 6, 7, 15, 21, 26, 28, 32, 34, 39]","['Altamira', 'Camargo', 'Casas', 'Hidalgo', 'Matamoros', 'Nuevo Laredo', 'Ocampo', 'Río Bravo', 'San Fernando', 'Valle Hermoso']"
10,8,7,8.614259057454806,99.762503,"[4, 6, 11, 21, 26, 31, 32, 34, 39, 40]","['Burgos', 'Camargo', 'González', 'Matamoros', 'Nuevo Laredo', 'Reynosa', 'Río Bravo', 'San Fernando', 'Valle Hermoso', 'Victoria']"
10,8,8,3.721808806322683,197.327862,"[2, 7, 11, 21, 22, 31, 32, 34, 36, 39]","['Altamira', 'Casas', 'González', 'Matamoros', 'Méndez', 'Reynosa', 'Río Bravo', 'San Fernando', 'Soto la Marina', 'Valle Hermoso']"
10,8,9,5.138918504543778,125.23272,"[2, 11, 12, 21, 22, 23, 31, 32, 34, 39]","['Altamira', 'González', 'Güémez', 'Matamoros', 'Méndez', 'Mier', 'Reynosa', 'Río Bravo', 'San Fernando', 'Valle Hermoso']"
10,8,10,7.283771005422787,103.28924,"[6, 11, 21, 22, 26, 31, 32, 34, 39, 40]","['Camargo', 'González', 'Matamoros', 'Méndez', 'Nuevo Laredo', 'Reynosa', 'Río Bravo', 'San Fernando', 'Valle Hermoso', 'Victoria']"
10,8,11,16.289639800123727,65.402652,"[2, 6, 10, 17, 21, 26, 30, 32, 34, 41]","['Altamira', 'Camargo', 'Gómez Farías', 'Jiménez', 'Matamoros', 'Nuevo Laredo', 'Palmillas', 'Río Bravo', 'San Fernando', 'Villagrán']"
10,8,12,12.821036340114002,74.208543,"[2, 6, 7, 11, 21, 26, 32, 33, 34, 38]","['Altamira', 'Camargo', 'Casas', 'González', 'Matamoros', 'Nuevo Laredo', 'Río Bravo', 'San Carlos', 'San Fernando', 'Tula']"
10,8,13,21.40274123119529,60.344421,"[2, 6, 7, 9, 15, 20, 21, 26, 30, 32]","['Altamira', 'Camargo', 'Casas', 'Cruillas', 'Hidalgo', 'El Mante', 'Matamoros', 'Nuevo Laredo', 'Palmillas', 'Río Bravo']"
10,8,14,10.668640302516568,89.54682,"[6, 7, 11, 18, 21, 26, 32, 33, 34, 39]","['Camargo', 'Casas', 'González', 'Llera', 'Matamoros', 'Nuevo Laredo', 'Río Bravo', 'San Carlos', 'San Fernando', 'Valle Hermoso']"
10,8,15,21.393468200215406,64.305504,"[2, 6, 7, 9, 15, 20, 21, 26, 32, 38]","['Altamira', 'Camargo', 'Casas', 'Cruillas', 'Hidalgo', 'El Mante', 'Matamoros', 'Nuevo Laredo', 'Río Bravo', 'Tula']"
10,8,16,9.128821975351014,91.820321,"[6, 11, 18, 21, 22, 26, 29, 32, 34, 39]","['Camargo', 'González', 'Llera', 'Matamoros', 'Méndez', 'Nuevo Laredo', 'Padilla', 'Río Bravo', 'San Fernando', 'Valle Hermoso']"
10,8,17,31.32384637594462,59.942255,"[2, 6, 7, 9, 10, 11, 26, 30, 32, 41]","['Altamira', 'Camargo', 'Casas', 'Cruillas', 'Gómez Farías', 'González', 'Nuevo Laredo', 'Palmillas', 'Río Bravo', 'Villagrán']"
10,8,18,14.72528219341643,67.706109,"[2, 6, 7, 16, 20, 21, 26, 32, 33, 34]","['Altamira', 'Camargo', 'Casas', 'Jaumave', 'El Mante', 'Matamoros', 'Nuevo Laredo', 'Río Bravo', 'San Carlos', 'San Fernando']"
10,9,1,5.7324467559894,106.008269,"[2, 11, 13, 21, 22, 31, 32, 34, 39, 40]","['Altamira', 'González', 'Guerrero', 'Matamoros', 'Méndez', 'Reynosa', 'Río Bravo', 'San Fernando', 'Valle Hermoso', 'Victoria']"
10,9,2,3.721808806322683,197.327862,"[2, 7, 11, 21, 22, 31, 32, 34, 36, 39]","['Altamira', 'Casas', 'González', 'Matamoros', 'Méndez', 'Reynosa', 'Río Bravo', 'San Fernando', 'Soto la Marina', 'Valle Hermoso']"
10,9,3,5.5995143367154245,122.698237,"[2, 11, 21, 22, 23, 31, 32, 34, 39, 40]","['Altamira', 'González', 'Matamoros', 'Méndez', 'Mier', 'Reynosa', 'Río Bravo', 'San Fernando', 'Valle Hermoso', 'Victoria']"
10,9,4,3.9182121727592514,146.150389,"[2, 6, 7, 11, 21, 22, 31, 32, 34, 39]","['Altamira', 'Camargo', 'Casas', 'González', 'Matamoros', 'Méndez', 'Reynosa', 'Río Bravo', 'San Fernando', 'Valle Hermoso']"
10,9,5,11.287128661380258,81.482774,"[1, 6, 7, 21, 26, 32, 34, 35, 38, 39]","['Aldama', 'Camargo', 'Casas', 'Matamoros', 'Nuevo Laredo', 'Río Bravo', 'San Fernando', 'San Nicolás', 'Tula', 'Valle Hermoso']"
10,9,6,7.283771005422787,103.28924,"[6, 11, 21, 22, 26, 31, 32, 34, 39, 40]","['Camargo', 'González', 'Matamoros', 'Méndez', 'Nuevo Laredo', 'Reynosa', 'Río Bravo', 'San Fernando', 'Valle Hermoso', 'Victoria']"
10,9,7,11.40444728295083,81.44207,"[1, 6, 7, 15, 21, 26, 28, 32, 34, 39]","['Aldama', 'Camargo', 'Casas', 'Hidalgo', 'Matamoros', 'Nuevo Laredo', 'Ocampo', 'Río Bravo', 'San Fernando', 'Valle Hermoso']"
10,9,8,9.128821975351014,91.820321,"[6, 11, 18, 21, 22, 26, 29, 32, 34, 39]","['Camargo', 'González', 'Llera', 'Matamoros', 'Méndez', 'Nuevo Laredo', 'Padilla', 'Río Bravo', 'San Fernando', 'Valle Hermoso']"
10,9,9,5.138918504543778,125.23272,"[2, 11, 12, 21, 22, 23, 31, 32, 34, 39]","['Altamira', 'González', 'Güémez', 'Matamoros', 'Méndez', 'Mier', 'Reynosa', 'Río Bravo', 'San Fernando', 'Valle Hermoso']"
10,9,10,4.196939079436624,128.460678,"[2, 7, 11, 21, 22, 23, 31, 32, 34, 39]","['Altamira', 'Casas', 'González', 'Matamoros', 'Méndez', 'Mier', 'Reynosa', 'Río Bravo', 'San Fernando', 'Valle Hermoso']"
10,9,11,15.16917265893834,69.722158,"[2, 6, 7, 21, 26, 32, 34, 38, 41, 42]","['Altamira', 'Camargo', 'Casas', 'Matamoros', 'Nuevo Laredo', 'Río Bravo', 'San Fernando', 'Tula', 'Villagrán', 'Xicoténcatl']"
10,9,12,4.080671554817162,129.804564,"[2, 7, 11, 21, 22, 24, 31, 32, 34, 39]","['Altamira', 'Casas', 'González', 'Matamoros', 'Méndez', 'Miguel Alemán', 'Reynosa', 'Río Bravo', 'San Fernando', 'Valle Hermoso']"
10,9,13,10.849752174568396,91.627469,"[6, 7, 11, 21, 26, 28, 32, 33, 34, 39]","['Camargo', 'Casas', 'González', 'Matamoros', 'Nuevo Laredo', 'Ocampo', 'Río Bravo', 'San Carlos', 'San Fernando', 'Valle Hermoso']"
10,9,14,16.10311981738319,65.402652,"[2, 6, 17, 21, 26, 30, 32, 34, 41, 42]","['Altamira', 'Camargo', 'Jiménez', 'Matamoros', 'Nuevo Laredo', 'Palmillas', 'Río Bravo', 'San Fernando', 'Villagrán', 'Xicoténcatl']"
10,9,15,8.614259057454806,99.762503,"[4, 6, 11, 21, 26, 31, 32, 34, 39, 40]","['Burgos', 'Camargo', 'González', 'Matamoros', 'Nuevo Laredo', 'Reynosa', 'Río Bravo', 'San Fernando', 'Valle Hermoso', 'Victoria']"
10,9,16,21.39074370284944,60.344421,"[2, 6, 7, 9, 15, 21, 26, 30, 32, 42]","['Altamira', 'Camargo', 'Casas', 'Cruillas', 'Hidalgo', 'Matamoros', 'Nuevo Laredo', 'Palmillas', 'Río Bravo', 'Xicoténcatl']"
10,9,17,11.065290733771253,89.54682,"[6, 7, 11, 21, 26, 32, 34, 35, 38, 39]","['Camargo', 'Casas', 'González', 'Matamoros', 'Nuevo Laredo', 'Río Bravo', 'San Fernando', 'San Nicolás', 'Tula', 'Valle Hermoso']"
10,9,18,15.895526055892395,67.706109,"[2, 6, 10, 17, 21, 26, 30, 32, 33, 34]","['Altamira', 'Camargo', 'Gómez Farías', 'Jiménez', 'Matamoros', 'Nuevo Laredo', 'Palmillas', 'Río Bravo', 'San Carlos', 'San Fernando']"
10,9,19,13.215366246695869,74.208543,"[2, 6, 7, 11, 21, 26, 32, 34, 38, 41]","['Altamira', 'Camargo', 'Casas', 'González', 'Matamoros', 'Nuevo Laredo', 'Río Bravo', 'San Fernando', 'Tula', 'Villagrán']"
10,9,20,21.379410827253334,64.305504,"[2, 6, 7, 9, 15, 21, 26, 32, 38, 42]","['Altamira', 'Camargo', 'Casas', 'Cruillas', 'Hidalgo', 'Matamoros', 'Nuevo Laredo', 'Río Bravo', 'Tula', 'Xicoténcatl']"
10,9,21,31.480495844755847,59.942255,"[2, 6, 7, 11, 16, 22, 26, 32, 41, 42]","['Altamira', 'Camargo', 'Casas', 'González', 'Jaumave', 'Méndez', 'Nuevo Laredo', 'Río Bravo', 'Villagrán', 'Xicoténcatl']"
10,10,1,4.080671554817162,129.804564,"[2, 7, 11, 21, 22, 24, 31, 32, 34, 39]","['Altamira', 'Casas', 'González', 'Matamoros', 'Méndez', 'Miguel Alemán', 'Reynosa', 'Río Bravo', 'San Fernando', 'Valle Hermoso']"
10,10,2,5.7324467559894,106.008269,"[2, 11, 13, 21, 22, 31, 32, 34, 39, 40]","['Altamira', 'González', 'Guerrero', 'Matamoros', 'Méndez', 'Reynosa', 'Río Bravo', 'San Fernando', 'Valle Hermoso', 'Victoria']"
10,10,3,3.721808806322683,197.327862,"[2, 7, 11, 21, 22, 31, 32, 34, 36, 39]","['Altamira', 'Casas', 'González', 'Matamoros', 'Méndez', 'Reynosa', 'Río Bravo', 'San Fernando', 'Soto la Marina', 'Valle Hermoso']"
10,10,4,4.196939079436624,128.460678,"[2, 7, 11, 21, 22, 23, 31, 32, 34, 39]","['Altamira', 'Casas', 'González', 'Matamoros', 'Méndez', 'Mier', 'Reynosa', 'Río Bravo', 'San Fernando', 'Valle Hermoso']"
10,10,5,5.2718509238177536,125.23272,"[2, 11, 12, 13, 21, 22, 31, 32, 34, 39]","['Altamira', 'González', 'Güémez', 'Guerrero', 'Matamoros', 'Méndez', 'Reynosa', 'Río Bravo', 'San Fernando', 'Valle Hermoso']"
10,10,6,3.9182121727592514,146.150389,"[2, 6, 7, 11, 21, 22, 31, 32, 34, 39]","['Altamira', 'Camargo', 'Casas', 'González', 'Matamoros', 'Méndez', 'Reynosa', 'Río Bravo', 'San Fernando', 'Valle Hermoso']"
10,10,7,21.56584003666306,64.305504,"[2, 6, 7, 21, 22, 26, 32, 38, 41, 42]","['Altamira', 'Camargo', 'Casas', 'Matamoros', 'Méndez', 'Nuevo Laredo', 'Río Bravo', 'Tula', 'Villagrán', 'Xicoténcatl']"
10,10,8,7.283771005422787,103.28924,"[6, 11, 21, 22, 26, 31, 32, 34, 39, 40]","['Camargo', 'González', 'Matamoros', 'Méndez', 'Nuevo Laredo', 'Reynosa', 'Río Bravo', 'San Fernando', 'Valle Hermoso', 'Victoria']"
10,10,9,5.5995143367154245,122.698237,"[2, 11, 21, 22, 23, 31, 32, 34, 39, 40]","['Altamira', 'González', 'Matamoros', 'Méndez', 'Mier', 'Reynosa', 'Río Bravo', 'San Fernando', 'Valle Hermoso', 'Victoria']"
10,10,10,14.774842752356475,67.706109,"[2, 6, 7, 21, 26, 32, 33, 34, 38, 42]","['Altamira', 'Camargo', 'Casas', 'Matamoros', 'Nuevo Laredo', 'Río Bravo', 'San Carlos', 'San Fernando', 'Tula', 'Xicoténcatl']"
10,10,11,11.701297881691312,81.482774,"[2, 7, 14, 21, 26, 32, 33, 34, 38, 39]","['Altamira', 'Casas', 'Gustavo Díaz Ordaz', 'Matamoros', 'Nuevo Laredo', 'Río Bravo', 'San Carlos', 'San Fernando', 'Tula', 'Valle Hermoso']"
10,10,12,21.57717291225917,60.344421,"[2, 6, 7, 21, 22, 26, 30, 32, 41, 42]","['Altamira', 'Camargo', 'Casas', 'Matamoros', 'Méndez', 'Nuevo Laredo', 'Palmillas', 'Río Bravo', 'Villagrán', 'Xicoténcatl']"
10,10,13,10.918358118892815,89.54682,"[6, 7, 11, 21, 26, 32, 33, 34, 38, 39]","['Camargo', 'Casas', 'González', 'Matamoros', 'Nuevo Laredo', 'Río Bravo', 'San Carlos', 'San Fernando', 'Tula', 'Valle Hermoso']"
10,10,14,12.821036340114002,74.208543,"[2, 6, 7, 11, 21, 26, 32, 33, 34, 38]","['Altamira', 'Camargo', 'Casas', 'González', 'Matamoros', 'Nuevo Laredo', 'Río Bravo', 'San Carlos', 'San Fernando', 'Tula']"
10,10,15,31.480495844755847,59.942255,"[2, 6, 7, 11, 16, 22, 26, 32, 41, 42]","['Altamira', 'Camargo', 'Casas', 'González', 'Jaumave', 'Méndez', 'Nuevo Laredo', 'Río Bravo', 'Villagrán', 'Xicoténcatl']"
10,10,16,9.315101706168344,91.820321,"[6, 11, 16, 21, 22, 26, 29, 32, 34, 39]","['Camargo', 'González', 'Jaumave', 'Matamoros', 'Méndez', 'Nuevo Laredo', 'Padilla', 'Río Bravo', 'San Fernando', 'Valle Hermoso']"
10,10,17,9.263813369025653,99.762503,"[6, 11, 21, 22, 26, 29, 32, 34, 39, 40]","['Camargo', 'González', 'Matamoros', 'Méndez', 'Nuevo Laredo', 'Padilla', 'Río Bravo', 'San Fernando', 'Valle Hermoso', 'Victoria']"
10,11,1,3.721808806322683,197.327862,"[2, 7, 11, 21, 22, 31, 32, 34, 36, 39]","['Altamira', 'Casas', 'González', 'Matamoros', 'Méndez', 'Reynosa', 'Río Bravo', 'San Fernando', 'Soto la Marina', 'Valle Hermoso']"
10,11,2,3.9182121727592514,146.150389,"[2, 6, 7, 11, 21, 22, 31, 32, 34, 39]","['Altamira', 'Camargo', 'Casas', 'González', 'Matamoros', 'Méndez', 'Reynosa', 'Río Bravo', 'San Fernando', 'Valle Hermoso']"
10,11,3,7.283771005422787,103.28924,"[6, 11, 21, 22, 26, 31, 32, 34, 39, 40]","['Camargo', 'González', 'Matamoros', 'Méndez', 'Nuevo Laredo', 'Reynosa', 'Río Bravo', 'San Fernando', 'Valle Hermoso', 'Victoria']"
10,11,4,5.7324467559894,106.008269,"[2, 11, 13, 21, 22, 31, 32, 34, 39, 40]","['Altamira', 'González', 'Guerrero', 'Matamoros', 'Méndez', 'Reynosa', 'Río Bravo', 'San Fernando', 'Valle Hermoso', 'Victoria']"
10,11,5,4.196939079436624,128.460678,"[2, 7, 11, 21, 22, 23, 31, 32, 34, 39]","['Altamira', 'Casas', 'González', 'Matamoros', 'Méndez', 'Mier', 'Reynosa', 'Río Bravo', 'San Fernando', 'Valle Hermoso']"
10,11,6,5.5995143367154245,122.698237,"[2, 11, 21, 22, 23, 31, 32, 34, 39, 40]","['Altamira', 'González', 'Matamoros', 'Méndez', 'Mier', 'Reynosa', 'Río Bravo', 'San Fernando', 'Valle Hermoso', 'Victoria']"
10,11,7,4.080671554817162,129.804564,"[2, 7, 11, 21, 22, 24, 31, 32, 34, 39]","['Altamira', 'Casas', 'González', 'Matamoros', 'Méndez', 'Miguel Alemán', 'Reynosa', 'Río Bravo', 'San Fernando', 'Valle Hermoso']"
10,11,8,12.821036340114002,74.208543,"[2, 6, 7, 11, 21, 26, 32, 33, 34, 38]","['Altamira', 'Camargo', 'Casas', 'González', 'Matamoros', 'Nuevo Laredo', 'Río Bravo', 'San Carlos', 'San Fernando', 'Tula']"
10,11,9,8.614259057454806,99.762503,"[4, 6, 11, 21, 26, 31, 32, 34, 39, 40]","['Burgos', 'Camargo', 'González', 'Matamoros', 'Nuevo Laredo', 'Reynosa', 'Río Bravo', 'San Fernando', 'Valle Hermoso', 'Victoria']"
10,11,10,9.128821975351014,91.820321,"[6, 11, 18, 21, 22, 26, 29, 32, 34, 39]","['Camargo', 'González', 'Llera', 'Matamoros', 'Méndez', 'Nuevo Laredo', 'Padilla', 'Río Bravo', 'San Fernando', 'Valle Hermoso']"
10,11,11,14.774842752356475,67.706109,"[2, 6, 7, 21, 26, 32, 33, 34, 38, 42]","['Altamira', 'Camargo', 'Casas', 'Matamoros', 'Nuevo Laredo', 'Río Bravo', 'San Carlos', 'San Fernando', 'Tula', 'Xicoténcatl']"
10,11,12,21.379410827253334,64.305504,"[2, 6, 7, 9, 15, 21, 26, 32, 38, 42]","['Altamira', 'Camargo', 'Casas', 'Cruillas', 'Hidalgo', 'Matamoros', 'Nuevo Laredo', 'Río Bravo', 'Tula', 'Xicoténcatl']"
10,11,13,31.47811248046547,59.942255,"[2, 5, 6, 7, 11, 22, 26, 32, 41, 42]","['Altamira', 'Bustamante', 'Camargo', 'Casas', 'González', 'Méndez', 'Nuevo Laredo', 'Río Bravo', 'Villagrán', 'Xicoténcatl']"
10,11,14,10.668640302516568,89.54682,"[6, 7, 11, 18, 21, 26, 32, 33, 34, 39]","['Camargo', 'Casas', 'González', 'Llera', 'Matamoros', 'Nuevo Laredo', 'Río Bravo', 'San Carlos', 'San Fernando', 'Valle Hermoso']"
10,11,15,5.138918504543778,125.23272,"[2, 11, 12, 21, 22, 23, 31, 32, 34, 39]","['Altamira', 'González', 'Güémez', 'Matamoros', 'Méndez', 'Mier', 'Reynosa', 'Río Bravo', 'San Fernando', 'Valle Hermoso']"
10,11,16,11.140196046501819,81.482774,"[1, 6, 7, 21, 26, 32, 33, 34, 38, 39]","['Aldama', 'Camargo', 'Casas', 'Matamoros', 'Nuevo Laredo', 'Río Bravo', 'San Carlos', 'San Fernando', 'Tula', 'Valle Hermoso']"
10,11,17,21.394200960757008,60.344421,"[2, 5, 6, 7, 9, 15, 21, 26, 32, 42]","['Altamira', 'Bustamante', 'Camargo', 'Casas', 'Cruillas', 'Hidalgo', 'Matamoros', 'Nuevo Laredo', 'Río Bravo', 'Xicoténcatl']"
10,12,1,9.128821975351014,91.820321,"[6, 11, 18, 21, 22, 26, 29, 32, 34, 39]","['Camargo', 'González', 'Llera', 'Matamoros', 'Méndez', 'Nuevo Laredo', 'Padilla', 'Río Bravo', 'San Fernando', 'Valle Hermoso']"
10,12,2,5.5995143367154245,122.698237,"[2, 11, 21, 22, 23, 31, 32, 34, 39, 40]","['Altamira', 'González', 'Matamoros', 'Méndez', 'Mier', 'Reynosa', 'Río Bravo', 'San Fernando', 'Valle Hermoso', 'Victoria']"
10,12,3,7.283771005422787,103.28924,"[6, 11, 21, 22, 26, 31, 32, 34, 39, 40]","['Camargo', 'González', 'Matamoros', 'Méndez', 'Nuevo Laredo', 'Reynosa', 'Río Bravo', 'San Fernando', 'Valle Hermoso', 'Victoria']"
10,12,4,5.7324467559894,106.008269,"[2, 11, 13, 21, 22, 31, 32, 34, 39, 40]","['Altamira', 'González', 'Guerrero', 'Matamoros', 'Méndez', 'Reynosa', 'Río Bravo', 'San Fernando', 'Valle Hermoso', 'Victoria']"
10,12,5,3.9182121727592514,146.150389,"[2, 6, 7, 11, 21, 22, 31, 32, 34, 39]","['Altamira', 'Camargo', 'Casas', 'González', 'Matamoros', 'Méndez', 'Reynosa', 'Río Bravo', 'San Fernando', 'Valle Hermoso']"
10,12,6,3.721808806322683,197.327862,"[2, 7, 11, 21, 22, 31, 32, 34, 36, 39]","['Altamira', 'Casas', 'González', 'Matamoros', 'Méndez', 'Reynosa', 'Río Bravo', 'San Fernando', 'Soto la Marina', 'Valle Hermoso']"
10,12,7,4.080671554817162,129.804564,"[2, 7, 11, 21, 22, 24, 31, 32, 34, 39]","['Altamira', 'Casas', 'González', 'Matamoros', 'Méndez', 'Miguel Alemán', 'Reynosa', 'Río Bravo', 'San Fernando', 'Valle Hermoso']"
10,12,8,4.196939079436624,128.460678,"[2, 7, 11, 21, 22, 23, 31, 32, 34, 39]","['Altamira', 'Casas', 'González', 'Matamoros', 'Méndez', 'Mier', 'Reynosa', 'Río Bravo', 'San Fernando', 'Valle Hermoso']"
10,12,9,12.744401271519145,81.44207,"[2, 6, 7, 15, 21, 22, 26, 28, 32, 34]","['Altamira', 'Camargo', 'Casas', 'Hidalgo', 'Matamoros', 'Méndez', 'Nuevo Laredo', 'Ocampo', 'Río Bravo', 'San Fernando']"
10,12,10,10.912225289363164,89.54682,"[7, 11, 18, 21, 24, 26, 32, 33, 34, 39]","['Casas', 'González', 'Llera', 'Matamoros', 'Miguel Alemán', 'Nuevo Laredo', 'Río Bravo', 'San Carlos', 'San Fernando', 'Valle Hermoso']"
10,12,11,11.630545922439909,81.482774,"[2, 6, 7, 21, 26, 32, 33, 34, 38, 39]","['Altamira', 'Camargo', 'Casas', 'Matamoros', 'Nuevo Laredo', 'Río Bravo', 'San Carlos', 'San Fernando', 'Tula', 'Valle Hermoso']"
10,12,12,5.138918504543778,125.23272,"[2, 11, 12, 21, 22, 23, 31, 32, 34, 39]","['Altamira', 'González', 'Güémez', 'Matamoros', 'Méndez', 'Mier', 'Reynosa', 'Río Bravo', 'San Fernando', 'Valle Hermoso']"
10,12,13,12.821036340114002,74.208543,"[2, 6, 7, 11, 21, 26, 32, 33, 34, 38]","['Altamira', 'Camargo', 'Casas', 'González', 'Matamoros', 'Nuevo Laredo', 'Río Bravo', 'San Carlos', 'San Fernando', 'Tula']"
10,12,14,14.72528219341643,67.706109,"[2, 6, 7, 16, 20, 21, 26, 32, 33, 34]","['Altamira', 'Camargo', 'Casas', 'Jaumave', 'El Mante', 'Matamoros', 'Nuevo Laredo', 'Río Bravo', 'San Carlos', 'San Fernando']"
10,12,15,31.2198655130051,59.942255,"[2, 6, 7, 9, 11, 15, 16, 20, 26, 32]","['Altamira', 'Camargo', 'Casas', 'Cruillas', 'González', 'Hidalgo', 'Jaumave', 'El Mante', 'Nuevo Laredo', 'Río Bravo']"
10,12,16,21.329850268313294,60.344421,"[2, 6, 7, 9, 15, 16, 20, 21, 26, 32]","['Altamira', 'Camargo', 'Casas', 'Cruillas', 'Hidalgo', 'Jaumave', 'El Mante', 'Matamoros', 'Nuevo Laredo', 'Río Bravo']"
10,13,1,4.196939079436624,128.460678,"[2, 7, 11, 21, 22, 23, 31, 32, 34, 39]","['Altamira', 'Casas', 'González', 'Matamoros', 'Méndez', 'Mier', 'Reynosa', 'Río Bravo', 'San Fernando', 'Valle Hermoso']"
10,13,2,4.080671554817162,129.804564,"[2, 7, 11, 21, 22, 24, 31, 32, 34, 39]","['Altamira', 'Casas', 'González', 'Matamoros', 'Méndez', 'Miguel Alemán', 'Reynosa', 'Río Bravo', 'San Fernando', 'Valle Hermoso']"
10,13,3,5.7324467559894,106.008269,"[2, 11, 13, 21, 22, 31, 32, 34, 39, 40]","['Altamira', 'González', 'Guerrero', 'Matamoros', 'Méndez', 'Reynosa', 'Río Bravo', 'San Fernando', 'Valle Hermoso', 'Victoria']"
10,13,4,7.283771005422787,103.28924,"[6, 11, 21, 22, 26, 31, 32, 34, 39, 40]","['Camargo', 'González', 'Matamoros', 'Méndez', 'Nuevo Laredo', 'Reynosa', 'Río Bravo', 'San Fernando', 'Valle Hermoso', 'Victoria']"
10,13,5,3.9182121727592514,146.150389,"[2, 6, 7, 11, 21, 22, 31, 32, 34, 39]","['Altamira', 'Camargo', 'Casas', 'González', 'Matamoros', 'Méndez', 'Reynosa', 'Río Bravo', 'San Fernando', 'Valle Hermoso']"
10,13,6,5.5995143367154245,122.698237,"[2, 11, 21, 22, 23, 31, 32, 34, 39, 40]","['Altamira', 'González', 'Matamoros', 'Méndez', 'Mier', 'Reynosa', 'Río Bravo', 'San Fernando', 'Valle Hermoso', 'Victoria']"
10,13,7,3.721808806322683,197.327862,"[2, 7, 11, 21, 22, 31, 32, 34, 36, 39]","['Altamira', 'Casas', 'González', 'Matamoros', 'Méndez', 'Reynosa', 'Río Bravo', 'San Fernando', 'Soto la Marina', 'Valle Hermoso']"
10,13,8,10.88632487664641,89.54682,"[7, 11, 14, 18, 21, 26, 32, 34, 35, 39]","['Casas', 'González', 'Gustavo Díaz Ordaz', 'Llera', 'Matamoros', 'Nuevo Laredo', 'Río Bravo', 'San Fernando', 'San Nicolás', 'Valle Hermoso']"
10,13,9,9.29970600470268,93.902475,"[6, 11, 12, 21, 22, 26, 32, 34, 39, 42]","['Camargo', 'González', 'Güémez', 'Matamoros', 'Méndez', 'Nuevo Laredo', 'Río Bravo', 'San Fernando', 'Valle Hermoso', 'Xicoténcatl']"
10,13,10,5.138918504543778,125.23272,"[2, 11, 12, 21, 22, 23, 31, 32, 34, 39]","['Altamira', 'González', 'Güémez', 'Matamoros', 'Méndez', 'Mier', 'Reynosa', 'Río Bravo', 'San Fernando', 'Valle Hermoso']"
10,13,11,11.140196046501819,81.482774,"[1, 6, 7, 21, 26, 32, 33, 34, 38, 39]","['Aldama', 'Camargo', 'Casas', 'Matamoros', 'Nuevo Laredo', 'Río Bravo', 'San Carlos', 'San Fernando', 'Tula', 'Valle Hermoso']"
10,13,12,9.263813369025653,99.762503,"[6, 11, 21, 22, 26, 29, 32, 34, 39, 40]","['Camargo', 'González', 'Matamoros', 'Méndez', 'Nuevo Laredo', 'Padilla', 'Río Bravo', 'San Fernando', 'Valle Hermoso', 'Victoria']"
10,13,13,9.74119236758457,91.820321,"[11, 16, 21, 22, 23, 26, 29, 32, 34, 39]","['González', 'Jaumave', 'Matamoros', 'Méndez', 'Mier', 'Nuevo Laredo', 'Padilla', 'Río Bravo', 'San Fernando', 'Valle Hermoso']"
10,13,14,14.72528219341643,67.706109,"[2, 6, 7, 16, 20, 21, 26, 32, 33, 34]","['Altamira', 'Camargo', 'Casas', 'Jaumave', 'El Mante', 'Matamoros', 'Nuevo Laredo', 'Río Bravo', 'San Carlos', 'San Fernando']"
10,13,15,26.717921171424546,60.344421,"[2, 6, 7, 16, 19, 20, 26, 32, 33, 34]","['Altamira', 'Camargo', 'Casas', 'Jaumave', 'Mainero', 'El Mante', 'Nuevo Laredo', 'Río Bravo', 'San Carlos', 'San Fernando']"
10,13,16,12.821036340114002,74.208543,"[2, 6, 7, 11, 21, 26, 32, 33, 34, 38]","['Altamira', 'Camargo', 'Casas', 'González', 'Matamoros', 'Nuevo Laredo', 'Río Bravo', 'San Carlos', 'San Fernando', 'Tula']"
10,13,17,16.06342716077897,65.402652,"[2, 6, 16, 17, 19, 20, 21, 26, 32, 34]","['Altamira', 'Camargo', 'Jaumave', 'Jiménez', 'Mainero', 'El Mante', 'Matamoros', 'Nuevo Laredo', 'Río Bravo', 'San Fernando']"
10,14,1,5.7324467559894,106.008269,"[2, 11, 13, 21, 22, 31, 32, 34, 39, 40]","['Altamira', 'González', 'Guerrero', 'Matamoros', 'Méndez', 'Reynosa', 'Río Bravo', 'San Fernando', 'Valle Hermoso', 'Victoria']"
10,14,2,5.5995143367154245,122.698237,"[2, 11, 21, 22, 23, 31, 32, 34, 39, 40]","['Altamira', 'González', 'Matamoros', 'Méndez', 'Mier', 'Reynosa', 'Río Bravo', 'San Fernando', 'Valle Hermoso', 'Victoria']"
10,14,3,3.721808806322683,197.327862,"[2, 7, 11, 21, 22, 31, 32, 34, 36, 39]","['Altamira', 'Casas', 'González', 'Matamoros', 'Méndez', 'Reynosa', 'Río Bravo', 'San Fernando', 'Soto la Marina', 'Valle Hermoso']"
10,14,4,4.196939079436624,128.460678,"[2, 7, 11, 21, 22, 23, 31, 32, 34, 39]","['Altamira', 'Casas', 'González', 'Matamoros', 'Méndez', 'Mier', 'Reynosa', 'Río Bravo', 'San Fernando', 'Valle Hermoso']"
10,14,5,5.138918504543778,125.23272,"[2, 11, 12, 21, 22, 23, 31, 32, 34, 39]","['Altamira', 'González', 'Güémez', 'Matamoros', 'Méndez', 'Mier', 'Reynosa', 'Río Bravo', 'San Fernando', 'Valle Hermoso']"
10,14,6,3.9182121727592514,146.150389,"[2, 6, 7, 11, 21, 22, 31, 32, 34, 39]","['Altamira', 'Camargo', 'Casas', 'González', 'Matamoros', 'Méndez', 'Reynosa', 'Río Bravo', 'San Fernando', 'Valle Hermoso']"
10,14,7,7.283771005422787,103.28924,"[6, 11, 21, 22, 26, 31, 32, 34, 39, 40]","['Camargo', 'González', 'Matamoros', 'Méndez', 'Nuevo Laredo', 'Reynosa', 'Río Bravo', 'San Fernando', 'Valle Hermoso', 'Victoria']"
10,14,8,4.080671554817162,129.804564,"[2, 7, 11, 21, 22, 24, 31, 32, 34, 39]","['Altamira', 'Casas', 'González', 'Matamoros', 'Méndez', 'Miguel Alemán', 'Reynosa', 'Río Bravo', 'San Fernando', 'Valle Hermoso']"
10,14,9,12.209272291884862,81.44207,"[1, 15, 21, 23, 26, 28, 32, 34, 36, 39]","['Aldama', 'Hidalgo', 'Matamoros', 'Mier', 'Nuevo Laredo', 'Ocampo', 'Río Bravo', 'San Fernando', 'Soto la Marina', 'Valle Hermoso']"
10,14,10,12.821036340114002,74.208543,"[2, 6, 7, 11, 21, 26, 32, 33, 34, 38]","['Altamira', 'Camargo', 'Casas', 'González', 'Matamoros', 'Nuevo Laredo', 'Río Bravo', 'San Carlos', 'San Fernando', 'Tula']"
10,14,11,8.776718439512717,99.762503,"[4, 11, 21, 24, 26, 31, 32, 34, 39, 40]","['Burgos', 'González', 'Matamoros', 'Miguel Alemán', 'Nuevo Laredo', 'Reynosa', 'Río Bravo', 'San Fernando', 'Valle Hermoso', 'Victoria']"
10,14,12,24.177637803091326,60.344421,"[2, 6, 7, 16, 20, 22, 26, 32, 34, 41]","['Altamira', 'Camargo', 'Casas', 'Jaumave', 'El Mante', 'Méndez', 'Nuevo Laredo', 'Río Bravo', 'San Fernando', 'Villagrán']"
10,14,13,9.128821975351014,91.820321,"[6, 11, 18, 21, 22, 26, 29, 32, 34, 39]","['Camargo', 'González', 'Llera', 'Matamoros', 'Méndez', 'Nuevo Laredo', 'Padilla', 'Río Bravo', 'San Fernando', 'Valle Hermoso']"
10,14,14,14.72528219341643,67.706109,"[2, 6, 7, 16, 20, 21, 26, 32, 33, 34]","['Altamira', 'Camargo', 'Casas', 'Jaumave', 'El Mante', 'Matamoros', 'Nuevo Laredo', 'Río Bravo', 'San Carlos', 'San Fernando']"
10,14,15,10.918358118892815,89.54682,"[6, 7, 11, 21, 26, 32, 33, 34, 38, 39]","['Camargo', 'Casas', 'González', 'Matamoros', 'Nuevo Laredo', 'Río Bravo', 'San Carlos', 'San Fernando', 'Tula', 'Valle Hermoso']"
10,14,16,11.630545922439909,81.482774,"[2, 6, 7, 21, 26, 32, 33, 34, 38, 39]","['Altamira', 'Camargo', 'Casas', 'Matamoros', 'Nuevo Laredo', 'Río Bravo', 'San Carlos', 'San Fernando', 'Tula', 'Valle Hermoso']"
10,15,1,3.721808806322683,197.327862,"[2, 7, 11, 21, 22, 31, 32, 34, 36, 39]","['Altamira', 'Casas', 'González', 'Matamoros', 'Méndez', 'Reynosa', 'Río Bravo', 'San Fernando', 'Soto la Marina', 'Valle Hermoso']"
10,15,2,7.283771005422787,103.28924,"[6, 11, 21, 22, 26, 31, 32, 34, 39, 40]","['Camargo', 'González', 'Matamoros', 'Méndez', 'Nuevo Laredo', 'Reynosa', 'Río Bravo', 'San Fernando', 'Valle Hermoso', 'Victoria']"
10,15,3,4.196939079436624,128.460678,"[2, 7, 11, 21, 22, 23, 31, 32, 34, 39]","['Altamira', 'Casas', 'González', 'Matamoros', 'Méndez', 'Mier', 'Reynosa', 'Río Bravo', 'San Fernando', 'Valle Hermoso']"
10,15,4,5.7324467559894,106.008269,"[2, 11, 13, 21, 22, 31, 32, 34, 39, 40]","['Altamira', 'González', 'Guerrero', 'Matamoros', 'Méndez', 'Reynosa', 'Río Bravo', 'San Fernando', 'Valle Hermoso', 'Victoria']"
10,15,5,5.5995143367154245,122.698237,"[2, 11, 21, 22, 23, 31, 32, 34, 39, 40]","['Altamira', 'González', 'Matamoros', 'Méndez', 'Mier', 'Reynosa', 'Río Bravo', 'San Fernando', 'Valle Hermoso', 'Victoria']"
10,15,6,4.080671554817162,129.804564,"[2, 7, 11, 21, 22, 24, 31, 32, 34, 39]","['Altamira', 'Casas', 'González', 'Matamoros', 'Méndez', 'Miguel Alemán', 'Reynosa', 'Río Bravo', 'San Fernando', 'Valle Hermoso']"
10,15,7,3.9182121727592514,146.150389,"[2, 6, 7, 11, 21, 22, 31, 32, 34, 39]","['Altamira', 'Camargo', 'Casas', 'González', 'Matamoros', 'Méndez', 'Reynosa', 'Río Bravo', 'San Fernando', 'Valle Hermoso']"
10,15,8,16.06342716077897,65.402652,"[2, 6, 16, 17, 19, 20, 21, 26, 32, 34]","['Altamira', 'Camargo', 'Jaumave', 'Jiménez', 'Mainero', 'El Mante', 'Matamoros', 'Nuevo Laredo', 'Río Bravo', 'San Fernando']"
10,15,9,11.630545922439909,81.482774,"[2, 6, 7, 21, 26, 32, 33, 34, 38, 39]","['Altamira', 'Camargo', 'Casas', 'Matamoros', 'Nuevo Laredo', 'Río Bravo', 'San Carlos', 'San Fernando', 'Tula', 'Valle Hermoso']"
10,15,10,5.483909884187712,125.23272,"[2, 11, 12, 21, 22, 26, 31, 32, 34, 39]","['Altamira', 'González', 'Güémez', 'Matamoros', 'Méndez', 'Nuevo Laredo', 'Reynosa', 'Río Bravo', 'San Fernando', 'Valle Hermoso']"
10,15,11,9.73506536008257,91.820321,"[6, 11, 21, 26, 29, 31, 32, 34, 38, 39]","['Camargo', 'González', 'Matamoros', 'Nuevo Laredo', 'Padilla', 'Reynosa', 'Río Bravo', 'San Fernando', 'Tula', 'Valle Hermoso']"
10,15,12,12.821036340114002,74.208543,"[2, 6, 7, 11, 21, 26, 32, 33, 34, 38]","['Altamira', 'Camargo', 'Casas', 'González', 'Matamoros', 'Nuevo Laredo', 'Río Bravo', 'San Carlos', 'San Fernando', 'Tula']"
10,15,13,10.668640302516568,89.54682,"[6, 7, 11, 18, 21, 26, 32, 33, 34, 39]","['Camargo', 'Casas', 'González', 'Llera', 'Matamoros', 'Nuevo Laredo', 'Río Bravo', 'San Carlos', 'San Fernando', 'Valle Hermoso']"
10,15,14,14.72528219341643,67.706109,"[2, 6, 7, 16, 20, 21, 26, 32, 33, 34]","['Altamira', 'Camargo', 'Casas', 'Jaumave', 'El Mante', 'Matamoros', 'Nuevo Laredo', 'Río Bravo', 'San Carlos', 'San Fernando']"
10,15,15,31.269102769088917,59.942255,"[2, 6, 7, 9, 11, 16, 19, 20, 26, 32]","['Altamira', 'Camargo', 'Casas', 'Cruillas', 'González', 'Jaumave', 'Mainero', 'El Mante', 'Nuevo Laredo', 'Río Bravo']"
10,15,16,9.677215849282195,92.781591,"[4, 6, 7, 11, 18, 21, 26, 32, 34, 39]","['Burgos', 'Camargo', 'Casas', 'González', 'Llera', 'Matamoros', 'Nuevo Laredo', 'Río Bravo', 'San Fernando', 'Valle Hermoso']"
10,15,17,9.520715457285748,93.902475,"[6, 11, 12, 18, 21, 26, 31, 32, 34, 39]","['Camargo', 'González', 'Güémez', 'Llera', 'Matamoros', 'Nuevo Laredo', 'Reynosa', 'Río Bravo', 'San Fernando', 'Valle Hermoso']"
10,15,18,8.614259057454806,99.762503,"[4, 6, 11, 21, 26, 31, 32, 34, 39, 40]","['Burgos', 'Camargo', 'González', 'Matamoros', 'Nuevo Laredo', 'Reynosa', 'Río Bravo', 'San Fernando', 'Valle Hermoso', 'Victoria']"
10,15,19,21.34802425378478,60.344421,"[2, 6, 7, 9, 16, 20, 21, 26, 32, 41]","['Altamira', 'Camargo', 'Casas', 'Cruillas', 'Jaumave', 'El Mante', 'Matamoros', 'Nuevo Laredo', 'Río Bravo', 'Villagrán']"
10,16,1,3.9182121727592514,146.150389,"[2, 6, 7, 11, 21, 22, 31, 32, 34, 39]","['Altamira', 'Camargo', 'Casas', 'González', 'Matamoros', 'Méndez', 'Reynosa', 'Río Bravo', 'San Fernando', 'Valle Hermoso']"
10,16,2,3.721808806322683,197.327862,"[2, 7, 11, 21, 22, 31, 32, 34, 36, 39]","['Altamira', 'Casas', 'González', 'Matamoros', 'Méndez', 'Reynosa', 'Río Bravo', 'San Fernando', 'Soto la Marina', 'Valle Hermoso']"
10,16,3,4.080671554817162,129.804564,"[2, 7, 11, 21, 22, 24, 31, 32, 34, 39]","['Altamira', 'Casas', 'González', 'Matamoros', 'Méndez', 'Miguel Alemán', 'Reynosa', 'Río Bravo', 'San Fernando', 'Valle Hermoso']"
10,16,4,4.196939079436624,128.460678,"[2, 7, 11, 21, 22, 23, 31, 32, 34, 39]","['Altamira', 'Casas', 'González', 'Matamoros', 'Méndez', 'Mier', 'Reynosa', 'Río Bravo', 'San Fernando', 'Valle Hermoso']"
10,16,5,5.138918504543778,125.23272,"[2, 11, 12, 21, 22, 23, 31, 32, 34, 39]","['Altamira', 'González', 'Güémez', 'Matamoros', 'Méndez', 'Mier', 'Reynosa', 'Río Bravo', 'San Fernando', 'Valle Hermoso']"
10,16,6,7.283771005422787,103.28924,"[6, 11, 21, 22, 26, 31, 32, 34, 39, 40]","['Camargo', 'González', 'Matamoros', 'Méndez', 'Nuevo Laredo', 'Reynosa', 'Río Bravo', 'San Fernando', 'Valle Hermoso', 'Victoria']"
10,16,7,5.5995143367154245,122.698237,"[2, 11, 21, 22, 23, 31, 32, 34, 39, 40]","['Altamira', 'González', 'Matamoros', 'Méndez', 'Mier', 'Reynosa', 'Río Bravo', 'San Fernando', 'Valle Hermoso', 'Victoria']"
10,16,8,5.7324467559894,106.008269,"[2, 11, 13, 21, 22, 31, 32, 34, 39, 40]","['Altamira', 'González', 'Guerrero', 'Matamoros', 'Méndez', 'Reynosa', 'Río Bravo', 'San Fernando', 'Valle Hermoso', 'Victoria']"
10,16,9,26.73303460778444,60.344421,"[2, 5, 6, 7, 15, 26, 32, 33, 34, 42]","['Altamira', 'Bustamante', 'Camargo', 'Casas', 'Hidalgo', 'Nuevo Laredo', 'Río Bravo', 'San Carlos', 'San Fernando', 'Xicoténcatl']"
10,16,10,10.668640302516568,89.54682,"[6, 7, 11, 18, 21, 26, 32, 33, 34, 39]","['Camargo', 'Casas', 'González', 'Llera', 'Matamoros', 'Nuevo Laredo', 'Río Bravo', 'San Carlos', 'San Fernando', 'Valle Hermoso']"
10,16,11,11.894797158888919,81.44207,"[2, 6, 7, 15, 21, 26, 28, 32, 34, 39]","['Altamira', 'Camargo', 'Casas', 'Hidalgo', 'Matamoros', 'Nuevo Laredo', 'Ocampo', 'Río Bravo', 'San Fernando', 'Valle Hermoso']"
10,16,12,14.774842752356475,67.706109,"[2, 6, 7, 21, 26, 32, 33, 34, 38, 42]","['Altamira', 'Camargo', 'Casas', 'Matamoros', 'Nuevo Laredo', 'Río Bravo', 'San Carlos', 'San Fernando', 'Tula', 'Xicoténcatl']"
10,16,13,25.25528887461229,62.012899,"[2, 6, 10, 15, 16, 17, 22, 26, 32, 34]","['Altamira', 'Camargo', 'Gómez Farías', 'Hidalgo', 'Jaumave', 'Jiménez', 'Méndez', 'Nuevo Laredo', 'Río Bravo', 'San Fernando']"
10,16,14,11.140196046501819,81.482774,"[1, 6, 7, 21, 26, 32, 33, 34, 38, 39]","['Aldama', 'Camargo', 'Casas', 'Matamoros', 'Nuevo Laredo', 'Río Bravo', 'San Carlos', 'San Fernando', 'Tula', 'Valle Hermoso']"
10,16,15,12.821036340114002,74.208543,"[2, 6, 7, 11, 21, 26, 32, 33, 34, 38]","['Altamira', 'Camargo', 'Casas', 'González', 'Matamoros', 'Nuevo Laredo', 'Río Bravo', 'San Carlos', 'San Fernando', 'Tula']"
10,16,16,9.128821975351014,91.820321,"[6, 11, 18, 21, 22, 26, 29, 32, 34, 39]","['Camargo', 'González', 'Llera', 'Matamoros', 'Méndez', 'Nuevo Laredo', 'Padilla', 'Río Bravo', 'San Fernando', 'Valle Hermoso']"
10,16,17,21.991617547624596,62.388018,"[2, 7, 10, 15, 16, 21, 22, 24, 26, 32]","['Altamira', 'Casas', 'Gómez Farías', 'Hidalgo', 'Jaumave', 'Matamoros', 'Méndez', 'Miguel Alemán', 'Nuevo Laredo', 'Río Bravo']"
10,16,18,16.119790422181936,65.402652,"[2, 5, 6, 15, 17, 21, 26, 32, 34, 42]","['Altamira', 'Bustamante', 'Camargo', 'Hidalgo', 'Jiménez', 'Matamoros', 'Nuevo Laredo', 'Río Bravo', 'San Fernando', 'Xicoténcatl']"
10,17,1,3.9182121727592514,146.150389,"[2, 6, 7, 11, 21, 22, 31, 32, 34, 39]","['Altamira', 'Camargo', 'Casas', 'González', 'Matamoros', 'Méndez', 'Reynosa', 'Río Bravo', 'San Fernando', 'Valle Hermoso']"
10,17,2,5.5995143367154245,122.698237,"[2, 11, 21, 22, 23, 31, 32, 34, 39, 40]","['Altamira', 'González', 'Matamoros', 'Méndez', 'Mier', 'Reynosa', 'Río Bravo', 'San Fernando', 'Valle Hermoso', 'Victoria']"
10,17,3,7.283771005422787,103.28924,"[6, 11, 21, 22, 26, 31, 32, 34, 39, 40]","['Camargo', 'González', 'Matamoros', 'Méndez', 'Nuevo Laredo', 'Reynosa', 'Río Bravo', 'San Fernando', 'Valle Hermoso', 'Victoria']"
10,17,4,3.721808806322683,197.327862,"[2, 7, 11, 21, 22, 31, 32, 34, 36, 39]","['Altamira', 'Casas', 'González', 'Matamoros', 'Méndez', 'Reynosa', 'Río Bravo', 'San Fernando', 'Soto la Marina', 'Valle Hermoso']"
10,17,5,5.7324467559894,106.008269,"[2, 11, 13, 21, 22, 31, 32, 34, 39, 40]","['Altamira', 'González', 'Guerrero', 'Matamoros', 'Méndez', 'Reynosa', 'Río Bravo', 'San Fernando', 'Valle Hermoso', 'Victoria']"
10,17,6,4.196939079436624,128.460678,"[2, 7, 11, 21, 22, 23, 31, 32, 34, 39]","['Altamira', 'Casas', 'González', 'Matamoros', 'Méndez', 'Mier', 'Reynosa', 'Río Bravo', 'San Fernando', 'Valle Hermoso']"
10,17,7,4.080671554817162,129.804564,"[2, 7, 11, 21, 22, 24, 31, 32, 34, 39]","['Altamira', 'Casas', 'González', 'Matamoros', 'Méndez', 'Miguel Alemán', 'Reynosa', 'Río Bravo', 'San Fernando', 'Valle Hermoso']"
10,17,8,9.128821975351014,91.820321,"[6, 11, 18, 21, 22, 26, 29, 32, 34, 39]","['Camargo', 'González', 'Llera', 'Matamoros', 'Méndez', 'Nuevo Laredo', 'Padilla', 'Río Bravo', 'San Fernando', 'Valle Hermoso']"
10,17,9,21.329850268313294,60.344421,"[2, 6, 7, 9, 15, 16, 20, 21, 26, 32]","['Altamira', 'Camargo', 'Casas', 'Cruillas', 'Hidalgo', 'Jaumave', 'El Mante', 'Matamoros', 'Nuevo Laredo', 'Río Bravo']"
10,17,10,10.668640302516568,89.54682,"[6, 7, 11, 18, 21, 26, 32, 33, 34, 39]","['Camargo', 'Casas', 'González', 'Llera', 'Matamoros', 'Nuevo Laredo', 'Río Bravo', 'San Carlos', 'San Fernando', 'Valle Hermoso']"
10,17,11,14.72528219341643,67.706109,"[2, 6, 7, 16, 20, 21, 26, 32, 33, 34]","['Altamira', 'Camargo', 'Casas', 'Jaumave', 'El Mante', 'Matamoros', 'Nuevo Laredo', 'Río Bravo', 'San Carlos', 'San Fernando']"
10,17,12,12.148732611560305,81.482774,"[2, 6, 7, 19, 21, 26, 32, 34, 38, 39]","['Altamira', 'Camargo', 'Casas', 'Mainero', 'Matamoros', 'Nuevo Laredo', 'Río Bravo', 'San Fernando', 'Tula', 'Valle Hermoso']"
10,17,13,13.389158832960403,81.44207,"[0, 2, 6, 15, 21, 26, 28, 31, 32, 34]","['Abasolo', 'Altamira', 'Camargo', 'Hidalgo', 'Matamoros', 'Nuevo Laredo', 'Ocampo', 'Reynosa', 'Río Bravo', 'San Fernando']"
10,17,14,14.699831816767626,80.642886,"[2, 6, 7, 18, 20, 21, 26, 32, 34, 35]","['Altamira', 'Camargo', 'Casas', 'Llera', 'El Mante', 'Matamoros', 'Nuevo Laredo', 'Río Bravo', 'San Fernando', 'San Nicolás']"
10,17,15,5.138918504543778,125.23272,"[2, 11, 12, 21, 22, 23, 31, 32, 34, 39]","['Altamira', 'González', 'Güémez', 'Matamoros', 'Méndez', 'Mier', 'Reynosa', 'Río Bravo', 'San Fernando', 'Valle Hermoso']"
10,17,16,31.2927564758871,59.942255,"[2, 6, 7, 9, 11, 15, 20, 26, 30, 32]","['Altamira', 'Camargo', 'Casas', 'Cruillas', 'González', 'Hidalgo', 'El Mante', 'Nuevo Laredo', 'Palmillas', 'Río Bravo']"
10,17,17,15.988054720015093,65.402652,"[2, 6, 16, 17, 20, 21, 26, 32, 34, 41]","['Altamira', 'Camargo', 'Jaumave', 'Jiménez', 'El Mante', 'Matamoros', 'Nuevo Laredo', 'Río Bravo', 'San Fernando', 'Villagrán']"
10,18,1,4.196939079436624,128.460678,"[2, 7, 11, 21, 22, 23, 31, 32, 34, 39]","['Altamira', 'Casas', 'González', 'Matamoros', 'Méndez', 'Mier', 'Reynosa', 'Río Bravo', 'San Fernando', 'Valle Hermoso']"
10,18,2,4.080671554817162,129.804564,"[2, 7, 11, 21, 22, 24, 31, 32, 34, 39]","['Altamira', 'Casas', 'González', 'Matamoros', 'Méndez', 'Miguel Alemán', 'Reynosa', 'Río Bravo', 'San Fernando', 'Valle Hermoso']"
10,18,3,3.721808806322683,197.327862,"[2, 7, 11, 21, 22, 31, 32, 34, 36, 39]","['Altamira', 'Casas', 'González', 'Matamoros', 'Méndez', 'Reynosa', 'Río Bravo', 'San Fernando', 'Soto la Marina', 'Valle Hermoso']"
10,18,4,3.9182121727592514,146.150389,"[2, 6, 7, 11, 21, 22, 31, 32, 34, 39]","['Altamira', 'Camargo', 'Casas', 'González', 'Matamoros', 'Méndez', 'Reynosa', 'Río Bravo', 'San Fernando', 'Valle Hermoso']"
10,18,5,12.821036340114002,74.208543,"[2, 6, 7, 11, 21, 26, 32, 33, 34, 38]","['Altamira', 'Camargo', 'Casas', 'González', 'Matamoros', 'Nuevo Laredo', 'Río Bravo', 'San Carlos', 'San Fernando', 'Tula']"
10,18,6,5.7324467559894,106.008269,"[2, 11, 13, 21, 22, 31, 32, 34, 39, 40]","['Altamira', 'González', 'Guerrero', 'Matamoros', 'Méndez', 'Reynosa', 'Río Bravo', 'San Fernando', 'Valle Hermoso', 'Victoria']"
10,18,7,9.128821975351014,91.820321,"[6, 11, 18, 21, 22, 26, 29, 32, 34, 39]","['Camargo', 'González', 'Llera', 'Matamoros', 'Méndez', 'Nuevo Laredo', 'Padilla', 'Río Bravo', 'San Fernando', 'Valle Hermoso']"
10,18,8,10.668640302516568,89.54682,"[6, 7, 11, 18, 21, 26, 32, 33, 34, 39]","['Camargo', 'Casas', 'González', 'Llera', 'Matamoros', 'Nuevo Laredo', 'Río Bravo', 'San Carlos', 'San Fernando', 'Valle Hermoso']"
10,18,9,5.138918504543778,125.23272,"[2, 11, 12, 21, 22, 23, 31, 32, 34, 39]","['Altamira', 'González', 'Güémez', 'Matamoros', 'Méndez', 'Mier', 'Reynosa', 'Río Bravo', 'San Fernando', 'Valle Hermoso']"
10,18,10,7.283771005422787,103.28924,"[6, 11, 21, 22, 26, 31, 32, 34, 39, 40]","['Camargo', 'González', 'Matamoros', 'Méndez', 'Nuevo Laredo', 'Reynosa', 'Río Bravo', 'San Fernando', 'Valle Hermoso', 'Victoria']"
10,18,11,5.5995143367154245,122.698237,"[2, 11, 21, 22, 23, 31, 32, 34, 39, 40]","['Altamira', 'González', 'Matamoros', 'Méndez', 'Mier', 'Reynosa', 'Río Bravo', 'San Fernando', 'Valle Hermoso', 'Victoria']"
10,18,12,14.72528219341643,67.706109,"[2, 6, 7, 16, 20, 21, 26, 32, 33, 34]","['Altamira', 'Camargo', 'Casas', 'Jaumave', 'El Mante', 'Matamoros', 'Nuevo Laredo', 'Río Bravo', 'San Carlos', 'San Fernando']"
10,18,13,12.744401271519145,81.44207,"[2, 6, 7, 15, 21, 22, 26, 28, 32, 34]","['Altamira', 'Camargo', 'Casas', 'Hidalgo', 'Matamoros', 'Méndez', 'Nuevo Laredo', 'Ocampo', 'Río Bravo', 'San Fernando']"
10,18,14,11.140196046501819,81.482774,"[1, 6, 7, 21, 26, 32, 33, 34, 38, 39]","['Aldama', 'Camargo', 'Casas', 'Matamoros', 'Nuevo Laredo', 'Río Bravo', 'San Carlos', 'San Fernando', 'Tula', 'Valle Hermoso']"
10,18,15,24.208658122375898,62.388018,"[2, 6, 7, 15, 16, 20, 22, 26, 32, 34]","['Altamira', 'Camargo', 'Casas', 'Hidalgo', 'Jaumave', 'El Mante', 'Méndez', 'Nuevo Laredo', 'Río Bravo', 'San Fernando']"
10,18,16,25.601257471372033,60.344421,"[2, 4, 6, 7, 15, 16, 20, 26, 32, 34]","['Altamira', 'Burgos', 'Camargo', 'Casas', 'Hidalgo', 'Jaumave', 'El Mante', 'Nuevo Laredo', 'Río Bravo', 'San Fernando']"
10,19,1,4.080671554817162,129.804564,"[2, 7, 11, 21, 22, 24, 31, 32, 34, 39]","['Altamira', 'Casas', 'González', 'Matamoros', 'Méndez', 'Miguel Alemán', 'Reynosa', 'Río Bravo', 'San Fernando', 'Valle Hermoso']"
10,19,2,3.9182121727592514,146.150389,"[2, 6, 7, 11, 21, 22, 31, 32, 34, 39]","['Altamira', 'Camargo', 'Casas', 'González', 'Matamoros', 'Méndez', 'Reynosa', 'Río Bravo', 'San Fernando', 'Valle Hermoso']"
10,19,3,3.721808806322683,197.327862,"[2, 7, 11, 21, 22, 31, 32, 34, 36, 39]","['Altamira', 'Casas', 'González', 'Matamoros', 'Méndez', 'Reynosa', 'Río Bravo', 'San Fernando', 'Soto la Marina', 'Valle Hermoso']"
10,19,4,5.7324467559894,106.008269,"[2, 11, 13, 21, 22, 31, 32, 34, 39, 40]","['Altamira', 'González', 'Guerrero', 'Matamoros', 'Méndez', 'Reynosa', 'Río Bravo', 'San Fernando', 'Valle Hermoso', 'Victoria']"
10,19,5,4.196939079436624,128.460678,"[2, 7, 11, 21, 22, 23, 31, 32, 34, 39]","['Altamira', 'Casas', 'González', 'Matamoros', 'Méndez', 'Mier', 'Reynosa', 'Río Bravo', 'San Fernando', 'Valle Hermoso']"
10,19,6,5.5995143367154245,122.698237,"[2, 11, 21, 22, 23, 31, 32, 34, 39, 40]","['Altamira', 'González', 'Matamoros', 'Méndez', 'Mier', 'Reynosa', 'Río Bravo', 'San Fernando', 'Valle Hermoso', 'Victoria']"
10,19,7,7.283771005422787,103.28924,"[6, 11, 21, 22, 26, 31, 32, 34, 39, 40]","['Camargo', 'González', 'Matamoros', 'Méndez', 'Nuevo Laredo', 'Reynosa', 'Río Bravo', 'San Fernando', 'Valle Hermoso', 'Victoria']"
10,19,8,12.821036340114002,74.208543,"[2, 6, 7, 11, 21, 26, 32, 33, 34, 38]","['Altamira', 'Camargo', 'Casas', 'González', 'Matamoros', 'Nuevo Laredo', 'Río Bravo', 'San Carlos', 'San Fernando', 'Tula']"
10,19,9,8.614259057454806,99.762503,"[4, 6, 11, 21, 26, 31, 32, 34, 39, 40]","['Burgos', 'Camargo', 'González', 'Matamoros', 'Nuevo Laredo', 'Reynosa', 'Río Bravo', 'San Fernando', 'Valle Hermoso', 'Victoria']"
10,19,10,5.138918504543778,125.23272,"[2, 11, 12, 21, 22, 23, 31, 32, 34, 39]","['Altamira', 'González', 'Güémez', 'Matamoros', 'Méndez', 'Mier', 'Reynosa', 'Río Bravo', 'San Fernando', 'Valle Hermoso']"
10,19,11,14.72528219341643,67.706109,"[2, 6, 7, 16, 20, 21, 26, 32, 33, 34]","['Altamira', 'Camargo', 'Casas', 'Jaumave', 'El Mante', 'Matamoros', 'Nuevo Laredo', 'Río Bravo', 'San Carlos', 'San Fernando']"
10,19,12,9.128821975351014,91.820321,"[6, 11, 18, 21, 22, 26, 29, 32, 34, 39]","['Camargo', 'González', 'Llera', 'Matamoros', 'Méndez', 'Nuevo Laredo', 'Padilla', 'Río Bravo', 'San Fernando', 'Valle Hermoso']"
10,19,13,10.856914590451453,89.54682,"[6, 7, 11, 16, 21, 26, 32, 33, 34, 39]","['Camargo', 'Casas', 'González', 'Jaumave', 'Matamoros', 'Nuevo Laredo', 'Río Bravo', 'San Carlos', 'San Fernando', 'Valle Hermoso']"
10,19,14,11.140196046501819,81.482774,"[1, 6, 7, 21, 26, 32, 33, 34, 38, 39]","['Aldama', 'Camargo', 'Casas', 'Matamoros', 'Nuevo Laredo', 'Río Bravo', 'San Carlos', 'San Fernando', 'Tula', 'Valle Hermoso']"
10,19,15,21.40274123119529,60.344421,"[2, 6, 7, 9, 15, 20, 21, 26, 30, 32]","['Altamira', 'Camargo', 'Casas', 'Cruillas', 'Hidalgo', 'El Mante', 'Matamoros', 'Nuevo Laredo', 'Palmillas', 'Río Bravo']"
10,19,16,15.996314245398324,65.402652,"[2, 6, 15, 16, 17, 20, 21, 26, 32, 34]","['Altamira', 'Camargo', 'Hidalgo', 'Jaumave', 'Jiménez', 'El Mante', 'Matamoros', 'Nuevo Laredo', 'Río Bravo', 'San Fernando']"
10,19,17,21.379410827253334,64.305504,"[2, 6, 7, 9, 15, 21, 26, 32, 38, 42]","['Altamira', 'Camargo', 'Casas', 'Cruillas', 'Hidalgo', 'Matamoros', 'Nuevo Laredo', 'Río Bravo', 'Tula', 'Xicoténcatl']"
10,20,1,3.721808806322683,197.327862,"[2, 7, 11, 21, 22, 31, 32, 34, 36, 39]","['Altamira', 'Casas', 'González', 'Matamoros', 'Méndez', 'Reynosa', 'Río Bravo', 'San Fernando', 'Soto la Marina', 'Valle Hermoso']"
10,20,2,7.283771005422787,103.28924,"[6, 11, 21, 22, 26, 31, 32, 34, 39, 40]","['Camargo', 'González', 'Matamoros', 'Méndez', 'Nuevo Laredo', 'Reynosa', 'Río Bravo', 'San Fernando', 'Valle Hermoso', 'Victoria']"
10,20,3,3.9182121727592514,146.150389,"[2, 6, 7, 11, 21, 22, 31, 32, 34, 39]","['Altamira', 'Camargo', 'Casas', 'González', 'Matamoros', 'Méndez', 'Reynosa', 'Río Bravo', 'San Fernando', 'Valle Hermoso']"
10,20,4,4.196939079436624,128.460678,"[2, 7, 11, 21, 22, 23, 31, 32, 34, 39]","['Altamira', 'Casas', 'González', 'Matamoros', 'Méndez', 'Mier', 'Reynosa', 'Río Bravo', 'San Fernando', 'Valle Hermoso']"
10,20,5,5.5995143367154245,122.698237,"[2, 11, 21, 22, 23, 31, 32, 34, 39, 40]","['Altamira', 'González', 'Matamoros', 'Méndez', 'Mier', 'Reynosa', 'Río Bravo', 'San Fernando', 'Valle Hermoso', 'Victoria']"
10,20,6,5.138918504543778,125.23272,"[2, 11, 12, 21, 22, 23, 31, 32, 34, 39]","['Altamira', 'González', 'Güémez', 'Matamoros', 'Méndez', 'Mier', 'Reynosa', 'Río Bravo', 'San Fernando', 'Valle Hermoso']"
10,20,7,4.080671554817162,129.804564,"[2, 7, 11, 21, 22, 24, 31, 32, 34, 39]","['Altamira', 'Casas', 'González', 'Matamoros', 'Méndez', 'Miguel Alemán', 'Reynosa', 'Río Bravo', 'San Fernando', 'Valle Hermoso']"
10,20,8,9.128821975351014,91.820321,"[6, 11, 18, 21, 22, 26, 29, 32, 34, 39]","['Camargo', 'González', 'Llera', 'Matamoros', 'Méndez', 'Nuevo Laredo', 'Padilla', 'Río Bravo', 'San Fernando', 'Valle Hermoso']"
10,20,9,5.7324467559894,106.008269,"[2, 11, 13, 21, 22, 31, 32, 34, 39, 40]","['Altamira', 'González', 'Guerrero', 'Matamoros', 'Méndez', 'Reynosa', 'Río Bravo', 'San Fernando', 'Valle Hermoso', 'Victoria']"
10,20,10,12.098977659654176,81.482774,"[1, 14, 15, 21, 26, 32, 34, 36, 38, 39]","['Aldama', 'Gustavo Díaz Ordaz', 'Hidalgo', 'Matamoros', 'Nuevo Laredo', 'Río Bravo', 'San Fernando', 'Soto la Marina', 'Tula', 'Valle Hermoso']"
10,20,11,12.320887820305146,81.44207,"[2, 7, 15, 21, 23, 26, 28, 32, 34, 39]","['Altamira', 'Casas', 'Hidalgo', 'Matamoros', 'Mier', 'Nuevo Laredo', 'Ocampo', 'Río Bravo', 'San Fernando', 'Valle Hermoso']"
10,20,12,10.668640302516568,89.54682,"[6, 7, 11, 18, 21, 26, 32, 33, 34, 39]","['Camargo', 'Casas', 'González', 'Llera', 'Matamoros', 'Nuevo Laredo', 'Río Bravo', 'San Carlos', 'San Fernando', 'Valle Hermoso']"
10,20,13,21.39074370284944,60.344421,"[2, 6, 7, 9, 15, 21, 26, 30, 32, 42]","['Altamira', 'Camargo', 'Casas', 'Cruillas', 'Hidalgo', 'Matamoros', 'Nuevo Laredo', 'Palmillas', 'Río Bravo', 'Xicoténcatl']"
10,20,14,16.111379342766423,65.402652,"[2, 6, 15, 17, 21, 26, 30, 32, 34, 42]","['Altamira', 'Camargo', 'Hidalgo', 'Jiménez', 'Matamoros', 'Nuevo Laredo', 'Palmillas', 'Río Bravo', 'San Fernando', 'Xicoténcatl']"
10,20,15,14.78617562795258,67.706109,"[2, 6, 7, 21, 26, 30, 32, 33, 34, 42]","['Altamira', 'Camargo', 'Casas', 'Matamoros', 'Nuevo Laredo', 'Palmillas', 'Río Bravo', 'San Carlos', 'San Fernando', 'Xicoténcatl']"
10,20,16,12.821036340114002,74.208543,"[2, 6, 7, 11, 21, 26, 32, 33, 34, 38]","['Altamira', 'Camargo', 'Casas', 'González', 'Matamoros', 'Nuevo Laredo', 'Río Bravo', 'San Carlos', 'San Fernando', 'Tula']"
10,21,1,14.72528219341643,67.706109,"[2, 6, 7, 16, 20, 21, 26, 32, 33, 34]","['Altamira', 'Camargo', 'Casas', 'Jaumave', 'El Mante', 'Matamoros', 'Nuevo Laredo', 'Río Bravo', 'San Carlos', 'San Fernando']"
10,21,2,7.283771005422787,103.28924,"[6, 11, 21, 22, 26, 31, 32, 34, 39, 40]","['Camargo', 'González', 'Matamoros', 'Méndez', 'Nuevo Laredo', 'Reynosa', 'Río Bravo', 'San Fernando', 'Valle Hermoso', 'Victoria']"
10,21,3,5.7324467559894,106.008269,"[2, 11, 13, 21, 22, 31, 32, 34, 39, 40]","['Altamira', 'González', 'Guerrero', 'Matamoros', 'Méndez', 'Reynosa', 'Río Bravo', 'San Fernando', 'Valle Hermoso', 'Victoria']"
10,21,4,3.9182121727592514,146.150389,"[2, 6, 7, 11, 21, 22, 31, 32, 34, 39]","['Altamira', 'Camargo', 'Casas', 'González', 'Matamoros', 'Méndez', 'Reynosa', 'Río Bravo', 'San Fernando', 'Valle Hermoso']"
10,21,5,4.080671554817162,129.804564,"[2, 7, 11, 21, 22, 24, 31, 32, 34, 39]","['Altamira', 'Casas', 'González', 'Matamoros', 'Méndez', 'Miguel Alemán', 'Reynosa', 'Río Bravo', 'San Fernando', 'Valle Hermoso']"
10,21,6,4.196939079436624,128.460678,"[2, 7, 11, 21, 22, 23, 31, 32, 34, 39]","['Altamira', 'Casas', 'González', 'Matamoros', 'Méndez', 'Mier', 'Reynosa', 'Río Bravo', 'San Fernando', 'Valle Hermoso']"
10,21,7,3.721808806322683,197.327862,"[2, 7, 11, 21, 22, 31, 32, 34, 36, 39]","['Altamira', 'Casas', 'González', 'Matamoros', 'Méndez', 'Reynosa', 'Río Bravo', 'San Fernando', 'Soto la Marina', 'Valle Hermoso']"
10,21,8,5.138918504543778,125.23272,"[2, 11, 12, 21, 22, 23, 31, 32, 34, 39]","['Altamira', 'González', 'Güémez', 'Matamoros', 'Méndez', 'Mier', 'Reynosa', 'Río Bravo', 'San Fernando', 'Valle Hermoso']"
10,21,9,12.821036340114002,74.208543,"[2, 6, 7, 11, 21, 26, 32, 33, 34, 38]","['Altamira', 'Camargo', 'Casas', 'González', 'Matamoros', 'Nuevo Laredo', 'Río Bravo', 'San Carlos', 'San Fernando', 'Tula']"
10,21,10,5.5995143367154245,122.698237,"[2, 11, 21, 22, 23, 31, 32, 34, 39, 40]","['Altamira', 'González', 'Matamoros', 'Méndez', 'Mier', 'Reynosa', 'Río Bravo', 'San Fernando', 'Valle Hermoso', 'Victoria']"
10,21,11,10.856914590451453,89.54682,"[6, 7, 11, 16, 21, 26, 32, 33, 34, 39]","['Camargo', 'Casas', 'González', 'Jaumave', 'Matamoros', 'Nuevo Laredo', 'Río Bravo', 'San Carlos', 'San Fernando', 'Valle Hermoso']"
10,21,12,11.630545922439909,81.482774,"[2, 6, 7, 21, 26, 32, 33, 34, 38, 39]","['Altamira', 'Camargo', 'Casas', 'Matamoros', 'Nuevo Laredo', 'Río Bravo', 'San Carlos', 'San Fernando', 'Tula', 'Valle Hermoso']"
10,21,13,9.128821975351014,91.820321,"[6, 11, 18, 21, 22, 26, 29, 32, 34, 39]","['Camargo', 'González', 'Llera', 'Matamoros', 'Méndez', 'Nuevo Laredo', 'Padilla', 'Río Bravo', 'San Fernando', 'Valle Hermoso']"
10,21,14,21.57717291225917,60.344421,"[2, 6, 7, 21, 22, 26, 30, 32, 41, 42]","['Altamira', 'Camargo', 'Casas', 'Matamoros', 'Méndez', 'Nuevo Laredo', 'Palmillas', 'Río Bravo', 'Villagrán', 'Xicoténcatl']"
10,21,15,21.547299797007593,62.388018,"[2, 6, 7, 15, 16, 20, 21, 22, 26, 32]","['Altamira', 'Camargo', 'Casas', 'Hidalgo', 'Jaumave', 'El Mante', 'Matamoros', 'Méndez', 'Nuevo Laredo', 'Río Bravo']"
10,22,1,3.721808806322683,197.327862,"[2, 7, 11, 21, 22, 31, 32, 34, 36, 39]","['Altamira', 'Casas', 'González', 'Matamoros', 'Méndez', 'Reynosa', 'Río Bravo', 'San Fernando', 'Soto la Marina', 'Valle Hermoso']"
10,22,2,7.283771005422787,103.28924,"[6, 11, 21, 22, 26, 31, 32, 34, 39, 40]","['Camargo', 'González', 'Matamoros', 'Méndez', 'Nuevo Laredo', 'Reynosa', 'Río Bravo', 'San Fernando', 'Valle Hermoso', 'Victoria']"
10,22,3,3.9182121727592514,146.150389,"[2, 6, 7, 11, 21, 22, 31, 32, 34, 39]","['Altamira', 'Camargo', 'Casas', 'González', 'Matamoros', 'Méndez', 'Reynosa', 'Río Bravo', 'San Fernando', 'Valle Hermoso']"
10,22,4,4.080671554817162,129.804564,"[2, 7, 11, 21, 22, 24, 31, 32, 34, 39]","['Altamira', 'Casas', 'González', 'Matamoros', 'Méndez', 'Miguel Alemán', 'Reynosa', 'Río Bravo', 'San Fernando', 'Valle Hermoso']"
10,22,5,4.196939079436624,128.460678,"[2, 7, 11, 21, 22, 23, 31, 32, 34, 39]","['Altamira', 'Casas', 'González', 'Matamoros', 'Méndez', 'Mier', 'Reynosa', 'Río Bravo', 'San Fernando', 'Valle Hermoso']"
10,22,6,5.5995143367154245,122.698237,"[2, 11, 21, 22, 23, 31, 32, 34, 39, 40]","['Altamira', 'González', 'Matamoros', 'Méndez', 'Mier', 'Reynosa', 'Río Bravo', 'San Fernando', 'Valle Hermoso', 'Victoria']"
10,22,7,9.19957393460242,91.820321,"[11, 14, 18, 21, 22, 26, 29, 32, 34, 39]","['González', 'Gustavo Díaz Ordaz', 'Llera', 'Matamoros', 'Méndez', 'Nuevo Laredo', 'Padilla', 'Río Bravo', 'San Fernando', 'Valle Hermoso']"
10,22,8,5.138918504543778,125.23272,"[2, 11, 12, 21, 22, 23, 31, 32, 34, 39]","['Altamira', 'González', 'Güémez', 'Matamoros', 'Méndez', 'Mier', 'Reynosa', 'Río Bravo', 'San Fernando', 'Valle Hermoso']"
10,22,9,5.7324467559894,106.008269,"[2, 11, 13, 21, 22, 31, 32, 34, 39, 40]","['Altamira', 'González', 'Guerrero', 'Matamoros', 'Méndez', 'Reynosa', 'Río Bravo', 'San Fernando', 'Valle Hermoso', 'Victoria']"
10,22,10,8.614259057454806,99.762503,"[4, 6, 11, 21, 26, 31, 32, 34, 39, 40]","['Burgos', 'Camargo', 'González', 'Matamoros', 'Nuevo Laredo', 'Reynosa', 'Río Bravo', 'San Fernando', 'Valle Hermoso', 'Victoria']"
10,22,11,14.72528219341643,67.706109,"[2, 6, 7, 16, 20, 21, 26, 32, 33, 34]","['Altamira', 'Camargo', 'Casas', 'Jaumave', 'El Mante', 'Matamoros', 'Nuevo Laredo', 'Río Bravo', 'San Carlos', 'San Fernando']"
10,22,12,11.630545922439909,81.482774,"[2, 6, 7, 21, 26, 32, 33, 34, 38, 39]","['Altamira', 'Camargo', 'Casas', 'Matamoros', 'Nuevo Laredo', 'Río Bravo', 'San Carlos', 'San Fernando', 'Tula', 'Valle Hermoso']"
10,22,13,21.516279477723018,60.344421,"[2, 6, 7, 16, 20, 21, 22, 26, 32, 41]","['Altamira', 'Camargo', 'Casas', 'Jaumave', 'El Mante', 'Matamoros', 'Méndez', 'Nuevo Laredo', 'Río Bravo', 'Villagrán']"
10,22,14,10.668640302516568,89.54682,"[6, 7, 11, 18, 21, 26, 32, 33, 34, 39]","['Camargo', 'Casas', 'González', 'Llera', 'Matamoros', 'Nuevo Laredo', 'Río Bravo', 'San Carlos', 'San Fernando', 'Valle Hermoso']"
10,22,15,12.821036340114002,74.208543,"[2, 6, 7, 11, 21, 26, 32, 33, 34, 38]","['Altamira', 'Camargo', 'Casas', 'González', 'Matamoros', 'Nuevo Laredo', 'Río Bravo', 'San Carlos', 'San Fernando', 'Tula']"
10,23,1,5.138918504543778,125.23272,"[2, 11, 12, 21, 22, 23, 31, 32, 34, 39]","['Altamira', 'González', 'Güémez', 'Matamoros', 'Méndez', 'Mier', 'Reynosa', 'Río Bravo', 'San Fernando', 'Valle Hermoso']"
10,23,2,3.721808806322683,197.327862,"[2, 7, 11, 21, 22, 31, 32, 34, 36, 39]","['Altamira', 'Casas', 'González', 'Matamoros', 'Méndez', 'Reynosa', 'Río Bravo', 'San Fernando', 'Soto la Marina', 'Valle Hermoso']"
10,23,3,4.080671554817162,129.804564,"[2, 7, 11, 21, 22, 24, 31, 32, 34, 39]","['Altamira', 'Casas', 'González', 'Matamoros', 'Méndez', 'Miguel Alemán', 'Reynosa', 'Río Bravo', 'San Fernando', 'Valle Hermoso']"
10,23,4,5.7324467559894,106.008269,"[2, 11, 13, 21, 22, 31, 32, 34, 39, 40]","['Altamira', 'González', 'Guerrero', 'Matamoros', 'Méndez', 'Reynosa', 'Río Bravo', 'San Fernando', 'Valle Hermoso', 'Victoria']"
10,23,5,3.9182121727592514,146.150389,"[2, 6, 7, 11, 21, 22, 31, 32, 34, 39]","['Altamira', 'Camargo', 'Casas', 'González', 'Matamoros', 'Méndez', 'Reynosa', 'Río Bravo', 'San Fernando', 'Valle Hermoso']"
10,23,6,4.196939079436624,128.460678,"[2, 7, 11, 21, 22, 23, 31, 32, 34, 39]","['Altamira', 'Casas', 'González', 'Matamoros', 'Méndez', 'Mier', 'Reynosa', 'Río Bravo', 'San Fernando', 'Valle Hermoso']"
10,23,7,5.5995143367154245,122.698237,"[2, 11, 21, 22, 23, 31, 32, 34, 39, 40]","['Altamira', 'González', 'Matamoros', 'Méndez', 'Mier', 'Reynosa', 'Río Bravo', 'San Fernando', 'Valle Hermoso', 'Victoria']"
10,23,8,7.283771005422787,103.28924,"[6, 11, 21, 22, 26, 31, 32, 34, 39, 40]","['Camargo', 'González', 'Matamoros', 'Méndez', 'Nuevo Laredo', 'Reynosa', 'Río Bravo', 'San Fernando', 'Valle Hermoso', 'Victoria']"
10,23,9,8.685011016706213,99.762503,"[4, 11, 14, 21, 26, 31, 32, 34, 39, 40]","['Burgos', 'González', 'Gustavo Díaz Ordaz', 'Matamoros', 'Nuevo Laredo', 'Reynosa', 'Río Bravo', 'San Fernando', 'Valle Hermoso', 'Victoria']"
10,23,10,10.668640302516568,89.54682,"[6, 7, 11, 18, 21, 26, 32, 33, 34, 39]","['Camargo', 'Casas', 'González', 'Llera', 'Matamoros', 'Nuevo Laredo', 'Río Bravo', 'San Carlos', 'San Fernando', 'Valle Hermoso']"
10,23,11,14.72528219341643,67.706109,"[2, 6, 7, 16, 20, 21, 26, 32, 33, 34]","['Altamira', 'Camargo', 'Casas', 'Jaumave', 'El Mante', 'Matamoros', 'Nuevo Laredo', 'Río Bravo', 'San Carlos', 'San Fernando']"
10,23,12,21.34802425378478,60.344421,"[2, 6, 7, 9, 16, 20, 21, 26, 32, 41]","['Altamira', 'Camargo', 'Casas', 'Cruillas', 'Jaumave', 'El Mante', 'Matamoros', 'Nuevo Laredo', 'Río Bravo', 'Villagrán']"
10,23,13,11.630545922439909,81.482774,"[2, 6, 7, 21, 26, 32, 33, 34, 38, 39]","['Altamira', 'Camargo', 'Casas', 'Matamoros', 'Nuevo Laredo', 'Río Bravo', 'San Carlos', 'San Fernando', 'Tula', 'Valle Hermoso']"
10,23,14,12.821036340114002,74.208543,"[2, 6, 7, 11, 21, 26, 32, 33, 34, 38]","['Altamira', 'Camargo', 'Casas', 'González', 'Matamoros', 'Nuevo Laredo', 'Río Bravo', 'San Carlos', 'San Fernando', 'Tula']"
10,23,15,16.41414538143132,65.402652,"[2, 16, 17, 20, 21, 23, 26, 32, 34, 41]","['Altamira', 'Jaumave', 'Jiménez', 'El Mante', 'Matamoros', 'Mier', 'Nuevo Laredo', 'Río Bravo', 'San Fernando', 'Villagrán']"
10,23,16,9.19957393460242,91.820321,"[11, 14, 18, 21, 22, 26, 29, 32, 34, 39]","['González', 'Gustavo Díaz Ordaz', 'Llera', 'Matamoros', 'Méndez', 'Nuevo Laredo', 'Padilla', 'Río Bravo', 'San Fernando', 'Valle Hermoso']"
10,24,1,3.9182121727592514,146.150389,"[2, 6, 7, 11, 21, 22, 31, 32, 34, 39]","['Altamira', 'Camargo', 'Casas', 'González', 'Matamoros', 'Méndez', 'Reynosa', 'Río Bravo', 'San Fernando', 'Valle Hermoso']"
10,24,2,3.721808806322683,197.327862,"[2, 7, 11, 21, 22, 31, 32, 34, 36, 39]","['Altamira', 'Casas', 'González', 'Matamoros', 'Méndez', 'Reynosa', 'Río Bravo', 'San Fernando', 'Soto la Marina', 'Valle Hermoso']"
10,24,3,4.196939079436624,128.460678,"[2, 7, 11, 21, 22, 23, 31, 32, 34, 39]","['Altamira', 'Casas', 'González', 'Matamoros', 'Méndez', 'Mier', 'Reynosa', 'Río Bravo', 'San Fernando', 'Valle Hermoso']"
10,24,4,9.128821975351014,91.820321,"[6, 11, 18, 21, 22, 26, 29, 32, 34, 39]","['Camargo', 'González', 'Llera', 'Matamoros', 'Méndez', 'Nuevo Laredo', 'Padilla', 'Río Bravo', 'San Fernando', 'Valle Hermoso']"
10,24,5,4.080671554817162,129.804564,"[2, 7, 11, 21, 22, 24, 31, 32, 34, 39]","['Altamira', 'Casas', 'González', 'Matamoros', 'Méndez', 'Miguel Alemán', 'Reynosa', 'Río Bravo', 'San Fernando', 'Valle Hermoso']"
10,24,6,5.7324467559894,106.008269,"[2, 11, 13, 21, 22, 31, 32, 34, 39, 40]","['Altamira', 'González', 'Guerrero', 'Matamoros', 'Méndez', 'Reynosa', 'Río Bravo', 'San Fernando', 'Valle Hermoso', 'Victoria']"
10,24,7,5.138918504543778,125.23272,"[2, 11, 12, 21, 22, 23, 31, 32, 34, 39]","['Altamira', 'González', 'Güémez', 'Matamoros', 'Méndez', 'Mier', 'Reynosa', 'Río Bravo', 'San Fernando', 'Valle Hermoso']"
10,24,8,5.5995143367154245,122.698237,"[2, 11, 21, 22, 23, 31, 32, 34, 39, 40]","['Altamira', 'González', 'Matamoros', 'Méndez', 'Mier', 'Reynosa', 'Río Bravo', 'San Fernando', 'Valle Hermoso', 'Victoria']"
10,24,9,7.283771005422787,103.28924,"[6, 11, 21, 22, 26, 31, 32, 34, 39, 40]","['Camargo', 'González', 'Matamoros', 'Méndez', 'Nuevo Laredo', 'Reynosa', 'Río Bravo', 'San Fernando', 'Valle Hermoso', 'Victoria']"
10,24,10,21.61403385374169,62.388018,"[2, 6, 7, 15, 16, 21, 22, 26, 32, 42]","['Altamira', 'Camargo', 'Casas', 'Hidalgo', 'Jaumave', 'Matamoros', 'Méndez', 'Nuevo Laredo', 'Río Bravo', 'Xicoténcatl']"
10,24,11,10.668640302516568,89.54682,"[6, 7, 11, 18, 21, 26, 32, 33, 34, 39]","['Camargo', 'Casas', 'González', 'Llera', 'Matamoros', 'Nuevo Laredo', 'Río Bravo', 'San Carlos', 'San Fernando', 'Valle Hermoso']"
10,24,12,11.40444728295083,81.44207,"[1, 6, 7, 15, 21, 26, 28, 32, 34, 39]","['Aldama', 'Camargo', 'Casas', 'Hidalgo', 'Matamoros', 'Nuevo Laredo', 'Ocampo', 'Río Bravo', 'San Fernando', 'Valle Hermoso']"
10,24,13,14.774842752356475,67.706109,"[2, 6, 7, 21, 26, 32, 33, 34, 38, 42]","['Altamira', 'Camargo', 'Casas', 'Matamoros', 'Nuevo Laredo', 'Río Bravo', 'San Carlos', 'San Fernando', 'Tula', 'Xicoténcatl']"
10,24,14,13.91699016408777,81.262904,"[1, 6, 7, 11, 21, 26, 32, 34, 35, 38]","['Aldama', 'Camargo', 'Casas', 'González', 'Matamoros', 'Nuevo Laredo', 'Río Bravo', 'San Fernando', 'San Nicolás', 'Tula']"
10,24,15,24.24437185982542,60.344421,"[2, 6, 7, 16, 22, 26, 32, 34, 41, 42]","['Altamira', 'Camargo', 'Casas', 'Jaumave', 'Méndez', 'Nuevo Laredo', 'Río Bravo', 'San Fernando', 'Villagrán', 'Xicoténcatl']"
10,24,16,32.09571402629025,59.942255,"[2, 7, 11, 13, 16, 22, 26, 28, 32, 41]","['Altamira', 'Casas', 'González', 'Guerrero', 'Jaumave', 'Méndez', 'Nuevo Laredo', 'Ocampo', 'Río Bravo', 'Villagrán']"
10,24,17,14.621839598822165,79.739177,"[2, 6, 7, 18, 21, 26, 32, 33, 34, 42]","['Altamira', 'Camargo', 'Casas', 'Llera', 'Matamoros', 'Nuevo Laredo', 'Río Bravo', 'San Carlos', 'San Fernando', 'Xicoténcatl']"
10,25,1,3.9182121727592514,146.150389,"[2, 6, 7, 11, 21, 22, 31, 32, 34, 39]","['Altamira', 'Camargo', 'Casas', 'González', 'Matamoros', 'Méndez', 'Reynosa', 'Río Bravo', 'San Fernando', 'Valle Hermoso']"
10,25,2,3.721808806322683,197.327862,"[2, 7, 11, 21, 22, 31, 32, 34, 36, 39]","['Altamira', 'Casas', 'González', 'Matamoros', 'Méndez', 'Reynosa', 'Río Bravo', 'San Fernando', 'Soto la Marina', 'Valle Hermoso']"
10,25,3,4.080671554817162,129.804564,"[2, 7, 11, 21, 22, 24, 31, 32, 34, 39]","['Altamira', 'Casas', 'González', 'Matamoros', 'Méndez', 'Miguel Alemán', 'Reynosa', 'Río Bravo', 'San Fernando', 'Valle Hermoso']"
10,25,4,7.283771005422787,103.28924,"[6, 11, 21, 22, 26, 31, 32, 34, 39, 40]","['Camargo', 'González', 'Matamoros', 'Méndez', 'Nuevo Laredo', 'Reynosa', 'Río Bravo', 'San Fernando', 'Valle Hermoso', 'Victoria']"
10,25,5,4.196939079436624,128.460678,"[2, 7, 11, 21, 22, 23, 31, 32, 34, 39]","['Altamira', 'Casas', 'González', 'Matamoros', 'Méndez', 'Mier', 'Reynosa', 'Río Bravo', 'San Fernando', 'Valle Hermoso']"
10,25,6,13.246386565980444,74.208543,"[2, 6, 7, 11, 15, 21, 26, 32, 34, 38]","['Altamira', 'Camargo', 'Casas', 'González', 'Hidalgo', 'Matamoros', 'Nuevo Laredo', 'Río Bravo', 'San Fernando', 'Tula']"
10,25,7,5.7324467559894,106.008269,"[2, 11, 13, 21, 22, 31, 32, 34, 39, 40]","['Altamira', 'González', 'Guerrero', 'Matamoros', 'Méndez', 'Reynosa', 'Río Bravo', 'San Fernando', 'Valle Hermoso', 'Victoria']"
10,25,8,8.685011016706213,99.762503,"[4, 11, 14, 21, 26, 31, 32, 34, 39, 40]","['Burgos', 'González', 'Gustavo Díaz Ordaz', 'Matamoros', 'Nuevo Laredo', 'Reynosa', 'Río Bravo', 'San Fernando', 'Valle Hermoso', 'Victoria']"
10,25,9,5.138918504543778,125.23272,"[2, 11, 12, 21, 22, 23, 31, 32, 34, 39]","['Altamira', 'González', 'Güémez', 'Matamoros', 'Méndez', 'Mier', 'Reynosa', 'Río Bravo', 'San Fernando', 'Valle Hermoso']"
10,25,10,14.792016250150528,67.706109,"[2, 6, 7, 16, 21, 26, 32, 33, 34, 42]","['Altamira', 'Camargo', 'Casas', 'Jaumave', 'Matamoros', 'Nuevo Laredo', 'Río Bravo', 'San Carlos', 'San Fernando', 'Xicoténcatl']"
10,25,11,9.128821975351014,91.820321,"[6, 11, 18, 21, 22, 26, 29, 32, 34, 39]","['Camargo', 'González', 'Llera', 'Matamoros', 'Méndez', 'Nuevo Laredo', 'Padilla', 'Río Bravo', 'San Fernando', 'Valle Hermoso']"
10,25,12,11.565546272368262,81.482774,"[1, 6, 7, 15, 21, 26, 32, 34, 38, 39]","['Aldama', 'Camargo', 'Casas', 'Hidalgo', 'Matamoros', 'Nuevo Laredo', 'Río Bravo', 'San Fernando', 'Tula', 'Valle Hermoso']"
10,25,13,11.062970209098436,89.54682,"[6, 7, 11, 18, 21, 26, 32, 34, 39, 41]","['Camargo', 'Casas', 'González', 'Llera', 'Matamoros', 'Nuevo Laredo', 'Río Bravo', 'San Fernando', 'Valle Hermoso', 'Villagrán']"
10,25,14,11.894797158888919,81.44207,"[2, 6, 7, 15, 21, 26, 28, 32, 34, 39]","['Altamira', 'Camargo', 'Casas', 'Hidalgo', 'Matamoros', 'Nuevo Laredo', 'Ocampo', 'Río Bravo', 'San Fernando', 'Valle Hermoso']"
10,25,15,16.05478877674919,65.402652,"[2, 6, 16, 17, 21, 26, 32, 34, 41, 42]","['Altamira', 'Camargo', 'Jaumave', 'Jiménez', 'Matamoros', 'Nuevo Laredo', 'Río Bravo', 'San Fernando', 'Villagrán', 'Xicoténcatl']"
10,25,16,5.5995143367154245,122.698237,"[2, 11, 21, 22, 23, 31, 32, 34, 39, 40]","['Altamira', 'González', 'Matamoros', 'Méndez', 'Mier', 'Reynosa', 'Río Bravo', 'San Fernando', 'Valle Hermoso', 'Victoria']"
10,25,17,21.583013534457116,60.344421,"[2, 6, 7, 16, 21, 22, 26, 32, 41, 42]","['Altamira', 'Camargo', 'Casas', 'Jaumave', 'Matamoros', 'Méndez', 'Nuevo Laredo', 'Río Bravo', 'Villagrán', 'Xicoténcatl']"
10,26,1,5.7324467559894,106.008269,"[2, 11, 13, 21, 22, 31, 32, 34, 39, 40]","['Altamira', 'González', 'Guerrero', 'Matamoros', 'Méndez', 'Reynosa', 'Río Bravo', 'San Fernando', 'Valle Hermoso', 'Victoria']"
10,26,2,3.9182121727592514,146.150389,"[2, 6, 7, 11, 21, 22, 31, 32, 34, 39]","['Altamira', 'Camargo', 'Casas', 'González', 'Matamoros', 'Méndez', 'Reynosa', 'Río Bravo', 'San Fernando', 'Valle Hermoso']"
10,26,3,4.196939079436624,128.460678,"[2, 7, 11, 21, 22, 23, 31, 32, 34, 39]","['Altamira', 'Casas', 'González', 'Matamoros', 'Méndez', 'Mier', 'Reynosa', 'Río Bravo', 'San Fernando', 'Valle Hermoso']"
10,26,4,3.721808806322683,197.327862,"[2, 7, 11, 21, 22, 31, 32, 34, 36, 39]","['Altamira', 'Casas', 'González', 'Matamoros', 'Méndez', 'Reynosa', 'Río Bravo', 'San Fernando', 'Soto la Marina', 'Valle Hermoso']"
10,26,5,4.080671554817162,129.804564,"[2, 7, 11, 21, 22, 24, 31, 32, 34, 39]","['Altamira', 'Casas', 'González', 'Matamoros', 'Méndez', 'Miguel Alemán', 'Reynosa', 'Río Bravo', 'San Fernando', 'Valle Hermoso']"
10,26,6,7.283771005422787,103.28924,"[6, 11, 21, 22, 26, 31, 32, 34, 39, 40]","['Camargo', 'González', 'Matamoros', 'Méndez', 'Nuevo Laredo', 'Reynosa', 'Río Bravo', 'San Fernando', 'Valle Hermoso', 'Victoria']"
10,26,7,5.5995143367154245,122.698237,"[2, 11, 21, 22, 23, 31, 32, 34, 39, 40]","['Altamira', 'González', 'Matamoros', 'Méndez', 'Mier', 'Reynosa', 'Río Bravo', 'San Fernando', 'Valle Hermoso', 'Victoria']"
10,26,8,11.475199242202237,81.44207,"[1, 7, 14, 15, 21, 26, 28, 32, 34, 39]","['Aldama', 'Casas', 'Gustavo Díaz Ordaz', 'Hidalgo', 'Matamoros', 'Nuevo Laredo', 'Ocampo', 'Río Bravo', 'San Fernando', 'Valle Hermoso']"
10,26,9,16.105000288678262,65.402652,"[2, 6, 15, 17, 21, 26, 32, 34, 38, 42]","['Altamira', 'Camargo', 'Hidalgo', 'Jiménez', 'Matamoros', 'Nuevo Laredo', 'Río Bravo', 'San Fernando', 'Tula', 'Xicoténcatl']"
10,26,10,5.138918504543778,125.23272,"[2, 11, 12, 21, 22, 23, 31, 32, 34, 39]","['Altamira', 'González', 'Güémez', 'Matamoros', 'Méndez', 'Mier', 'Reynosa', 'Río Bravo', 'San Fernando', 'Valle Hermoso']"
10,26,11,9.19957393460242,91.820321,"[11, 14, 18, 21, 22, 26, 29, 32, 34, 39]","['González', 'Gustavo Díaz Ordaz', 'Llera', 'Matamoros', 'Méndez', 'Nuevo Laredo', 'Padilla', 'Río Bravo', 'San Fernando', 'Valle Hermoso']"
10,26,12,21.40274123119529,60.344421,"[2, 6, 7, 9, 15, 20, 21, 26, 30, 32]","['Altamira', 'Camargo', 'Casas', 'Cruillas', 'Hidalgo', 'El Mante', 'Matamoros', 'Nuevo Laredo', 'Palmillas', 'Río Bravo']"
10,26,13,10.815572917395006,89.54682,"[6, 7, 11, 18, 21, 26, 32, 34, 35, 39]","['Camargo', 'Casas', 'González', 'Llera', 'Matamoros', 'Nuevo Laredo', 'Río Bravo', 'San Fernando', 'San Nicolás', 'Valle Hermoso']"
10,26,14,21.393468200215406,64.305504,"[2, 6, 7, 9, 15, 20, 21, 26, 32, 38]","['Altamira', 'Camargo', 'Casas', 'Cruillas', 'Hidalgo', 'El Mante', 'Matamoros', 'Nuevo Laredo', 'Río Bravo', 'Tula']"
10,26,15,12.821036340114002,74.208543,"[2, 6, 7, 11, 21, 26, 32, 33, 34, 38]","['Altamira', 'Camargo', 'Casas', 'González', 'Matamoros', 'Nuevo Laredo', 'Río Bravo', 'San Carlos', 'San Fernando', 'Tula']"
10,26,16,14.78890012531854,67.706109,"[2, 6, 7, 20, 21, 26, 32, 33, 34, 38]","['Altamira', 'Camargo', 'Casas', 'El Mante', 'Matamoros', 'Nuevo Laredo', 'Río Bravo', 'San Carlos', 'San Fernando', 'Tula']"
10,27,1,7.283771005422787,103.28924,"[6, 11, 21, 22, 26, 31, 32, 34, 39, 40]","['Camargo', 'González', 'Matamoros', 'Méndez', 'Nuevo Laredo', 'Reynosa', 'Río Bravo', 'San Fernando', 'Valle Hermoso', 'Victoria']"
10,27,2,5.138918504543778,125.23272,"[2, 11, 12, 21, 22, 23, 31, 32, 34, 39]","['Altamira', 'González', 'Güémez', 'Matamoros', 'Méndez', 'Mier', 'Reynosa', 'Río Bravo', 'San Fernando', 'Valle Hermoso']"
10,27,3,5.5995143367154245,122.698237,"[2, 11, 21, 22, 23, 31, 32, 34, 39, 40]","['Altamira', 'González', 'Matamoros', 'Méndez', 'Mier', 'Reynosa', 'Río Bravo', 'San Fernando', 'Valle Hermoso', 'Victoria']"
10,27,4,4.196939079436624,128.460678,"[2, 7, 11, 21, 22, 23, 31, 32, 34, 39]","['Altamira', 'Casas', 'González', 'Matamoros', 'Méndez', 'Mier', 'Reynosa', 'Río Bravo', 'San Fernando', 'Valle Hermoso']"
10,27,5,5.7324467559894,106.008269,"[2, 11, 13, 21, 22, 31, 32, 34, 39, 40]","['Altamira', 'González', 'Guerrero', 'Matamoros', 'Méndez', 'Reynosa', 'Río Bravo', 'San Fernando', 'Valle Hermoso', 'Victoria']"
10,27,6,3.9182121727592514,146.150389,"[2, 6, 7, 11, 21, 22, 31, 32, 34, 39]","['Altamira', 'Camargo', 'Casas', 'González', 'Matamoros', 'Méndez', 'Reynosa', 'Río Bravo', 'San Fernando', 'Valle Hermoso']"
10,27,7,4.080671554817162,129.804564,"[2, 7, 11, 21, 22, 24, 31, 32, 34, 39]","['Altamira', 'Casas', 'González', 'Matamoros', 'Méndez', 'Miguel Alemán', 'Reynosa', 'Río Bravo', 'San Fernando', 'Valle Hermoso']"
10,27,8,3.721808806322683,197.327862,"[2, 7, 11, 21, 22, 31, 32, 34, 36, 39]","['Altamira', 'Casas', 'González', 'Matamoros', 'Méndez', 'Reynosa', 'Río Bravo', 'San Fernando', 'Soto la Marina', 'Valle Hermoso']"
10,27,9,9.315101706168344,91.820321,"[6, 11, 16, 21, 22, 26, 29, 32, 34, 39]","['Camargo', 'González', 'Jaumave', 'Matamoros', 'Méndez', 'Nuevo Laredo', 'Padilla', 'Río Bravo', 'San Fernando', 'Valle Hermoso']"
10,27,10,8.614259057454806,99.762503,"[4, 6, 11, 21, 26, 31, 32, 34, 39, 40]","['Burgos', 'Camargo', 'González', 'Matamoros', 'Nuevo Laredo', 'Reynosa', 'Río Bravo', 'San Fernando', 'Valle Hermoso', 'Victoria']"
10,27,11,15.996314245398324,65.402652,"[2, 6, 15, 16, 17, 20, 21, 26, 32, 34]","['Altamira', 'Camargo', 'Hidalgo', 'Jaumave', 'Jiménez', 'El Mante', 'Matamoros', 'Nuevo Laredo', 'Río Bravo', 'San Fernando']"
10,27,12,12.821036340114002,74.208543,"[2, 6, 7, 11, 21, 26, 32, 33, 34, 38]","['Altamira', 'Camargo', 'Casas', 'González', 'Matamoros', 'Nuevo Laredo', 'Río Bravo', 'San Carlos', 'San Fernando', 'Tula']"
10,27,13,10.918358118892815,89.54682,"[6, 7, 11, 21, 26, 32, 33, 34, 38, 39]","['Camargo', 'Casas', 'González', 'Matamoros', 'Nuevo Laredo', 'Río Bravo', 'San Carlos', 'San Fernando', 'Tula', 'Valle Hermoso']"
10,27,14,21.583013534457116,60.344421,"[2, 6, 7, 16, 21, 22, 26, 32, 41, 42]","['Altamira', 'Camargo', 'Casas', 'Jaumave', 'Matamoros', 'Méndez', 'Nuevo Laredo', 'Río Bravo', 'Villagrán', 'Xicoténcatl']"
10,27,15,21.56584003666306,64.305504,"[2, 6, 7, 21, 22, 26, 32, 38, 41, 42]","['Altamira', 'Camargo', 'Casas', 'Matamoros', 'Méndez', 'Nuevo Laredo', 'Río Bravo', 'Tula', 'Villagrán', 'Xicoténcatl']"
10,27,16,11.383781033348415,81.482774,"[1, 7, 21, 24, 26, 32, 33, 34, 38, 39]","['Aldama', 'Casas', 'Matamoros', 'Miguel Alemán', 'Nuevo Laredo', 'Río Bravo', 'San Carlos', 'San Fernando', 'Tula', 'Valle Hermoso']"
10,27,17,14.72528219341643,67.706109,"[2, 6, 7, 16, 20, 21, 26, 32, 33, 34]","['Altamira', 'Camargo', 'Casas', 'Jaumave', 'El Mante', 'Matamoros', 'Nuevo Laredo', 'Río Bravo', 'San Carlos', 'San Fernando']"
10,28,1,3.9182121727592514,146.150389,"[2, 6, 7, 11, 21, 22, 31, 32, 34, 39]","['Altamira', 'Camargo', 'Casas', 'González', 'Matamoros', 'Méndez', 'Reynosa', 'Río Bravo', 'San Fernando', 'Valle Hermoso']"
10,28,2,4.196939079436624,128.460678,"[2, 7, 11, 21, 22, 23, 31, 32, 34, 39]","['Altamira', 'Casas', 'González', 'Matamoros', 'Méndez', 'Mier', 'Reynosa', 'Río Bravo', 'San Fernando', 'Valle Hermoso']"
10,28,3,7.283771005422787,103.28924,"[6, 11, 21, 22, 26, 31, 32, 34, 39, 40]","['Camargo', 'González', 'Matamoros', 'Méndez', 'Nuevo Laredo', 'Reynosa', 'Río Bravo', 'San Fernando', 'Valle Hermoso', 'Victoria']"
10,28,4,5.7324467559894,106.008269,"[2, 11, 13, 21, 22, 31, 32, 34, 39, 40]","['Altamira', 'González', 'Guerrero', 'Matamoros', 'Méndez', 'Reynosa', 'Río Bravo', 'San Fernando', 'Valle Hermoso', 'Victoria']"
10,28,5,5.138918504543778,125.23272,"[2, 11, 12, 21, 22, 23, 31, 32, 34, 39]","['Altamira', 'González', 'Güémez', 'Matamoros', 'Méndez', 'Mier', 'Reynosa', 'Río Bravo', 'San Fernando', 'Valle Hermoso']"
10,28,6,3.721808806322683,197.327862,"[2, 7, 11, 21, 22, 31, 32, 34, 36, 39]","['Altamira', 'Casas', 'González', 'Matamoros', 'Méndez', 'Reynosa', 'Río Bravo', 'San Fernando', 'Soto la Marina', 'Valle Hermoso']"
10,28,7,5.5995143367154245,122.698237,"[2, 11, 21, 22, 23, 31, 32, 34, 39, 40]","['Altamira', 'González', 'Matamoros', 'Méndez', 'Mier', 'Reynosa', 'Río Bravo', 'San Fernando', 'Valle Hermoso', 'Victoria']"
10,28,8,4.080671554817162,129.804564,"[2, 7, 11, 21, 22, 24, 31, 32, 34, 39]","['Altamira', 'Casas', 'González', 'Matamoros', 'Méndez', 'Miguel Alemán', 'Reynosa', 'Río Bravo', 'San Fernando', 'Valle Hermoso']"
10,28,9,21.516279477723018,60.344421,"[2, 6, 7, 16, 20, 21, 22, 26, 32, 41]","['Altamira', 'Camargo', 'Casas', 'Jaumave', 'El Mante', 'Matamoros', 'Méndez', 'Nuevo Laredo', 'Río Bravo', 'Villagrán']"
10,28,10,14.78617562795258,67.706109,"[2, 6, 7, 21, 26, 30, 32, 33, 34, 42]","['Altamira', 'Camargo', 'Casas', 'Matamoros', 'Nuevo Laredo', 'Palmillas', 'Río Bravo', 'San Carlos', 'San Fernando', 'Xicoténcatl']"
10,28,11,9.128821975351014,91.820321,"[6, 11, 18, 21, 22, 26, 29, 32, 34, 39]","['Camargo', 'González', 'Llera', 'Matamoros', 'Méndez', 'Nuevo Laredo', 'Padilla', 'Río Bravo', 'San Fernando', 'Valle Hermoso']"
10,28,12,10.936919537086922,89.54682,"[5, 6, 7, 11, 21, 26, 32, 33, 34, 39]","['Bustamante', 'Camargo', 'Casas', 'González', 'Matamoros', 'Nuevo Laredo', 'Río Bravo', 'San Carlos', 'San Fernando', 'Valle Hermoso']"
10,28,13,15.996314245398324,65.402652,"[2, 6, 15, 16, 17, 20, 21, 26, 32, 34]","['Altamira', 'Camargo', 'Hidalgo', 'Jaumave', 'Jiménez', 'El Mante', 'Matamoros', 'Nuevo Laredo', 'Río Bravo', 'San Fernando']"
10,28,14,8.97079739603194,101.132136,"[4, 6, 11, 18, 21, 26, 31, 32, 34, 39]","['Burgos', 'Camargo', 'González', 'Llera', 'Matamoros', 'Nuevo Laredo', 'Reynosa', 'Río Bravo', 'San Fernando', 'Valle Hermoso']"
10,28,15,12.821036340114002,74.208543,"[2, 6, 7, 11, 21, 26, 32, 33, 34, 38]","['Altamira', 'Camargo', 'Casas', 'González', 'Matamoros', 'Nuevo Laredo', 'Río Bravo', 'San Carlos', 'San Fernando', 'Tula']"
10,28,16,11.648032269797424,81.44207,"[1, 7, 15, 21, 24, 26, 28, 32, 34, 39]","['Aldama', 'Casas', 'Hidalgo', 'Matamoros', 'Miguel Alemán', 'Nuevo Laredo', 'Ocampo', 'Río Bravo', 'San Fernando', 'Valle Hermoso']"
10,29,1,9.248905332630365,93.902475,"[6, 11, 12, 18, 21, 22, 26, 32, 34, 39]","['Camargo', 'González', 'Güémez', 'Llera', 'Matamoros', 'Méndez', 'Nuevo Laredo', 'Río Bravo', 'San Fernando', 'Valle Hermoso']"
10,29,2,3.721808806322683,197.327862,"[2, 7, 11, 21, 22, 31, 32, 34, 36, 39]","['Altamira', 'Casas', 'González', 'Matamoros', 'Méndez', 'Reynosa', 'Río Bravo', 'San Fernando', 'Soto la Marina', 'Valle Hermoso']"
10,29,3,3.9182121727592514,146.150389,"[2, 6, 7, 11, 21, 22, 31, 32, 34, 39]","['Altamira', 'Camargo', 'Casas', 'González', 'Matamoros', 'Méndez', 'Reynosa', 'Río Bravo', 'San Fernando', 'Valle Hermoso']"
10,29,4,7.283771005422787,103.28924,"[6, 11, 21, 22, 26, 31, 32, 34, 39, 40]","['Camargo', 'González', 'Matamoros', 'Méndez', 'Nuevo Laredo', 'Reynosa', 'Río Bravo', 'San Fernando', 'Valle Hermoso', 'Victoria']"
10,29,5,4.080671554817162,129.804564,"[2, 7, 11, 21, 22, 24, 31, 32, 34, 39]","['Altamira', 'Casas', 'González', 'Matamoros', 'Méndez', 'Miguel Alemán', 'Reynosa', 'Río Bravo', 'San Fernando', 'Valle Hermoso']"
10,29,6,4.196939079436624,128.460678,"[2, 7, 11, 21, 22, 23, 31, 32, 34, 39]","['Altamira', 'Casas', 'González', 'Matamoros', 'Méndez', 'Mier', 'Reynosa', 'Río Bravo', 'San Fernando', 'Valle Hermoso']"
10,29,7,5.7324467559894,106.008269,"[2, 11, 13, 21, 22, 31, 32, 34, 39, 40]","['Altamira', 'González', 'Guerrero', 'Matamoros', 'Méndez', 'Reynosa', 'Río Bravo', 'San Fernando', 'Valle Hermoso', 'Victoria']"
10,29,8,10.668640302516568,89.54682,"[6, 7, 11, 18, 21, 26, 32, 33, 34, 39]","['Camargo', 'Casas', 'González', 'Llera', 'Matamoros', 'Nuevo Laredo', 'Río Bravo', 'San Carlos', 'San Fernando', 'Valle Hermoso']"
10,29,9,5.5995143367154245,122.698237,"[2, 11, 21, 22, 23, 31, 32, 34, 39, 40]","['Altamira', 'González', 'Matamoros', 'Méndez', 'Mier', 'Reynosa', 'Río Bravo', 'San Fernando', 'Valle Hermoso', 'Victoria']"
10,29,10,5.138918504543778,125.23272,"[2, 11, 12, 21, 22, 23, 31, 32, 34, 39]","['Altamira', 'González', 'Güémez', 'Matamoros', 'Méndez', 'Mier', 'Reynosa', 'Río Bravo', 'San Fernando', 'Valle Hermoso']"
10,29,11,21.45197848727911,60.344421,"[2, 6, 7, 9, 19, 20, 21, 26, 30, 32]","['Altamira', 'Camargo', 'Casas', 'Cruillas', 'Mainero', 'El Mante', 'Matamoros', 'Nuevo Laredo', 'Palmillas', 'Río Bravo']"
10,29,12,9.677215849282195,92.781591,"[4, 6, 7, 11, 18, 21, 26, 32, 34, 39]","['Burgos', 'Camargo', 'Casas', 'González', 'Llera', 'Matamoros', 'Nuevo Laredo', 'Río Bravo', 'San Fernando', 'Valle Hermoso']"
10,29,13,12.821036340114002,74.208543,"[2, 6, 7, 11, 21, 26, 32, 33, 34, 38]","['Altamira', 'Camargo', 'Casas', 'González', 'Matamoros', 'Nuevo Laredo', 'Río Bravo', 'San Carlos', 'San Fernando', 'Tula']"
10,29,14,21.442705456299223,64.305504,"[2, 6, 7, 9, 19, 20, 21, 26, 32, 38]","['Altamira', 'Camargo', 'Casas', 'Cruillas', 'Mainero', 'El Mante', 'Matamoros', 'Nuevo Laredo', 'Río Bravo', 'Tula']"
10,29,15,14.72528219341643,67.706109,"[2, 6, 7, 16, 20, 21, 26, 32, 33, 34]","['Altamira', 'Camargo', 'Casas', 'Jaumave', 'El Mante', 'Matamoros', 'Nuevo Laredo', 'Río Bravo', 'San Carlos', 'San Fernando']"
10,29,16,31.341993731970916,59.942255,"[2, 6, 7, 9, 11, 19, 20, 26, 30, 32]","['Altamira', 'Camargo', 'Casas', 'Cruillas', 'González', 'Mainero', 'El Mante', 'Nuevo Laredo', 'Palmillas', 'Río Bravo']"
10,29,17,8.614259057454806,99.762503,"[4, 6, 11, 21, 26, 31, 32, 34, 39, 40]","['Burgos', 'Camargo', 'González', 'Matamoros', 'Nuevo Laredo', 'Reynosa', 'Río Bravo', 'San Fernando', 'Valle Hermoso', 'Victoria']"
10,29,18,11.140196046501819,81.482774,"[1, 6, 7, 21, 26, 32, 33, 34, 38, 39]","['Aldama', 'Camargo', 'Casas', 'Matamoros', 'Nuevo Laredo', 'Río Bravo', 'San Carlos', 'San Fernando', 'Tula', 'Valle Hermoso']"
